date,mvrv_z,mvrv,CapMrktCurUSD,cap_realizado
2011-01-01,,3.49431915,1508925.0,431822.31937801105
2011-01-02,,3.46374621,1511398.845,436348.03284274106
2011-01-03,,3.38619201,1488658.5,439626.1333095521
2011-01-04,,3.41744847,1510698.9825,442054.6485957694
2011-01-05,,3.39994438,1512830.351059409,444957.3822320614
2011-01-06,,3.37409013,1510293.8,447615.13232013164
2011-01-07,,3.59662517,1624416.0,451650.06727681885
2011-01-08,,3.60311438,1641881.92,455684.0962678515
2011-01-09,,3.58303029,1645022.85,459114.97164596955
2011-01-10,,3.56790627,1665951.9195,466927.0416400261
2011-01-11,,3.47434474,1668760.5935,480309.44491133024
2011-01-12,,3.37613389,1631616.4616808898,483279.5483951881
2011-01-13,,3.31520101,1628462.24,491210.70942241297
2011-01-14,,4.10741466,2054528.6655201616,500199.96411079704
2011-01-15,,3.93479597,1985699.8,504651.27420571184
2011-01-16,,3.89072744,1993128.87,512276.6631013351
2011-01-17,,3.48443916,1804136.475,517769.5440089131
2011-01-18,,3.11008305,1617876.609,520203.6675515787
2011-01-19,,3.07260733,1620521.3745,527409.2002182394
2011-01-20,,3.78751517,2022871.5,534089.3459708572
2011-01-21,,4.03324208,2181663.4005,540920.5193306919
2011-01-22,,4.1752733,2289856.885448276,548432.814074297
2011-01-23,,4.11467439,2305921.52,560414.0939084125
2011-01-24,,3.8538566,2192591.83,568934.4616507008
2011-01-25,,3.73958941,2144095.0,573350.3775217932
2011-01-26,,3.28267628,2174423.4521884862,662393.5066142088
2011-01-27,,3.29852211,2209825.8,669944.2132889022
2011-01-28,,3.44964227,2335496.9629924037,677025.8421585272
2011-01-29,,3.35970677,2310215.55,687624.1613192927
2011-01-30,,3.62408311,2514657.804152542,693874.2097866905
2011-01-31,,3.88967746,2772066.2538391287,712672.5242249594
2011-02-01,,5.02344554,3740570.612495323,744622.5071438365
2011-02-02,,4.95514811,3841068.5658988873,775167.2564836589
2011-02-03,,4.68663449,3679638.958740473,785134.6134612842
2011-02-04,,5.36029838,4308260.083308008,803735.124033899
2011-02-05,,5.79068626,4851459.767508475,837803.9406176488
2011-02-06,,5.59155797,4786654.3,856050.1966860588
2011-02-07,,5.25293615,4749954.826266509,904247.5847086983
2011-02-08,,5.35492291,4910290.2,916967.4862789015
2011-02-09,,5.69602563,5444505.240353621,955842.8269139689
2011-02-10,,5.38116292,5258581.175754528,977220.2131643557
2011-02-11,,5.62034798,5667836.858608103,1008449.4552253869
2011-02-12,,5.66318761,5810866.7208188865,1026077.0295792632
2011-02-13,,5.42738984,5666640.0,1044081.9928276978
2011-02-14,,5.31812686,5785130.253980148,1087813.5114625958
2011-02-15,,5.15817185,5688742.5,1102860.2119954573
2011-02-16,,5.01369832,5601496.39657908,1117238.4214331987
2011-02-17,,5.00090272,5658222.117843977,1131440.1488385636
2011-02-18,,4.27713788,4900748.064413793,1145800.813981193
2011-02-19,,4.46173899,5154063.108382349,1155169.1212628172
2011-02-20,,4.04564986,4731160.75,1169443.9493584845
2011-02-21,,3.8865163,4579269.097085039,1178245.1799018672
2011-02-22,,4.03903963,4814783.961983051,1192061.5797431655
2011-02-23,,4.11116115,4951755.0,1204466.2856380611
2011-02-24,,4.46075117,5452189.834365869,1222258.2310875389
2011-02-25,,4.09708361,5052126.064284776,1233102.9935424665
2011-02-26,,4.20136279,5304781.3,1262633.4751729448
2011-02-27,,3.85737612,4967031.020867007,1287670.9105740527
2011-02-28,,3.66264324,4780290.6825832855,1305147.7769872246
2011-03-01,,3.45556491,5124568.612797254,1482990.1177568254
2011-03-02,,3.49629585,5237075.805,1497892.635430151
2011-03-03,,3.4729141,5241203.321109728,1509165.8388872123
2011-03-04,,3.31231304,5039221.53,1521360.2908739569
2011-03-05,,3.30711769,5089490.617042488,1538950.558799886
2011-03-06,,3.2074455,4972280.153261108,1550230.5972965427
2011-03-07,,3.17308684,4941148.190155928,1557205.4719296393
2011-03-08,,3.11400943,4884427.257975895,1568533.2263030093
2011-03-09,,3.08389438,4857065.0,1574977.739672135
2011-03-10,,3.286687,5204779.428652833,1583594.4915511678
2011-03-11,,3.13277134,4980580.0,1589831.9600944766
2011-03-12,,3.23180751,5201031.059143924,1609325.7544116308
2011-03-13,,3.12541924,5062738.774,1619859.0925676904
2011-03-14,,3.09976092,5075884.496938982,1637508.3846592214
2011-03-15,,3.0094772,4957637.712,1647341.8413005422
2011-03-16,,2.90524469,4843905.104790184,1667296.775883681
2011-03-17,,2.80330055,4702954.263,1677648.963825873
2011-03-18,,2.72116816,4574094.637082555,1680930.5298804303
2011-03-19,,2.5915635,4367691.0,1685349.7898083532
2011-03-20,,2.50871253,4238599.375,1689551.6422521316
2011-03-21,,2.56031946,4344078.6405,1696693.9900929392
2011-03-22,,2.71742347,4635992.925691177,1706025.202502272
2011-03-23,,2.8434557,4875168.6395,1714522.4522048999
2011-03-24,,2.88481841,5011834.350629459,1737313.6323784967
2011-03-25,,2.91145917,5084947.449,1746528.8544644092
2011-03-26,,2.79254753,4926465.12,1764147.2766624675
2011-03-27,,2.67675364,4741090.5,1771209.1352568406
2011-03-28,,2.58237,4590540.340762947,1777646.247734812
2011-03-29,,2.56999182,4584115.254934538,1783708.111154431
2011-03-30,,2.55673793,4574057.930303921,1789021.032086742
2011-03-31,,2.53409399,4552424.9115,1796470.426694789
2011-04-01,,2.49434063,4498314.5045,1803408.2636500213
2011-04-02,,2.51639313,4551142.7005,1808597.6496446724
2011-04-03,,2.50130518,4540557.3,1815275.2156376215
2011-04-04,,2.1702087,3969568.0,1829118.0935732126
2011-04-05,,2.2785139,4184864.864454528,1836664.1803038935
2011-04-06,,2.35209347,4332478.0,1841966.7650367655
2011-04-07,,2.39124558,4418813.29,1847912.789450927
2011-04-08,,2.37382641,4402703.7965,1854686.5002230725
2011-04-09,,2.31988599,4314917.829422412,1859969.7778348206
2011-04-10,,2.31383197,4315947.571347753,1865281.3286816815
2011-04-11,,2.42399078,4539783.131533022,1872854.9501879797
2011-04-12,,2.6961135,5084821.769191173,1885982.0883620712
2011-04-13,,2.89135449,5500796.441575684,1902498.106199245
2011-04-14,,3.07319764,5912687.119827004,1923952.7724702419
2011-04-15,,2.99333242,5830820.885471184,1947936.302200336
2011-04-16,,3.15615233,6213074.303170656,1968559.7061060283
2011-04-17,,3.27386129,6528610.402516016,1994162.1908226954
2011-04-18,,3.37473832,6842174.201782205,2027468.0739637925
2011-04-19,,3.42498343,7063981.6434810255,2062486.370475966
2011-04-20,,3.28485981,6815693.920618364,2074881.2171129957
2011-04-21,,3.43905824,7213729.026340761,2097588.503281864
2011-04-22,,3.90431563,8404137.058107218,2152525.0145074
2011-04-23,,4.86099744,10959031.643243767,2254482.0849039094
2011-04-24,,4.27543628,9792558.112215081,2290423.1219685213
2011-04-25,,4.06113168,9402546.648158949,2315252.8381347507
2011-04-26,,4.51459705,10660019.448316364,2361233.8665565653
2011-04-27,,4.76744161,11474057.53622356,2406753.658430976
2011-04-28,,5.53562475,13799267.914538352,2492811.2973225564
2011-04-29,,5.27956549,17237894.039774377,3265021.3492804645
2011-04-30,,5.74340681,21197925.0,3690827.70927731
2011-05-01,,4.96719361,18768037.225617778,3778398.56852646
2011-05-02,,5.05486151,19441120.0,3846024.260316481
2011-05-03,,5.13349205,20449668.094760887,3983578.409313186
2011-05-04,,4.84337805,20775862.223541807,4289539.657872011
2011-05-05,,4.67664599,20416689.0080822,4365669.125210437
2011-05-06,,4.63603126,21134179.08876464,4558679.159718315
2011-05-07,,4.80792811,22312020.959561832,4640672.749069419
2011-05-08,,4.92348609,23625050.832045875,4798439.642193825
2011-05-09,,4.77598264,23396862.77032363,4898858.420122656
2011-05-10,,6.2849561,34812008.067599975,5538942.1204708135
2011-05-11,,5.77375573,33558640.152068645,5812272.240354831
2011-05-12,,6.23619574,39134346.622097954,6275355.722252867
2011-05-13,,6.81610339,50363940.8072888,7388963.741538668
2011-05-14,,5.71115111,43445262.1040968,7607093.783252532
2011-05-15,,5.38878812,43011054.45565135,7981582.036231803
2011-05-16,,5.64948105,49072384.91354238,8686175.68219693
2011-05-17,,5.05909092,45257710.56261641,8945818.780148827
2011-05-18,,4.61026723,42274167.00331127,9169569.76554942
2011-05-19,,4.62646251,43126786.95488344,9321762.980174553
2011-05-20,,3.71328197,35226586.853594534,9486644.735895058
2011-05-21,,4.07285788,38219849.89151337,9384037.208662279
2011-05-22,,4.35034379,42243708.85581385,9710430.001628412
2011-05-23,,4.487161,44568346.246934555,9932415.22801044
2011-05-24,,4.5999394,46807392.91972018,10175654.25312346
2011-05-25,,5.19133406,54315585.349812366,10462741.315054644
2011-05-26,,5.17913836,55794789.817048974,10772986.921525104
2011-05-27,,4.74938352,54255487.192755654,11423690.456725981
2011-05-28,,4.61095078,53178999.72133204,11533196.136466252
2011-05-29,,4.59177413,53583801.44796895,11669520.305426903
2011-05-30,,4.71031321,56064880.891401105,11902580.230201105
2011-05-31,,4.60202531,55761398.76668418,12116708.407821463
2011-06-01,,4.97744055,61620083.14271453,12379873.25488288
2011-06-02,,5.3275221,68630379.57859488,12882232.73228559
2011-06-03,,6.42904939,91614693.76218985,14250115.095505565
2011-06-04,,7.74313927,117818666.95763928,15215878.57964994
2011-06-05,,6.57534893,106606952.57030223,16213124.764209623
2011-06-06,,6.0241396,118799348.13741952,19720550.32347184
2011-06-07,,7.22127316,150215455.62133956,20801796.621323153
2011-06-08,,7.38787829,187925195.41815445,25436964.178541504
2011-06-09,,6.61438788,186695161.4519829,28225614.348456215
2011-06-10,,5.13598194,156218884.798173,30416556.487769313
2011-06-11,,3.17745001,95996513.31691384,30211809.159796614
2011-06-12,,3.60717104,122902943.45860548,34071836.93141579
2011-06-13,,3.61267024,127637791.0669116,35330595.53946767
2011-06-14,,3.30858495,126016843.63510504,38087836.80621682
2011-06-15,,3.13518917,127639034.6849199,40711749.04094221
2011-06-16,,2.83819584,117735848.3595792,41482637.209269956
2011-06-17,,2.42625836,101508789.99852876,41837584.84752991
2011-06-18,,2.62955708,111138039.02021572,42264927.37712912
2011-06-19,,2.69066084,115517322.96158968,42932695.657617584
2011-06-20,,2.67081932,115722198.34804848,43328351.521752685
2011-06-21,,2.63871848,115943708.91545908,43939400.809236415
2011-06-22,,2.62779902,116171348.23374662,44208612.35945914
2011-06-23,,2.61500773,116381476.83524282,44505213.311642036
2011-06-24,,2.59755925,116570592.5765894,44876971.55573618
2011-06-25,,2.58920413,116695794.20164756,45070140.607896976
2011-06-26,,2.40438777,109157965.36306717,45399484.527850166
2011-06-27,,2.41862667,111907781.9079732,46269142.4418855
2011-06-28,,2.4228443,113443298.639765,46822364.37552549
2011-06-29,1.5256027819598033,2.39153255,112870830.21463692,47196025.08217458
2011-06-30,1.405799787377278,2.27916897,108543227.62522677,47624037.117891595
2011-07-01,1.2842060564527882,2.17517451,103546928.76343209,47603963.860091425
2011-07-02,1.274214260818633,2.17108212,103425013.66338389,47637541.072552286
2011-07-03,1.2782809721990176,2.17640481,104054820.0759529,47810416.333325826
2011-07-04,1.0351784751261783,1.95761946,93369928.29650503,47695647.80302349
2011-07-05,0.8960569425132842,1.82728432,87474921.47378902,47871543.862308756
2011-07-06,1.1576280198353515,2.06878863,99397627.21876033,48046294.23101592
2011-07-07,1.1647772847055413,2.07598143,100051870.51621912,48194973.74608939
2011-07-08,1.0869882556428245,2.0056172,96800910.30600984,48264898.359472506
2011-07-09,1.0968833914784695,2.01609779,97466306.19544362,48344037.01987274
2011-07-10,1.1249705982203233,2.03850499,99202739.34757976,48664457.45005499
2011-07-11,1.0741501685140473,1.99133352,97193144.54283504,48808069.349847056
2011-07-12,1.0279603136924336,1.94872351,95329931.3501853,48919167.27077681
2011-07-13,1.017776565227997,1.93841196,95124647.97673677,49073494.14865185
2011-07-14,1.0192455850806221,1.93955814,95405994.98432237,49189551.4842996
2011-07-15,0.9885431717766205,1.91086852,94212046.71174291,49303259.604560815
2011-07-16,0.9732301847893035,1.89668424,93682958.05752337,49393017.605040774
2011-07-17,0.9039121318100827,1.8320481,90687634.11447155,49500684.02378276
2011-07-18,0.9922565465785127,1.94207395,93350669.22550893,48067515.25888544
2011-07-19,1.0178555252687405,1.96438973,94779337.07710637,48248743.9379488
2011-07-20,1.0058856334755146,1.96296845,93877118.38258371,47824058.701801196
2011-07-21,0.9948631595421934,1.95201716,93524013.30612345,47911470.873608224
2011-07-22,1.006797782897596,1.96311336,94223402.89783725,47996924.07871813
2011-07-23,1.0027930086644148,1.95853437,94207523.76814756,48101031.67510283
2011-07-24,1.0468501807216122,1.99913286,96463699.86114135,48252770.884443045
2011-07-25,1.0506052450246266,2.00132141,96861508.50870752,48398776.94043533
2011-07-26,1.0256777301570288,1.97632833,95911081.24687408,48529932.9018241
2011-07-27,1.0236775718443576,1.97282473,96033151.69917998,48677994.673748836
2011-07-28,0.9666952217919013,1.91925019,93462322.46234977,48697310.51705654
2011-07-29,0.9684292717009029,1.91940166,93716697.0360312,48825995.615754135
2011-07-30,0.9705694912302241,1.91948827,94013553.65347897,48978446.55934207
2011-07-31,0.945907454252015,1.8957305,92968443.0893172,49040959.71938902
2011-08-01,0.8940631447822706,1.84650394,90616287.02250792,49074515.932258405
2011-08-02,0.7750400330735753,1.73338364,85107631.23646298,49099131.47470515
2011-08-03,0.3493674922073511,1.33360498,64779768.46433578,48574929.93490154
2011-08-04,0.5718465953860221,1.54422773,75188385.18748957,48689959.211838245
2011-08-05,0.420190495515275,1.40034516,68006478.46534085,48564082.91891468
2011-08-06,0.01851821384493131,1.01786264,48716804.69187564,47861865.420147106
2011-08-07,0.25279018790229524,1.24329896,59526580.91950154,47877930.2763203
2011-08-08,0.15980472256454442,1.15587536,54493064.99080434,47144412.690659255
2011-08-09,0.46740666905782235,1.45369998,68771885.63583755,47308169.89887938
2011-08-10,0.5058778558259551,1.48953532,70593468.55188872,47392947.05135875
2011-08-11,0.41483917255571195,1.40111707,66353930.94123636,47357877.76908347
2011-08-12,0.418098929734718,1.40327416,66518350.40519487,47402248.470957994
2011-08-13,0.5030925266103916,1.48374896,70460847.18231994,47488388.58988649
2011-08-14,0.6263776376697144,1.60021658,76186465.27271783,47610096.17380532
2011-08-15,0.6758507647640225,1.64552851,78541533.95425189,47730278.43452672
2011-08-16,0.6537031419631394,1.62211392,77643397.46685399,47865563.88521343
2011-08-17,0.6487091208787668,1.61521112,77520159.55086552,47993824.826358005
2011-08-18,0.6324576326874212,1.59806892,76852460.39108036,48090829.76914435
2011-08-19,0.7578893298828739,1.71440506,82675965.01628399,48224288.96487507
2011-08-20,0.7249359181129795,1.68142171,81270125.43440929,48334171.5829334
2011-08-21,0.7091599367938188,1.66508331,80614546.50941536,48414722.569896735
2011-08-22,0.6420820917629111,1.60062575,77628457.63645811,48498818.43801283
2011-08-23,0.6428237456786441,1.60020118,77687115.69761191,48548342.963734046
2011-08-24,0.6359941688034034,1.5924043,77426913.43488784,48622647.800491266
2011-08-25,0.4207427825772959,1.38808124,68058397.44566314,49030557.78324843
2011-08-26,0.19716443222612826,1.18126116,58000203.73847545,49100237.69720444
2011-08-27,0.3326118206546837,1.32290185,61403922.66866644,46416083.452197485
2011-08-28,0.4017430967669236,1.38880945,64558954.54170001,46485106.03214863
2011-08-29,0.39049181971328717,1.37651145,64122456.875907935,46583308.02544936
2011-08-30,0.3677149961422837,1.35371166,63104781.72850113,46616117.4444646
2011-08-31,0.27174214929606344,1.26084033,58793247.517871,46630208.535501875
2011-09-01,0.2793607362940854,1.26774835,59098262.85630465,46616714.47358196
2011-09-02,0.3417509247730657,1.32640199,61944072.3566166,46700828.87663385
2011-09-03,0.3149057708932263,1.29992885,60771174.90887537,46749616.26467124
2011-09-04,0.2765088655593581,1.26279873,59055554.26318405,46765611.06708117
2011-09-05,0.1806087759451199,1.17142574,54751316.36626552,46739041.57703203
2011-09-06,0.06190899158135,1.05875513,49392236.86624468,46651237.35102439
2011-09-07,0.11503665906383029,1.10898952,51723808.2734889,46640484.279318444
2011-09-08,0.039381468960922296,1.03732633,48266211.976330206,46529438.78936362
2011-09-09,-0.23416509992396897,0.7778049,36080079.86402774,46387056.52796445
2011-09-10,-0.2729061441115039,0.74125214,34346746.85999912,46336118.31461171
2011-09-11,-0.04887190420927569,0.95191723,42422140.579571895,44564946.659881234
2011-09-12,-0.007381075027162735,0.99274325,44185689.571342,44508677.919836774
2011-09-13,-0.052285882208864855,0.94859348,42136763.47511828,44420254.15894518
2011-09-14,-0.08534961648375154,0.9162271,40688297.33060866,44408528.55215553
2011-09-15,-0.20508055073642167,0.79879632,35422167.65477356,44344430.19814308
2011-09-16,-0.20945567918773347,0.7945909,35184672.55260412,44280235.97124522
2011-09-17,-0.21834713627159608,0.78623754,34809683.3550555,44273748.81521875
2011-09-18,-0.14096060588075418,0.86238311,38214791.91118234,44313010.61912302
2011-09-19,-0.09227919702991809,0.91006394,40319727.227774575,44304279.57377871
2011-09-20,0.013898234182768544,1.01350919,44937042.45407813,44338071.028323025
2011-09-21,-0.07844069992653337,0.92389277,40959899.60080944,44334040.62769042
2011-09-22,-0.09749895589584931,0.90549337,40107469.759249166,44293499.08906475
2011-09-23,-0.0819016104182874,0.92077591,40791840.30636185,44301593.75733651
2011-09-24,-0.09964975565548656,0.90381871,40053269.20476823,44315600.86288569
2011-09-25,-0.11361275124992126,0.88996971,39233186.06984431,44083731.87200305
2011-09-26,-0.19316943039507758,0.81318218,35833100.37444329,44065279.903752066
2011-09-27,-0.1863237796311074,0.82013287,36140227.91447712,44066308.32206142
2011-09-28,-0.21132052860702888,0.79634397,35088031.722460665,44061401.91211677
2011-09-29,-0.20870061636475581,0.79926256,35222827.74919681,44069157.63600489
2011-09-30,-0.1454666594143057,0.86045873,37952686.435455,44107503.48881347
2011-10-01,-0.16317663994511047,0.84362417,37179883.06820175,44071619.08151796
2011-10-02,-0.16677790506737838,0.84035131,37010704.54615673,44041943.06088097
2011-10-03,-0.16338332156782548,0.84387152,37163777.92900368,44039616.27832123
2011-10-04,-0.174569151080088,0.83346608,36702915.00910952,44036483.17530753
2011-10-05,-0.18666801217252676,0.82223206,36207140.512084275,44035184.55858347
2011-10-06,-0.2136764468854935,0.79686105,35089319.56770846,44034426.7895996
2011-10-07,-0.29182425582661786,0.72247318,31749993.05555521,43946258.40028443
2011-10-08,-0.3434258144676566,0.67368961,29584890.02240636,43914719.15739706
2011-10-09,-0.31915403224567956,0.6969726,30579871.456326604,43875284.991585895
2011-10-10,-0.3244452571397217,0.69210157,30332186.9564891,43826207.41127505
2011-10-11,-0.3348000578883081,0.68231478,29859271.390338864,43761724.44973105
2011-10-12,-0.3052740860255921,0.71047083,31055951.448324848,43711789.614676856
2011-10-13,-0.3281664720149932,0.68913751,30112043.759038206,43695261.57274214
2011-10-14,-0.3362078668465111,0.68173462,29761573.050885275,43655657.46226189
2011-10-15,-0.3628034628430436,0.65700741,28675279.822607223,43645291.34094123
2011-10-16,-0.40355876116447015,0.61884987,26995994.85230464,43622849.67807239
2011-10-17,-0.5834324884385804,0.44588055,19319470.125836596,43328802.132850595
2011-10-18,-0.6097491273419176,0.41992353,18144170.01573772,43208271.79114664
2011-10-19,-0.6416994196735362,0.38682853,16623202.012380762,42973050.649549454
2011-10-20,-0.6156329201918128,0.41178781,17677876.854348093,42929577.86765979
2011-10-21,-0.5766604610678077,0.4496029,19298823.09318044,42924151.71961845
2011-10-22,-0.4688320234826429,0.55278915,23710007.264636647,42891593.05068967
2011-10-23,-0.47044529712485456,0.55184552,23668883.535460714,42890415.30220398
2011-10-24,-0.584177140949079,0.44332969,18986733.265577074,42827569.851180226
2011-10-25,-0.5329458120845506,0.49277864,21104370.460155793,42827283.382566646
2011-10-26,-0.534363220925602,0.49043071,20936695.588857796,42690425.29750594
2011-10-27,-0.48553633012385194,0.53782812,22971358.94263729,42711338.60133102
2011-10-28,-0.461629507275108,0.56150563,24000554.363447983,42743212.32264044
2011-10-29,-0.3897878623377494,0.63046202,26961118.05576233,42764063.81428389
2011-10-30,-0.4482243854532617,0.57571366,24624017.670837935,42771293.06057795
2011-10-31,-0.4468422744089712,0.57758861,24703569.790037435,42770181.686992474
2011-11-01,-0.4643367020743514,0.56157774,24015468.55830482,42764281.50144416
2011-11-02,-0.44678903409763204,0.57806992,24682712.43313155,42698489.54107757
2011-11-03,-0.4635017233018486,0.56292746,24039283.70904094,42704052.32859121
2011-11-04,-0.472332374285119,0.55505983,23696517.45429967,42691825.589864194
2011-11-05,-0.49919946481222727,0.53030549,22637518.240306847,42687693.541145205
2011-11-06,-0.5024183160311239,0.52799021,22544081.519811545,42697915.78107394
2011-11-07,-0.4922090654211422,0.5382165,22982789.852778308,42701756.36157254
2011-11-08,-0.4840231121763997,0.54611468,23301128.027072567,42667097.004373826
2011-11-09,-0.4785805610182796,0.53811177,22280239.30449918,41404482.38940988
2011-11-10,-0.4906849193757317,0.52701216,21820633.180019304,41404420.68740749
2011-11-11,-0.45004122339929903,0.56660138,23451808.81171944,41390313.61293091
2011-11-12,-0.45869439302076614,0.55904007,23149789.172941152,41409892.44821244
2011-11-13,-0.46651522399318024,0.55219421,22871737.188360356,41419733.80771297
2011-11-14,-0.6112042438838501,0.4125825,17050571.08778238,41326452.49806373
2011-11-15,-0.5921170052663639,0.43137161,17822207.9192368,41315208.293927364
2011-11-16,-0.4853751516753487,0.50419206,19561442.286423847,38797600.8317621
2011-11-17,-0.5326745891009704,0.45379982,17521232.943430554,38610048.244246885
2011-11-18,-0.5576612864726952,0.42341662,16197325.087383052,38253871.771455385
2011-11-19,-0.5395431532989203,0.44318529,16967938.809859414,38286331.23147976
2011-11-20,-0.5391121476274071,0.44369635,16972384.620934617,38252252.065933414
2011-11-21,-0.5246480763072641,0.45948528,17586189.901391596,38273674.189065635
2011-11-22,-0.5162763564487376,0.46857456,17930889.937083833,38266887.423601985
2011-11-23,-0.5145611957252575,0.4707238,18007225.79605171,38254334.69914143
2011-11-24,-0.49514460347241335,0.49214464,18859851.284871,38321765.090992354
2011-11-25,-0.48457742358427996,0.50383539,19319662.097406004,38345186.70355015
2011-11-26,-0.4859167058500546,0.50116148,19145944.585349318,38203144.7934692
2011-11-27,-0.4850382356602667,0.50265443,19204720.816189073,38206608.09890619
2011-11-28,-0.4626232425422597,0.52129794,19714433.603040345,37817977.18794044
2011-11-29,-0.42354871951638434,0.56397222,21412701.381498843,37967652.700161085
2011-11-30,-0.3860820203651884,0.60468486,23054447.69815251,38126384.87120797
2011-12-01,-0.3647476928422271,0.62781131,23988402.81035646,38209574.16386216
2011-12-02,-0.3618356180555437,0.63153668,24149653.822278503,38239511.00081551
2011-12-03,-0.4171937569610831,0.57397228,21861105.877288345,38087389.65109664
2011-12-04,-0.4146368113574346,0.57735261,22003763.883208565,38111482.484176464
2011-12-05,-0.40383893384183134,0.58900798,22456470.70121544,38125919.28078027
2011-12-06,-0.37557381349961133,0.6191175,23658469.968423557,38213214.72648335
2011-12-07,-0.37834479988814157,0.61474353,23367378.144963965,38011588.580629654
2011-12-08,-0.3779172588329165,0.61605341,23441832.336857032,38051623.37605928
2011-12-09,-0.38520814729481884,0.60914874,23180798.354588747,38054414.02470725
2011-12-10,-0.36318878107520486,0.63235376,24090535.12342796,38096610.864507176
2011-12-11,-0.32905822571116716,0.66826403,25530480.080339976,38204181.18320685
2011-12-12,-0.342477985782709,0.65547484,25064089.64439885,38238065.162651934
2011-12-13,-0.3320742445565795,0.66660548,25508176.014846083,38265776.05519547
2011-12-14,-0.34858151691552464,0.65014649,24855455.94133109,38230546.997694455
2011-12-15,-0.33938903017650895,0.6600436,25251942.652942568,38257991.82499848
2011-12-16,-0.3387369832414384,0.66134284,25318171.548322245,38282975.20892832
2011-12-17,-0.3424095474136977,0.65825176,25211182.552496757,38300212.9040973
2011-12-18,-0.34238189754714804,0.65885831,25245780.802557435,38317465.86387813
2011-12-19,-0.2761050586901223,0.72601344,27896099.50329908,38423668.16694065
2011-12-20,-0.19142937745739547,0.81110758,31299261.824108656,38588299.00727676
2011-12-21,-0.20596965533845227,0.79739555,30824938.265050672,38657023.186360486
2011-12-22,-0.20441333451133098,0.79956455,30965320.113161765,38727730.12905808
2011-12-23,-0.1983822430042534,0.80606997,31270199.23944644,38793405.53952958
2011-12-24,-0.1982347651343566,0.80659692,31310306.144632906,38817785.39971725
2011-12-25,-0.1367160060883968,0.86693708,33687396.8513002,38857949.01205541
2011-12-26,-0.18678251167958904,0.81869415,31855005.964697685,38909531.678829856
2011-12-27,-0.16743854444588943,0.83793425,32652545.445706356,38967908.813497424
2011-12-28,-0.1450281624113784,0.86007177,33576324.69710993,39038980.08082503
2011-12-29,-0.15261268760099803,0.85308817,33334233.53435292,39074781.13821801
2011-12-30,-0.1246163608878748,0.88040913,34461372.18394529,39142452.08241456
2011-12-31,-0.04069299028633453,0.96110917,37724114.93191743,39250603.4792254
2012-01-01,0.08019376799081224,1.07623657,42410102.14057715,39405929.2564061
2012-01-02,0.06244242674027409,1.05930034,41728807.226594836,39392800.748647764
2012-01-03,-0.009877493290798548,0.99064729,39086807.403820366,39455826.30506198
2012-01-04,0.13940295975313366,1.13112076,44868023.3905257,39666872.872641556
2012-01-05,0.4046214042101775,1.37524885,55266966.984468594,40186884.71142411
2012-01-06,0.35844924904686765,1.3299183,53791008.07585059,40446851.56663427
2012-01-07,0.38037920235231987,1.34825017,54762305.94362807,40617318.03351308
2012-01-08,0.44173717908312093,1.40190243,57240873.732038766,40830854.20719241
2012-01-09,0.2636011486492638,1.23859081,50774287.36821121,40993592.84622111
2012-01-10,0.31596952371668086,1.28528776,52757582.08671905,41047292.076226614
2012-01-11,0.39185299707305454,1.35196805,55724776.24247789,41217524.51359919
2012-01-12,0.36146252307439297,1.3223058,54842501.12170352,41474900.22482206
2012-01-13,0.29073522665565754,1.2583872,52303300.955010295,41563757.923642494
2012-01-14,0.3561841935767389,1.3151655,54844706.872422405,41701753.02836214
2012-01-15,0.4178784752627745,1.36849062,57206917.256617725,41802929.753817186
2012-01-16,0.3439016273399232,1.30213368,54576064.53713559,41912796.95425403
2012-01-17,0.1006139893715483,1.08841281,45550684.66108859,41850559.12846946
2012-01-18,0.16790388534871736,1.14730395,48033782.75740562,41866658.57587749
2012-01-19,0.2567016818048737,1.22398742,51463532.34846339,42045801.70314445
2012-01-20,0.29750727536415383,1.25883339,53024539.85078034,42121968.0634467
2012-01-21,0.2263879188956972,1.19649675,50457844.89395972,42171317.96969755
2012-01-22,0.2536206073200171,1.2195885,51499962.169537134,42227326.81518163
2012-01-23,0.2692790315702235,1.23243877,52141696.69860743,42307738.09445108
2012-01-24,0.24658425249638358,1.21229511,51364104.036424994,42369307.28560391
2012-01-25,0.1438433841988272,1.12369377,47608611.186067626,42367958.65306579
2012-01-26,0.047564853904629466,1.04093223,44013925.95426133,42283181.06190384
2012-01-27,0.035192579479500725,1.03027298,43525737.988286145,42246801.41401568
2012-01-28,0.11601024418363241,1.09958449,46494058.367595054,42283297.727849044
2012-01-29,0.05669385454922765,1.04861043,44334488.66840534,42279274.93378579
2012-01-30,0.0828170874675433,1.07087848,45303240.18131384,42304744.21459459
2012-01-31,0.09215545121958646,1.07878577,45630733.63518544,42298234.6487435
2012-02-01,0.21243230856726486,1.18086101,50098136.98908828,42425092.00052958
2012-02-02,0.21743550721721136,1.18457113,50347344.47355032,42502592.87810798
2012-02-03,0.18374011993368758,1.15560669,49173047.37876,42551715.73882114
2012-02-04,0.17118472400589785,1.14466214,48755013.00440804,42593365.58856401
2012-02-05,0.12194764597477142,1.10288002,46998279.12790114,42614135.96730235
2012-02-06,0.07929458501408547,1.066879,45420531.457741305,42573273.499376506
2012-02-07,0.12088493312812441,1.10174851,46945234.82929116,42609755.67762843
2012-02-08,0.11132603677048038,1.09353017,46625304.24660037,42637419.18213411
2012-02-09,0.16153878400891236,1.1353915,48469810.11863277,42689953.305650756
2012-02-10,0.1858781720627902,1.15551803,49359082.00947596,42715977.360799775
2012-02-11,0.10815004420313058,1.09013106,46693734.50858345,42833138.34630439
2012-02-12,0.08692861544471386,1.07230709,45963265.24709518,42863901.27952542
2012-02-13,0.05759002510421699,1.04822456,44577950.01303359,42527099.35839854
2012-02-14,-0.13492303062123828,0.88628318,37401703.44820613,42200624.23863909
2012-02-15,-0.1671039416685199,0.85881942,36111565.61058064,42047914.578574196
2012-02-16,-0.180568804860512,0.84731155,35554183.61846336,41961169.55854474
2012-02-17,-0.14738560161778805,0.87548728,36726393.32940897,41949659.5420655
2012-02-18,-0.17240011590098703,0.85418126,35747158.00051615,41849616.322086185
2012-02-19,-0.14326005124524888,0.87896592,36781984.90255321,41846884.0095111
2012-02-20,-0.14825252052102458,0.8748865,36607952.46500429,41843087.60622582
2012-02-21,-0.15894267819939986,0.86595781,36216292.38526005,41822236.56515096
2012-02-22,-0.1333036343083975,0.88771358,37125920.48004495,41821958.474539675
2012-02-23,0.012291614130181334,1.01031089,42377990.262636416,41945494.87894406
2012-02-24,0.00832292480684776,1.0069634,42298490.52113304,42005986.037956335
2012-02-25,-0.052405035630838266,0.9562508,40208118.566052474,42047670.5128534
2012-02-26,-0.01545728305437799,0.987122,41541257.6268949,42083205.14272288
2012-02-27,-0.009546431620665343,0.99206546,41799433.11792214,42133745.00299823
2012-02-28,-0.03283724677468907,0.97277124,41034309.973461926,42182897.97862643
2012-02-29,-0.020356766002871972,0.98303424,41208789.500953846,41919994.05936649
2012-03-01,-0.0088060658608631,0.99267825,41663078.39495767,41970374.988026254
2012-03-02,-0.056852491322664046,0.95273137,39940404.10047743,41921999.58785594
2012-03-03,-0.07743435186474361,0.93570447,39232686.90159013,41928502.17076566
2012-03-04,-0.02767764714605388,0.97707036,41011626.741960086,41974077.221992575
2012-03-05,0.007938496035300722,1.00656035,42305450.21679945,42029720.539657116
2012-03-06,0.008857613798670021,1.00730295,42385879.39507424,42078581.61745108
2012-03-07,-0.0009229790807137669,0.99924077,42094879.22829918,42126863.20665156
2012-03-08,-0.004082475501910514,0.99664788,42013159.953669,42154466.78486788
2012-03-09,-0.01925695430708923,0.98421823,41520457.05745644,42186230.44348248
2012-03-10,-0.025863486780912687,0.97883044,41297298.22937357,42190451.524345286
2012-03-11,-0.012873110703868006,0.98947911,41761734.52889564,42205776.8646532
2012-03-12,-0.007997571304627624,0.99347632,41963074.999323554,42238626.28081921
2012-03-13,0.0846588943378948,1.06881595,45252847.85186193,42339233.290691376
2012-03-14,0.10764025057295382,1.08718901,46142189.86346144,42441736.845244095
2012-03-15,0.09428995184699825,1.07616655,45748886.08219937,42510972.007259816
2012-03-16,0.09278548842750839,1.07471861,45779059.8088332,42596321.84915194
2012-03-17,0.06789215531711666,1.05459511,44935593.65931607,42609332.46629228
2012-03-18,0.07668919594211755,1.06154819,45270792.31986721,42646007.73316491
2012-03-19,-0.06901029062343698,0.94459498,40223438.42033059,42582735.745992
2012-03-20,-0.030142318457153677,0.97583693,41570213.45380859,42599549.3466399
2012-03-21,-0.030907580467839306,0.97521983,41491233.02888994,42545518.202690706
2012-03-22,-0.05155828734164584,0.958695,40773909.1772816,42530637.1445367
2012-03-23,-0.061179910833478,0.95107358,40476167.79980991,42558397.84741987
2012-03-24,-0.0697279453748671,0.94428539,40176834.39237713,42547343.01499373
2012-03-25,-0.09376069031724853,0.92514492,39351373.414089195,42535361.28598014
2012-03-26,-0.0726511060083504,0.94207727,40081805.7771796,42546197.69902696
2012-03-27,-0.027195306990959196,0.97836225,41664720.83043211,42586190.16671188
2012-03-28,-0.032554928645233905,0.97414873,41520950.04089172,42622803.64610414
2012-03-29,-0.030922023598379884,0.97547676,41584885.596257694,42630319.14390015
2012-03-30,0.004741321349136973,1.00380823,42206465.94400601,42046343.79617112
2012-03-31,0.011822557712583373,1.00947443,42494314.134301275,42095483.42329114
2012-04-01,-0.012715624805082825,0.98982662,41690143.38500184,42118632.23581705
2012-04-02,0.03575890846883671,1.02854689,43369140.671510674,42165448.258280836
2012-04-03,0.032741041129313336,1.02616999,43168743.173969455,42067828.52222121
2012-04-04,0.02280009445659136,1.01818959,42868045.0218431,42102222.85011095
2012-04-05,0.023298694067540475,1.01855009,42923044.114670105,42141318.857151255
2012-04-06,0.03000505718973216,1.02383214,43203185.46241338,42197528.06589309
2012-04-07,-0.03162816210305038,0.9749089,41143762.21105687,42202673.71757184
2012-04-08,-0.013475634083256709,0.98932901,41783317.447132714,42233995.99606679
2012-04-09,0.004630296774171138,1.00365621,42463382.06175112,42308692.596791804
2012-04-10,0.002027849082632012,1.00159858,42401572.60285518,42333898.47942395
2012-04-11,0.020875923696141694,1.01641869,43082862.28365456,42386924.51007032
2012-04-12,0.01635799401428482,1.01283392,42990461.28563861,42445716.35756295
2012-04-13,0.024683719527418192,1.01932475,43312447.53938817,42491313.52828249
2012-04-14,0.03011177191844993,1.0235231,43539633.063972585,42538984.28279009
2012-04-15,0.03079034976420727,1.0239991,43612170.9066712,42590048.08370555
2012-04-16,0.027367670775194593,1.02128074,43554055.87678282,42646506.656713046
2012-04-17,0.03192424922713711,1.02477367,43745772.33686055,42688228.25713365
2012-04-18,0.07207349698964938,1.05577307,45149302.77498842,42764211.41807341
2012-04-19,0.07300243512111335,1.05634217,45247105.990739755,42833759.05625329
2012-04-20,0.13337913457499662,1.10253174,47366159.65974264,42961266.27587396
2012-04-21,0.11096965329153967,1.08513311,46665734.47504468,43004617.631697446
2012-04-22,0.08684741166087927,1.06645583,45934069.09091458,43071703.29868662
2012-04-23,0.0658749567143759,1.05038086,45219556.02198608,43050628.34254813
2012-04-24,0.05976962676366672,1.04562838,45050980.25275109,43085077.943992965
2012-04-25,0.06956825481606184,1.05274593,45623353.51174261,43337477.93424631
2012-04-26,0.05760224159729029,1.04365008,45207433.11849922,43316657.55106273
2012-04-27,0.05727327754066945,1.04332334,45228244.00391923,43350169.856182106
2012-04-28,0.02417726169418008,1.01826429,44155254.147761784,43363255.081607334
2012-04-29,0.00879163785291868,1.00664344,43593926.71462293,43306224.411121115
2012-04-30,0.020520897632424644,1.0154865,43989486.8210438,43318632.813970245
2012-05-01,0.03279381322078648,1.02469896,44432601.535410665,43361614.74723334
2012-05-02,0.05077909264560364,1.03816859,45061199.336670235,43404510.37597876
2012-05-03,0.06830843896820066,1.05122986,45684868.05366689,43458495.41761199
2012-05-04,0.0592393419885727,1.04434248,45428022.80705356,43499162.082398064
2012-05-05,0.05140190682699988,1.0384012,45212376.767801285,43540374.15191863
2012-05-06,0.05230730045189989,1.03909745,45174739.41579452,43474978.61321334
2012-05-07,0.05785056351327983,1.04315667,45394609.68870797,43516579.04723743
2012-05-08,0.04615686825274435,1.034375,45043867.78759336,43546941.66776397
2012-05-09,0.05096797519885202,1.03787929,45245674.70518589,43594351.61788987
2012-05-10,0.01996395973393456,1.01481717,44255945.90412608,43609772.49145881
2012-05-11,0.030712838011283262,1.02276513,44616755.495503694,43623657.26675067
2012-05-12,0.022371345795538965,1.01650991,44494009.61127893,43771348.58555283
2012-05-13,0.023371090769653786,1.01723564,44512997.24873766,43758786.55680769
2012-05-14,0.042538402060340263,1.03132782,45147727.17944305,43776310.79460558
2012-05-15,0.04883913455014999,1.03590742,45380484.66274546,43807471.38846197
2012-05-16,0.06510581032287105,1.04782389,45899398.73766267,43804497.27831904
2012-05-17,0.06747230557165557,1.04954557,45945853.70031172,43776902.13137836
2012-05-18,0.07793368473114295,1.05722248,46241501.08085742,43738666.13284407
2012-05-19,0.0763918866113269,1.05598806,46227589.692950904,43776621.577474
2012-05-20,0.07665453562270776,1.05630265,46096865.78370793,43639827.83126402
2012-05-21,0.08060692560334104,1.05927394,46129143.43934552,43547888.508751124
2012-05-22,0.07992283240624061,1.05870456,46112386.411825284,43555481.06057584
2012-05-23,0.0908011395613648,1.0665583,46505621.92244514,43603450.39033041
2012-05-24,0.09195990410726179,1.06748348,46449652.14548182,43513228.08806542
2012-05-25,0.09701987837413681,1.07106937,46645139.286703706,43550063.69634462
2012-05-26,0.09161340012974659,1.0671858,46379040.319860555,43459199.25083388
2012-05-27,0.1000451415592663,1.07321035,46698257.01437642,43512678.585681185
2012-05-28,0.10066760613952742,1.07353739,46750270.49452458,43547873.534730434
2012-05-29,0.10423621283314148,1.07601639,46893250.84732125,43580424.31614006
2012-05-30,0.10153840551324302,1.07393,46833947.11639456,43609869.46671995
2012-05-31,0.12050869660458115,1.08799952,47265053.67271972,43442164.08543977
2012-06-01,0.14419552275492103,1.10502904,48083195.17956157,43513060.23555867
2012-06-02,0.1373412858036035,1.09982963,47912390.0924074,43563465.45456082
2012-06-03,0.12855532668865133,1.09327409,47669615.187236644,43602620.443732135
2012-06-04,0.1416423520062154,1.10255401,48131592.23848889,43654634.42329586
2012-06-05,0.18871839939660925,1.13624416,49702238.22183528,43742568.69389347
2012-06-06,0.19374556070196217,1.13951888,49928522.18104713,43815440.935078785
2012-06-07,0.2330895080344063,1.16734111,51259993.8406161,43911752.44450708
2012-06-08,0.24204897666586367,1.17328064,51624039.68132231,43999737.08022857
2012-06-09,0.2226916246779194,1.15906527,51069908.84675761,44061288.1505436
2012-06-10,0.1939431270662429,1.13827143,50204380.92709159,44105807.80991014
2012-06-11,0.23012990920918872,1.16358167,51431046.385611534,44200633.02098214
2012-06-12,0.2692870110976665,1.19076668,52769039.88158684,44315180.10025846
2012-06-13,0.32055946024210263,1.22631584,54488428.15430492,44432621.98611487
2012-06-14,0.3355210031986481,1.23632319,55021069.067343675,44503791.170772806
2012-06-15,0.49381755426394874,1.34544986,60253468.62382209,44783139.39088157
2012-06-16,0.4683311283478192,1.32650659,59571991.818051375,44908930.168263525
2012-06-17,0.39524495125643494,1.27481556,57365439.48474045,44999011.0606592
2012-06-18,0.4271884497421006,1.29624188,58446564.17295112,45089242.27394282
2012-06-19,0.4802201254181247,1.33207309,60198212.26704237,45191373.29547162
2012-06-20,0.5384361934339434,1.37148675,62088644.91636487,45271049.76870164
2012-06-21,0.5305951341928447,1.36507314,61936546.022190414,45372327.83159913
2012-06-22,0.4967310686620836,1.340806,60974656.585692726,45476121.51623183
2012-06-23,0.4615235832701328,1.31590739,59947890.149425805,45556313.92071277
2012-06-24,0.43299546751982126,1.29595593,59087157.172488414,45593492.65255371
2012-06-25,0.4236810041640474,1.28915512,58828568.5842839,45633428.957939446
2012-06-26,0.4563104138203533,1.31046257,59950983.620852046,45747955.71677567
2012-06-27,0.5092662161262448,1.34542168,61708994.40680801,45865913.50810403
2012-06-28,0.5007968240604166,1.33892459,61514893.84789314,45943508.92300301
2012-06-29,0.520519643469067,1.35144702,62204895.53937822,46028364.13030695
2012-06-30,0.5265040103316198,1.35478588,62451244.1851726,46096763.41266016
2012-07-01,0.5102258539704873,1.3431952,61997524.709132895,46156749.74801347
2012-07-02,0.543676663084318,1.36464463,63139793.28092842,46268304.504249156
2012-07-03,0.45638380718680766,1.30578732,60443460.61211648,46288901.482146785
2012-07-04,0.47493488822935187,1.31743258,61099970.756687224,46378062.668441996
2012-07-05,0.5126911295141557,1.34189548,62344159.65733903,46459773.198832914
2012-07-06,0.5207911185939135,1.34647254,62675402.12600879,46547850.22649537
2012-07-07,0.5635982300670364,1.37465592,64010301.356431305,46564598.766236216
2012-07-08,0.5585636238547973,1.37033073,63949884.55003694,46667481.90784347
2012-07-09,0.6278632501813332,1.41488587,66228574.0109724,46808421.382406205
2012-07-10,0.6864472190004502,1.45714854,67659123.05269025,46432550.41980158
2012-07-11,0.6856159500783892,1.45509139,67769165.5245275,46573820.71687436
2012-07-12,0.7947921869459486,1.52548031,71323046.8733178,46754485.39438558
2012-07-13,0.8128269310052385,1.53494235,72093053.51753044,46967922.617765054
2012-07-14,0.8081658624696756,1.53495281,71674215.81054553,46694735.72320802
2012-07-15,0.8212908435777251,1.54252702,72173016.09809996,46788818.06433443
2012-07-16,1.0743375421798262,1.70367355,80432892.74938156,47211446.55288072
2012-07-17,1.1344094389120105,1.73352208,82956914.99099937,47854547.6565256
2012-07-18,1.230060760882852,1.79066623,86280546.2054428,48183488.781961784
2012-07-19,1.1565792782273414,1.73994899,84294655.01427075,48446624.29688284
2012-07-20,1.0491661238902164,1.67043972,81062890.09250583,48527875.09896246
2012-07-21,1.1480373615089494,1.73068675,84386002.7507508,48758680.76689834
2012-07-22,1.0338967212461458,1.65722469,80942835.87603346,48842402.8222953
2012-07-23,1.0394801567525567,1.65967218,81237521.89475651,48947932.53373477
2012-07-24,1.0500384606402504,1.66485314,81719570.49669896,49085152.63796719
2012-07-25,1.1057338729920627,1.69811126,83645893.81016934,49258193.95966395
2012-07-26,1.1318792436131462,1.71150143,84735953.542009,49509718.22559856
2012-07-27,1.1328785863570798,1.71018114,84964924.49795114,49681827.56240145
2012-07-28,1.1145957329540468,1.69715731,84565301.46853597,49827615.25420173
2012-07-29,1.0820139540114908,1.67503455,83730525.74786323,49987342.49861487
2012-07-30,1.181841102280097,1.73507837,87070987.8219796,50182740.634349324
2012-07-31,1.2444094826428729,1.77024687,89360785.41971973,50479278.87013845
2012-08-01,1.3124977319918019,1.80931121,91793105.78402115,50733729.65175027
2012-08-02,1.5928419717263558,1.9719365,101310978.64772512,51376389.984020844
2012-08-03,1.6904573152355735,2.02602743,104902443.63559788,51777405.42022073
2012-08-04,1.6799889985202856,2.01583662,105024617.5257001,52099766.65951237
2012-08-05,1.634842132718308,1.9855767,103997526.89568885,52376484.320997946
2012-08-06,1.6449882000031133,1.98923564,104692770.50570764,52629647.48897604
2012-08-07,1.6596208480917443,1.99677645,105474372.3500844,52822323.87610761
2012-08-08,1.6857707926943337,2.00790333,106810902.92881712,53195241.689657
2012-08-09,1.687094514181177,2.00671418,107226894.09658964,53434064.08609205
2012-08-10,1.780607555746868,2.06026781,110636632.18486153,53700121.7258554
2012-08-11,1.7999580892153957,2.07039383,111651408.61898217,53927618.504824355
2012-08-12,1.8066771047901125,2.0737898,112227384.47474273,54117049.121730044
2012-08-13,1.909820353141953,2.13114399,116122187.2964391,54488194.05977308
2012-08-14,1.9552702248651517,2.1544732,118176335.07647696,54851615.27025584
2012-08-15,2.226272494858706,2.30814027,127818103.77325378,55377095.332795255
2012-08-16,2.2846337121073916,2.33572798,130646052.43435933,55933761.787774324
2012-08-17,1.86255626990122,2.0858717,117385958.35429204,56276691.58860155
2012-08-18,1.6903336147946189,1.97544904,112618349.17115948,57008987.26861589
2012-08-19,0.622074780514009,1.36686681,76242380.12277623,55778938.785393596
2012-08-20,1.23471347033178,1.71866113,97255295.61493373,56587825.207249396
2012-08-21,1.2104220076521688,1.70425191,96591607.45006648,56676836.847474314
2012-08-22,1.1689869498754604,1.67933753,95395671.50898488,56805537.78190432
2012-08-23,1.2580688245999252,1.72984273,98564569.31712045,56978919.3015948
2012-08-24,1.3979286974131468,1.80794118,103580497.48772813,57291962.05804004
2012-08-25,1.3886866626990797,1.80118006,103552174.73546144,57491295.309732355
2012-08-26,1.3736002746486697,1.7917826,103273332.10031617,57637200.01540152
2012-08-27,1.4573161490898083,1.83189532,106827431.35041092,58315248.79402548
2012-08-28,1.4584977714391205,1.83040885,107229255.08782636,58582133.21456917
2012-08-29,1.4353996958949624,1.81697118,106681318.81809138,58713820.005714886
2012-08-30,1.3921026584786351,1.79273795,105389297.61688048,58786783.4319458
2012-08-31,1.1941373326591729,1.67505198,99316690.19995776,59291706.398244284
2012-09-01,1.1674789925602984,1.66090374,98454678.08337091,59277774.93196018
2012-09-02,1.2290385586979828,1.69521665,100699020.68966392,59401859.160399295
2012-09-03,1.3044817524988508,1.73716742,103450203.51037093,59551084.32229918
2012-09-04,1.2615500890834415,1.71209367,102217456.1812102,59703191.46218805
2012-09-05,1.4451640016657845,1.81269181,108841095.3293075,60043905.2732894
2012-09-06,1.4778165068288338,1.82965166,110271634.58060482,60269196.03953729
2012-09-07,1.449293744699456,1.81354854,109528340.24807017,60394490.59801298
2012-09-08,1.4351136403026052,1.80523977,109283537.65588708,60536854.70040751
2012-09-09,1.4342046179176218,1.8034734,109557776.88646217,60748207.8119157
2012-09-10,1.4234436739323433,1.78632149,110267076.14142475,61728572.80098262
2012-09-11,1.4593385386583653,1.80560418,111764157.42116602,61898481.77088625
2012-09-12,1.4668832162594017,1.80894872,112319940.78047256,62091279.61375962
2012-09-13,1.4803327333426644,1.81613397,113039260.88940366,62241697.33987391
2012-09-14,1.5733783947351947,1.86613678,116608882.45764033,62486782.16268817
2012-09-15,1.561560328718619,1.85833105,116576804.07673205,62731989.586425975
2012-09-16,1.6014040932489237,1.87885659,118348940.85010096,62989874.52262174
2012-09-17,1.5997696142579956,1.87699904,118662093.31211604,63219048.48289961
2012-09-18,1.6894590556606084,1.92401948,122265375.02910136,63546848.823537566
2012-09-19,1.745241503047447,1.9513395,124798943.89540292,63955525.881274335
2012-09-20,1.6909721863460065,1.91810213,123518907.9934015,64396418.76285362
2012-09-21,1.6716327754278917,1.90624657,123288353.55958888,64675973.97937292
2012-09-22,1.6306023961709601,1.88391087,122185398.1251994,64857313.61866361
2012-09-23,1.611218511677147,1.87373566,121798669.13370024,65003122.763698824
2012-09-24,1.589803761071888,1.86187643,121371980.79885222,65187989.30112254
2012-09-25,1.6013900225162574,1.86751446,122146156.531862,65405735.3493595
2012-09-26,1.6318569195577501,1.88332202,123610143.05888234,65634098.54831004
2012-09-27,1.6233546529163045,1.87790927,123698618.79957862,65870391.491053574
2012-09-28,1.6297685064941962,1.87920326,124426093.85762496,66212153.04704451
2012-09-29,1.6283865715862404,1.87778161,124764385.42933293,66442436.52451838
2012-09-30,1.6181985774598653,1.87229802,124730849.77412473,66619121.76466689
2012-10-01,1.611313918767295,1.8688831,124789580.76210064,66772277.389688335
2012-10-02,1.7158943190725993,1.9232089,129091708.8158583,67123082.06137061
2012-10-03,1.7447818124000405,1.93693159,130671581.04504694,67463188.53989415
2012-10-04,1.7094429984753767,1.91743612,129817358.3317557,67703615.76987278
2012-10-05,1.6732236047834639,1.8990167,128792187.50073774,67820460.71566287
2012-10-06,1.6007597758352372,1.86118784,126393597.5421964,67910178.01953638
2012-10-07,1.425660781780712,1.76871725,120088737.97575755,67895950.00317748
2012-10-08,1.3823568726062485,1.74493179,118770512.82609536,68065991.75208755
2012-10-09,1.4072921058629932,1.7595105,119819510.61352432,68098207.20792761
2012-10-10,1.4796002375810806,1.79846745,122751327.72903688,68253294.06380798
2012-10-11,1.464452772359764,1.79078273,122412521.24424328,68356992.27691528
2012-10-12,1.4500375570735322,1.7833828,122101610.63638614,68466293.74040511
2012-10-13,1.4198444265441066,1.76778643,121161895.21836431,68538763.03279708
2012-10-14,1.3419697079201856,1.72624831,118429755.79785956,68605284.13659073
2012-10-15,1.4081899004862442,1.76179327,121150258.44110738,68765308.90659344
2012-10-16,1.3879474144850705,1.7507955,120628700.00325371,68899366.03289974
2012-10-17,1.4002689746229746,1.7561613,121439970.82156187,69150806.83167422
2012-10-18,1.3979314453416132,1.75473806,121600269.51255617,69298245.86614151
2012-10-19,1.3495230947738122,1.72901826,119962097.60146482,69381625.61768714
2012-10-20,1.3306470899836162,1.71932352,119410587.2327972,69452075.6819503
2012-10-21,1.3139015426458054,1.70878321,119126970.2402187,69714501.8414704
2012-10-22,1.333951271759356,1.71974123,120074124.85678738,69821042.12084709
2012-10-23,1.3222901922350385,1.71372613,119809710.6919438,69911818.81082936
2012-10-24,1.2991164476226207,1.70097555,119152521.5151102,70049520.41498198
2012-10-25,1.062776042398899,1.57445232,110209542.6635787,69998653.66744082
2012-10-26,0.8986977106398578,1.4868804,103908142.88185632,69883322.74865976
2012-10-27,0.9888833772856163,1.53614064,107359452.2635606,69889077.51542893
2012-10-28,1.0561014351218314,1.57242952,110032971.94699004,69976409.46539216
2012-10-29,1.0340137479752287,1.56040388,109303025.28727388,70047906.62740077
2012-10-30,1.0942440004843161,1.59285398,111730922.96557608,70145113.3427661
2012-10-31,1.1673777096288975,1.63149593,114761515.64391676,70341282.2144869
2012-11-01,1.0257993267317218,1.5558671,109351152.26178744,70283093.11366469
2012-11-02,1.0051155156779308,1.5453108,108570966.32866448,70258336.59394892
2012-11-03,1.0367531606683111,1.56238365,109888442.8581656,70333840.76834497
2012-11-04,1.0728402259585605,1.58109304,111480946.48035993,70508783.26575893
2012-11-05,1.056757418886306,1.57225848,110988015.00669368,70591455.80610491
2012-11-06,1.0894044140309351,1.58971981,112377596.36359228,70690190.59628645
2012-11-07,1.1097434366342296,1.60010198,113351810.41732705,70840366.3229809
2012-11-08,1.0917666777481294,1.5902082,112800328.17427774,70934314.24531564
2012-11-09,1.0701113448083848,1.57844306,112086886.48670004,71011042.03701846
2012-11-10,1.0816597590393595,1.5845781,112656246.94433863,71095420.88480121
2012-11-11,1.0741791728668528,1.58025646,112513802.7452792,71199710.67561983
2012-11-12,1.1213529912895133,1.60489338,114553210.17726928,71377458.2192303
2012-11-13,1.109622342434674,1.59806012,114283985.6430608,71514196.6267582
2012-11-14,1.0974280025533283,1.59128731,113956556.56966618,71612810.49219589
2012-11-15,1.15208911776768,1.62005507,116280258.27922516,71775497.28554916
2012-11-16,1.285908748596246,1.68971657,121879246.88485298,72129994.49064583
2012-11-17,1.2938598232674199,1.69344447,122430036.15735748,72296457.5020033
2012-11-18,1.2673000393856704,1.67867627,121635667.65306927,72459276.29218781
2012-11-19,1.285906375854512,1.6880353,122606667.6846322,72632762.88394693
2012-11-20,1.26928109065864,1.67898029,122156769.22172493,72756523.67647801
2012-11-21,1.2736430357882855,1.68083489,122558788.42453088,72915423.84899618
2012-11-22,1.4173042763455521,1.75627213,128528694.52003728,73182676.14941728
2012-11-23,1.4077257528045435,1.74998238,128506332.28966635,73432929.24450265
2012-11-24,1.4384571730436777,1.76602085,129990951.64110844,73606691.35990576
2012-11-25,1.4628915284442805,1.77806828,131302249.06549464,73845448.19926411
2012-11-26,1.3658617234297359,1.72578205,127781880.53740852,74042884.23176526
2012-11-27,1.3556310330824717,1.72025602,127606001.20753424,74178494.20316763
2012-11-28,1.3962850127639395,1.74127299,129501418.24305958,74371691.85232672
2012-11-29,1.4352629181590517,1.76192076,131296558.34348965,74518991.61656377
2012-11-30,1.4521010390632096,1.77041545,132265404.83013396,74708681.98203646
2012-12-01,1.4494640959676814,1.76938314,132383636.51287374,74819090.06597279
2012-12-02,1.4211074716327017,1.75501044,131435447.67419828,74891547.46805853
2012-12-03,1.4572318354591223,1.77399667,133154233.36785258,75058897.02028166
2012-12-04,1.6253158915951462,1.85774266,140688725.1480199,75731008.48533021
2012-12-05,1.5998495621982554,1.84294645,140131206.1600305,76036504.56584375
2012-12-06,1.6349665368843467,1.8612199,141916007.77403355,76248920.2775199
2012-12-07,1.6243433387712114,1.8543992,141952711.09091723,76549165.40673509
2012-12-08,1.6243222941435798,1.85513901,142238399.86091042,76672636.97986192
2012-12-09,1.5777384022130514,1.83087828,140663415.23017395,76828381.63887876
2012-12-10,1.608473305450817,1.84712224,142247713.40752953,77010449.18799177
2012-12-11,1.632472017743801,1.85959868,143595184.6435536,77218373.07582602
2012-12-12,1.636737001174103,1.86112478,144196440.98368603,77478115.67136623
2012-12-13,1.647578438174068,1.86515926,145159718.5870764,77826983.30386886
2012-12-14,1.601669547254393,1.84173767,143567118.0897054,77951990.89873934
2012-12-15,1.579314684384289,1.83124675,142867734.3583218,78016648.68938158
2012-12-16,1.5242258962950053,1.80326306,140813211.39073646,78088003.08410713
2012-12-17,1.5176939702658827,1.80108367,140722763.0080824,78132274.11477357
2012-12-18,1.5005884731512957,1.79259699,140256729.46752235,78242198.46956362
2012-12-19,1.5610927009510958,1.82412757,143121219.03343675,78460093.13561153
2012-12-20,1.5625395696311495,1.82505515,143490007.60708508,78622285.8016565
2012-12-21,1.5214578751324825,1.80384887,142040745.08449155,78743151.62804717
2012-12-22,1.5175372330602694,1.80284753,142073550.82732213,78805083.88156492
2012-12-23,1.4868861049129336,1.78784107,140959696.01551637,78843527.19087964
2012-12-24,1.5107805064756261,1.80152292,142152977.4285975,78907115.66889058
2012-12-25,1.4921416962857648,1.79274659,141547568.56591237,78955703.69815199
2012-12-26,1.5105509444119252,1.80324201,142543318.60627088,79048357.2453322
2012-12-27,1.4931235008361066,1.79484765,142008694.9528471,79120194.38131537
2012-12-28,1.5025241178340922,1.80018039,142661206.94968933,79248284.08429076
2012-12-29,1.4793243153363729,1.78895887,141845218.84627357,79289256.5754033
2012-12-30,1.4930491578971974,1.79682629,142654149.83023795,79392287.73764099
2012-12-31,1.509504759656655,1.80428719,143774388.85573012,79684869.26725347
2013-01-01,1.4533373488815093,1.77533304,141555033.526106,79734354.25169916
2013-01-02,1.438238853579848,1.7682754,141066803.57478377,79776489.32670996
2013-01-03,1.4600789437756092,1.78037669,142220115.00415587,79882036.08987707
2013-01-04,1.4718366482253293,1.78670376,142990314.83320323,80030231.10736792
2013-01-05,1.4700715847715213,1.78641402,143119456.47290248,80115502.26912263
2013-01-06,1.477607573013921,1.79112313,143647868.1839974,80199884.51826726
2013-01-07,1.4861551630231364,1.79609055,144253304.1864724,80315162.38781635
2013-01-08,1.533661140463163,1.82064961,146685836.611271,80567856.55273394
2013-01-09,1.5386882014056975,1.82378518,147162973.2718943,80690957.95147009
2013-01-10,1.6037193917764856,1.85730887,150432832.95029324,80995054.39302255
2013-01-11,1.6218247549600353,1.86676138,151586978.3821996,81203189.65576607
2013-01-12,1.6133160941170672,1.86299654,151488250.3585849,81314295.06497361
2013-01-13,1.5944997807983088,1.85333941,150965188.42076927,81455769.84237835
2013-01-14,1.6265665868676142,1.87068729,152697071.2694429,81626187.38348454
2013-01-15,1.6184044657022107,1.86625363,152694164.3996857,81818549.17527243
2013-01-16,1.7045344110130158,1.91141576,156947302.6534576,82110499.42031325
2013-01-17,1.9015134652736245,2.0121271,166496176.12116817,82746351.42142272
2013-01-18,1.9165090783287173,2.01889919,167794592.57786348,83111922.2836795
2013-01-19,1.8768627461820582,1.99859889,166491554.2221384,83304136.24023297
2013-01-20,1.8996579143744798,2.01174993,167946784.3596339,83482932.87110187
2013-01-21,2.1315296176139156,2.13015937,179342361.50712705,84191992.40812065
2013-01-22,2.224510029883246,2.1703499,184953009.29499075,85218060.59704508
2013-01-23,2.2587817942398267,2.18559134,187533596.66876215,85804511.22612983
2013-01-24,2.09424834393781,2.09953529,180805534.9904228,86116930.66155739
2013-01-25,2.1962726706406004,2.15223509,186279514.74057025,86551657.67256877
2013-01-26,2.213581472122861,2.16087068,187914933.1848493,86962600.27224271
2013-01-27,2.2609955103403507,2.18079976,191311673.7282993,87725465.32575704
2013-01-28,2.450048636369056,2.27526587,201336191.07948732,88489083.29095066
2013-01-29,2.571623413754444,2.32416991,209131188.1878217,89981023.88642561
2013-01-30,2.5874184881961195,2.32557517,211593616.68692908,90985498.73446107
2013-01-31,2.7203671421373423,2.38254625,219992291.29369807,92334951.01876746
2013-02-01,2.6513103675272505,2.33077644,219332192.91977447,94102629.98873219
2013-02-02,2.4516916738180132,2.2350697,210747024.72484177,94291030.26399659
2013-02-03,2.637389456434435,2.32891208,220964098.0580997,94878677.4544532
2013-02-04,2.5825566842578622,2.30317042,219561293.9260665,95330025.09039974
2013-02-05,2.604955773021123,2.31494333,221998394.40214977,95897982.2638465
2013-02-06,2.696959173428705,2.36137756,227977548.32355472,96544302.01477595
2013-02-07,2.861313464839864,2.44320117,237835974.95012105,97346046.60087039
2013-02-08,2.963149307176289,2.48951622,245122315.0456336,98461826.87077798
2013-02-09,3.1246693703168393,2.57029343,255388554.4778444,99361633.77184696
2013-02-10,3.124322981128995,2.57573299,257275617.02012607,99884428.24585092
2013-02-11,3.207742114328936,2.61956557,263799244.59175792,100703432.51295593
2013-02-12,3.2615598689040532,2.64695645,269081466.77380985,101656930.08428977
2013-02-13,3.14457690806653,2.58643345,265544956.46981996,102668389.34897782
2013-02-14,3.6202914022860457,2.81731895,294105249.0844797,104391889.70225741
2013-02-15,3.528888724447964,2.76388477,293028956.04663503,106020684.80830154
2013-02-16,3.5077721722508866,2.75541364,295044317.1963433,107078049.15865311
2013-02-17,3.375017065759572,2.69341809,290651131.11740917,107911628.05229735
2013-02-18,3.329072859973615,2.67527962,290776965.61656386,108690307.90006311
2013-02-19,3.744032808571372,2.87905367,317724200.6113014,110357164.89831933
2013-02-20,3.7547426902887286,2.88625353,322255643.80652446,111651883.81996521
2013-02-21,3.695295456206007,2.8644687,322368057.7381488,112540261.91249664
2013-02-22,3.7516723267832104,2.89510636,329574421.14223325,113838450.18468794
2013-02-23,3.5744242879677435,2.81513609,322491376.7507662,114556229.76676989
2013-02-24,3.525973544117821,2.78872419,323434465.29659873,115979366.64242108
2013-02-25,3.5326059658452724,2.77552491,328667440.2015882,118416317.94311231
2013-02-26,3.616480195370115,2.82058485,337497493.39161247,119655146.48198316
2013-02-27,3.5819639742471274,2.81550442,338566011.4145815,120250570.02559474
2013-02-28,3.85951063513222,2.93242114,361844584.44544506,123394480.93238239
2013-03-01,3.9912598662360494,2.99916694,375321808.1992343,125142019.67004688
2013-03-02,3.848811118852419,2.94238341,370426924.4308168,125893492.72833781
2013-03-03,3.840686180719798,2.95351788,373909556.3316863,126598033.77648294
2013-03-04,4.080731284451697,3.07990408,394959476.3920038,128237589.91611317
2013-03-05,4.646188712067867,3.34059331,441752606.2081985,132237768.92740005
2013-03-06,4.885070552040651,3.41073072,470289960.4404088,137885397.3087646
2013-03-07,4.549003830329904,3.24461202,455925257.05245566,140517650.25898403
2013-03-08,4.735351664702729,3.35334641,477355001.1927356,142351830.92603177
2013-03-09,5.03962394471598,3.50857536,510016056.5521488,145362719.68578973
2013-03-10,4.799002911722264,3.41442475,501279796.2860608,146812371.91888937
2013-03-11,4.986412570149224,3.52669627,525515935.5891092,149010829.216974
2013-03-12,4.339312364955797,3.21775227,483629745.12947994,150300490.69920474
2013-03-13,4.591679358604114,3.35448171,512155115.66173303,152677867.98030657
2013-03-14,4.477075492630549,3.31080577,511377878.5672529,154457227.05963898
2013-03-15,4.3775009584193505,3.27320999,511328419.90344656,156216198.00306383
2013-03-16,4.324943619660389,3.26643484,514309258.64967304,157452783.79705045
2013-03-17,4.265530615210192,3.25507816,516481367.16659826,158669421.06440794
2013-03-18,4.6666807425616845,3.46957223,560719989.7876501,161610697.98153478
2013-03-19,5.484416331952686,3.86035942,649756841.9880818,168315115.5878853
2013-03-20,5.778924670448274,4.00566845,695837672.1730056,173713246.82975337
2013-03-21,6.33184623526003,4.23461019,775218245.3974286,183067203.50036013
2013-03-22,5.966049048235237,4.05568242,763905914.7281493,188354470.49824706
2013-03-23,5.204761419742501,3.70672564,704506765.9267925,190061751.08411652
2013-03-24,5.79497096989997,4.02556381,784805096.648121,194955323.94706243
2013-03-25,5.831076760035681,4.02378239,813794255.4041623,202246090.00392845
2013-03-26,6.037786069879543,4.15075356,861180389.8495988,207475673.3689578
2013-03-27,6.725877656277769,4.49610198,973622415.6559086,216548116.56560972
2013-03-28,6.319243269652793,4.28052357,961105316.7911923,224529850.3965935
2013-03-29,6.298189072412741,4.30087359,990247183.1166803,230243266.25621197
2013-03-30,6.196410412924553,4.24924608,1011419720.7924916,238023334.4340678
2013-03-31,6.117214530763766,4.26532297,1030569006.8238,241615702.74332592
2013-04-01,6.583993469612439,4.45266486,1137334458.8175838,255427815.60649142
2013-04-02,7.222594959855709,4.75336825,1281698828.0109138,269640128.97820693
2013-04-03,7.759419290832864,4.85046378,1443802753.8911293,297662825.5311143
2013-04-04,7.438680557507978,4.73920513,1462142594.2058332,308520638.8198337
2013-04-05,7.570788631216805,4.71276367,1568446691.1457827,332808263.04319704
2013-04-06,7.211266537162732,4.6145611,1574041675.7197354,341103225.5526393
2013-04-07,7.954674850400037,5.04960835,1792203246.3633568,354919257.5228843
2013-04-08,8.644229894472106,5.33290242,2051533382.1581576,384693590.9542027
2013-04-09,9.933498558068639,5.64074143,2540595996.9176526,450401073.76764697
2013-04-10,6.000068067833706,3.7993504,1776045793.8589313,467460383.1904873
2013-04-11,2.1771435701785795,2.09881888,913752860.3457971,435365275.70487505
2013-04-12,3.5719659469219067,2.84072926,1229190266.5977046,432702364.10973734
2013-04-13,2.8684859359908215,2.50198944,1076690513.5022545,430333756.125787
2013-04-14,2.4351190016146402,2.29456796,980538999.3715825,427330554.7993368
2013-04-15,2.058799166616908,2.11528578,892740541.5981705,422042520.23013675
2013-04-16,1.4709920020194747,1.81094891,754050004.8171343,416383919.3106415
2013-04-17,2.6021893501727544,2.42321708,1025893606.645838,423360174.83247435
2013-04-18,3.281886506390203,2.78425484,1200445302.7335455,431154966.6673276
2013-04-19,3.687223568214843,3.00006559,1315605195.2017653,438525477.4385667
2013-04-20,4.020983956735727,3.18525555,1417754798.362304,445099231.7907755
2013-04-21,3.511773339510447,2.91485166,1310734486.5240817,449674508.144295
2013-04-22,3.788159944818651,3.07341776,1397849284.9436216,454819160.3290604
2013-04-23,4.368055530548856,3.38292483,1573439237.5551858,465112089.870228
2013-04-24,4.706775233830082,3.50996743,1706978240.3145523,486323099.6746178
2013-04-25,4.0484957686913186,3.16156158,1562233498.5647995,494133503.02820915
2013-04-26,3.8195797495748693,3.0583438,1520730335.2407103,497239824.7838292
2013-04-27,3.3916344874922295,2.83739563,1421641367.3100145,501037413.4219747
2013-04-28,3.593687596803832,2.9627086,1493159121.3612576,503984469.26614976
2013-04-29,3.877487141914688,3.11966325,1595678942.2531545,511490764.98982847
2013-04-30,3.630482288857509,3.00006777,1544261147.854558,514742087.9277531
2013-05-01,2.718054236280193,2.52047369,1289236474.6378202,511505626.8005797
2013-05-02,2.33264499883709,2.32100761,1181083037.8412025,508866508.12885636
2013-05-03,1.9418469687433089,2.10886798,1070079113.3807203,507418730.5839412
2013-05-04,2.5379578756782055,2.45598818,1250294771.117999,509080125.5883891
2013-05-05,2.660920695944355,2.53233335,1295132003.6953247,511438197.3823962
2013-05-06,2.4757787808256104,2.43394807,1247009913.3498368,512340394.07826674
2013-05-07,2.4368742195248734,2.41884231,1241813188.5874398,513391544.15049064
2013-05-08,2.4746001615462894,2.44959787,1259268268.1225033,514071425.169268
2013-05-09,2.4133993583509197,2.42161822,1246798888.297063,514861871.28913456
2013-05-10,2.603948800337571,2.54554421,1310956317.571587,515000412.2582444
2013-05-11,2.4989689590530633,2.486801,1287073482.2220523,517561912.76344687
2013-05-12,2.45717709013848,2.46930854,1280712746.181832,518652377.9575282
2013-05-13,2.525640676936332,2.5169175,1309302108.7737687,520200645.7397863
2013-05-14,2.1760629088836074,2.31657619,1203339070.9115355,519447223.9272801
2013-05-15,2.1994998407059057,2.33507149,1216232218.9945962,520854382.49027497
2013-05-16,2.321026254279414,2.41471463,1260518014.3158429,522015313.3854342
2013-05-17,2.4534148837546335,2.50090692,1309736635.921785,523704671.0725984
2013-05-18,2.4581103087786937,2.50453812,1320062670.4666245,527068308.4937931
2013-05-19,2.401662981610948,2.47744864,1307829010.9559853,527893490.8438648
2013-05-20,2.4103019122889044,2.48938747,1316978462.5665684,529037154.09420305
2013-05-21,2.374278607341104,2.4741524,1311087675.4844851,529913870.90160054
2013-05-22,2.4142221185343047,2.50485148,1330852943.0606723,531310121.05383277
2013-05-23,2.5514083110307584,2.59511089,1384500610.9001327,533503449.2110403
2013-05-24,2.6989389154514627,2.69072496,1443736428.8167455,536560388.1032663
2013-05-25,2.655529952261844,2.65472177,1442855585.1916244,543505387.8326483
2013-05-26,2.676917898080573,2.67740913,1458097147.7882545,544592580.7342917
2013-05-27,2.533157820578214,2.59424673,1416468208.5524218,546003659.6258606
2013-05-28,2.4976468413136685,2.57846403,1411493100.4122276,547416246.257361
2013-05-29,2.5903594189175947,2.63946924,1453071288.9468243,550516470.1017028
2013-05-30,2.472134079802484,2.56977125,1419412080.6870399,552349583.9122022
2013-05-31,2.492277112280405,2.58656508,1434594990.9957867,554633247.8113354
2013-06-01,2.503604917125055,2.59949225,1446220280.4782424,556347217.6069163
2013-06-02,2.29346623610116,2.47023042,1377608657.543742,557684273.6572493
2013-06-03,2.2878670753816293,2.47098358,1381886143.747886,559245376.9959434
2013-06-04,2.18759605603295,2.41037014,1351513939.6042109,560708049.4302053
2013-06-05,2.192782414266367,2.41605705,1359715910.585036,562783031.3795927
2013-06-06,2.1173579683070667,2.36554851,1339826275.5327003,566391375.9826893
2013-06-07,1.8390878712763725,2.19162685,1240602181.996858,566064511.3910965
2013-06-08,1.8014891172757677,2.17144932,1229622253.647046,566267995.4451095
2013-06-09,1.5150227295539482,1.98865953,1125560431.9740229,565989509.5134876
2013-06-10,1.6461845539369868,2.07770045,1176194806.7851157,566104130.5473634
2013-06-11,1.732862475932624,2.13557988,1212181136.8634653,567612173.2629666
2013-06-12,1.6935155022175796,2.11326913,1199986618.4765875,567834262.773993
2013-06-13,1.5392461976428635,2.01619261,1143444218.8040175,567130448.3176423
2013-06-14,1.4728593185633037,1.97525553,1120071870.5583663,567051631.3189951
2013-06-15,1.4886344042035768,1.98785838,1127975169.678079,567432358.8776374
2013-06-16,1.4597763784133038,1.97078129,1118983801.8092291,567786901.3102053
2013-06-17,1.4886313460325364,1.99247389,1131638994.8992243,567956749.9372473
2013-06-18,1.6074706104290506,2.07413684,1179053256.332172,568454903.0680984
2013-06-19,1.6058822928305405,2.07549068,1180855103.9925802,568952255.6625406
2013-06-20,1.5984076533486307,2.07320647,1180197648.0023773,569261993.477368
2013-06-21,1.5094701927213583,2.01650897,1147741147.2686293,569172349.0169396
2013-06-22,1.4650819962021513,1.9886398,1132593774.1355276,569531885.1284821
2013-06-23,1.469689938088274,1.99397986,1136123648.4934285,569776892.5777557
2013-06-24,1.42862816609438,1.96797679,1122122201.3206155,570190770.0449127
2013-06-25,1.3903614547787204,1.94416036,1108764901.010749,570305271.0172268
2013-06-26,1.4103634692649765,1.95910003,1118474982.9060793,570912646.5104895
2013-06-27,1.3545905378815766,1.92349796,1097930048.4829865,570798655.0102639
2013-06-28,1.1415312357521852,1.78128607,1014611777.0377716,569595077.4699382
2013-06-29,1.1212664651359956,1.76821188,1007870547.3911984,569994217.7694216
2013-06-30,1.140474159190286,1.78301213,1015972024.1892608,569806568.9487267
2013-07-01,0.9481700291520416,1.65189371,941209016.6120192,569775773.6555697
2013-07-02,1.0878098622836452,1.74762367,997754431.1692209,570920644.0132623
2013-07-03,0.7994518260352219,1.55181119,883071892.5020887,569058850.840023
2013-07-04,0.8425341214546078,1.58276019,899806198.6680473,568504442.020397
2013-07-05,0.5176548920081894,1.36137275,767229523.1070461,563570501.251069
2013-07-06,0.49562760948949824,1.34844416,754959359.3341,559874395.7881801
2013-07-07,0.6615277496450307,1.46501861,820931924.913814,560355970.4363168
2013-07-08,0.7153374705633271,1.50296907,842678930.7251656,560676162.6339827
2013-07-09,0.7419400967862653,1.52222014,853313924.2172979,560571957.8886257
2013-07-10,1.0244420373743794,1.71733658,969055184.2081405,564277961.2882528
2013-07-11,1.0929177602250166,1.76516035,997748975.538166,565245517.5180918
2013-07-12,1.1602577837028014,1.81083744,1027164025.2222648,567231493.3041503
2013-07-13,1.1982645876678093,1.83583015,1045157621.0198286,569310630.9534292
2013-07-14,1.147470200928714,1.80117415,1026141810.2478448,569707160.3253049
2013-07-15,1.25545949954378,1.87663807,1071090138.1246268,570749445.6427747
2013-07-16,1.196958475875629,1.83749352,1048455135.85242,570589841.2378727
2013-07-17,1.1750915311962098,1.8238974,1040309905.5094006,570377426.6630353
2013-07-18,1.0048181160484315,1.7072557,971287993.0724019,568917704.0512455
2013-07-19,1.0414944210822585,1.7344736,986256159.2696025,568619873.6432786
2013-07-20,1.0037780808887324,1.70903901,971464273.6029056,568427208.4596276
2013-07-21,1.0243593115677092,1.72424963,980511137.9098779,568659619.1468389
2013-07-22,1.0233856940418995,1.72449453,980689069.3884345,568682041.2172804
2013-07-23,1.0594045174207107,1.75049177,996201703.9889263,569098193.4687567
2013-07-24,1.0905650149008175,1.77287254,1010006369.1996826,569700498.1529481
2013-07-25,1.1447858259718346,1.81143598,1033415205.0483528,570495019.6740339
2013-07-26,1.137369675490301,1.80661592,1031696975.948226,571066027.1100821
2013-07-27,1.084219339591148,1.76941732,1011243794.396458,571512318.188712
2013-07-28,1.210260375568333,1.85884089,1064171803.5196216,572492142.4122651
2013-07-29,1.2241425232431662,1.869772,1070930477.4557556,572759928.7270082
2013-07-30,1.3141166344208561,1.93317595,1109984156.8689988,574176477.2466773
2013-07-31,1.3465874408311822,1.95512089,1126123141.31779,575986450.2894193
2013-08-01,1.3025304153546096,1.92448734,1109819030.9985118,576682947.1575073
2013-08-02,1.2822193089005547,1.90836477,1104608731.1131315,578824734.3892916
2013-08-03,1.2547059674112788,1.88398021,1098486159.2511232,583066718.7587513
2013-08-04,1.2756257113464706,1.89918712,1108794709.9167907,583825942.2888203
2013-08-05,1.3031282388856857,1.91794773,1122621651.9925427,585324424.8697761
2013-08-06,1.3044332797646587,1.91969225,1124743992.2394073,585898074.1519414
2013-08-07,1.28433921186962,1.90613164,1118090163.2384176,586575522.7894007
2013-08-08,1.2046772868952,1.85073304,1086351798.3907125,586984602.8094428
2013-08-09,1.1534810635188826,1.81530455,1066235602.3404772,587359075.555932
2013-08-10,1.1741537272561509,1.83035886,1076189159.8915143,587966208.9277478
2013-08-11,1.1989888136655502,1.84834368,1087977184.081411,588622773.9212499
2013-08-12,1.2291250869906243,1.87013093,1102054997.7442284,589292963.4312975
2013-08-13,1.2836369957816667,1.90506811,1129204302.8443928,592736971.9313567
2013-08-14,1.3171646855725652,1.92870802,1145355378.3299043,593845914.701959
2013-08-15,1.2845125083883637,1.90518517,1134044440.8692153,595241060.4105297
2013-08-16,1.2863251378271856,1.90684121,1136591430.502224,596059821.1018441
2013-08-17,1.3191565092530875,1.92994937,1152554547.2100892,597194188.1615729
2013-08-18,1.3038936213506511,1.91982911,1147801318.6184745,597866400.0039433
2013-08-19,1.397378486335571,1.98520771,1189988562.0702424,599427735.4837809
2013-08-20,1.4389833704207198,2.01417621,1210354339.8885968,600917801.471102
2013-08-21,1.6030523908525793,2.12829753,1283881982.2616355,603243655.6281844
2013-08-22,1.5627469756087198,2.10024403,1269660463.9345877,604529971.6598113
2013-08-23,1.5072603189577531,2.06093411,1249024180.0524876,606047604.3324295
2013-08-24,1.534924151892413,2.08130944,1263266573.0667617,606957595.4389375
2013-08-25,1.642319937108736,2.15729459,1312420941.7375212,608364266.9022413
2013-08-26,1.610037151791273,2.13483001,1301692972.2303731,609740806.590204
2013-08-27,1.7529292315366416,2.23422335,1367690448.2567008,612154755.3679898
2013-08-28,1.7588134772658364,2.23736392,1374693335.0953615,614425450.7757332
2013-08-29,1.7632212272285799,2.23910779,1381275915.5939937,616886744.6948563
2013-08-30,1.9132931189764268,2.34219842,1452234606.6235754,620030563.6887825
2013-08-31,1.9936073086092019,2.39605237,1493564144.4711514,623343697.8137299
2013-09-01,2.037908841447982,2.42498554,1519396350.386524,626558932.1355392
2013-09-02,2.0003073854757862,2.39758629,1508790670.616328,629295669.9449295
2013-09-03,1.9743045266269095,2.37429811,1504962196.1589904,633855618.1384445
2013-09-04,1.7935350079049304,2.2514393,1427948371.6106348,634238005.7106736
2013-09-05,1.782543937406395,2.24501895,1426641209.9716427,635469562.50487
2013-09-06,1.659562510828327,2.16099099,1374619240.9086456,636105956.6049582
2013-09-07,1.704454449130427,2.19342788,1397841319.7749674,637286200.5268973
2013-09-08,1.65376356653006,2.15970205,1377799328.1506035,637958059.1455213
2013-09-09,1.7279368966755686,2.21003514,1415782620.8170395,640615434.2039284
2013-09-10,1.745642575965001,2.22281192,1427531142.4900775,642218592.4259744
2013-09-11,1.861791473070266,2.30280245,1485081826.0684192,644901965.4588343
2013-09-12,1.840913363867338,2.28428174,1482163619.7065523,648853245.0933799
2013-09-13,1.8496703843403046,2.29152617,1490143761.5314112,650284417.8870587
2013-09-14,1.761175335845552,2.22795516,1455040679.577894,653083466.7147852
2013-09-15,1.7736127475041894,2.23809743,1464124509.9748642,654182651.0094622
2013-09-16,1.7942605394088997,2.25259491,1477817489.4534793,656051153.6685836
2013-09-17,1.80525567223375,2.26165636,1486495300.3342347,657259576.0455115
2013-09-18,1.7974892412879286,2.25652894,1487095731.9570744,659019126.9415203
2013-09-19,1.7153081193423276,2.19436054,1455778304.7065315,663418010.9283826
2013-09-20,1.6784976931122497,2.17030968,1441629837.4185216,664250752.1869053
2013-09-21,1.688170047119708,2.17848848,1449093328.1527317,665182919.9265409
2013-09-22,1.671691516524191,2.16687478,1445220763.3623857,666960904.5716918
2013-09-23,1.6603742343743249,2.16034239,1442822936.2453976,667867715.2862781
2013-09-24,1.677204031477953,2.17210146,1454419613.7691677,669591011.5401182
2013-09-25,1.6666550963976545,2.16519894,1452902992.2411437,671025172.5142374
2013-09-26,1.6875016728762238,2.18059655,1466003013.6950533,672294475.4246508
2013-09-27,1.7290772092611286,2.21042861,1489137138.583718,673687054.1065418
2013-09-28,1.7282679009559097,2.21128719,1491947162.079724,674696244.2629281
2013-09-29,1.7300422309350028,2.21364079,1496159404.7674823,675881747.1770035
2013-09-30,1.6982517051463768,2.19174983,1484686328.3955572,677397715.7765114
2013-10-01,1.7280225532417672,2.21273466,1502770219.4961276,679146147.372287
2013-10-02,1.1556213656012935,1.81680607,1226799379.0197356,675250594.5886319
2013-10-03,1.480746743637027,2.04455417,1386122765.6461065,677958444.9191221
2013-10-04,1.5826081519853603,2.11654681,1438011746.3037417,679414100.132159
2013-10-05,1.5648960946698491,2.10462698,1432343798.268721,680568961.5690098
2013-10-06,1.586332663628358,2.12014896,1445675300.8478029,681874400.394868
2013-10-07,1.6057728204354835,2.126249,1463057012.7486484,688092980.9954753
2013-10-08,1.6212825165927638,2.13762894,1473712894.0913742,689414737.2889582
2013-10-09,1.6431547022278543,2.15267013,1488057525.9822075,691261287.6651971
2013-10-10,1.656460642941333,2.16263506,1497777548.195321,692570640.2796046
2013-10-11,1.6638873558406235,2.16817047,1504875330.897519,694076112.427414
2013-10-12,1.6721882793800042,2.174057,1512606987.9574847,695753141.6874005
2013-10-13,1.7755384283391444,2.2466238,1567339903.1262674,697642348.0986302
2013-10-14,1.8365489921659777,2.28766824,1602790253.0088177,700621805.6376994
2013-10-15,1.971786499136912,2.37863355,1676598789.1738577,704857958.9629759
2013-10-16,1.8820197672172434,2.31116231,1639810397.0114093,709517626.6574758
2013-10-17,1.9989985923548905,2.38998533,1704652669.2151957,713248172.6217104
2013-10-18,2.1999900215337487,2.52745724,1812451441.576331,717104690.3948139
2013-10-19,2.4855299696863344,2.71725799,1967567120.8951907,724100224.6147377
2013-10-20,2.4845331237214707,2.71537286,1977029419.9140136,728087640.9415146
2013-10-21,2.7549217634431704,2.87138391,2137214991.9755812,744315305.4290051
2013-10-22,2.952596137890887,2.97641992,2263020795.417627,760316372.0990103
2013-10-23,3.226246596056434,3.12646993,2432895570.4868827,778160553.2623442
2013-10-24,2.9586119101300863,2.94581752,2312767940.308798,785102242.2830855
2013-10-25,2.6902130370674775,2.72008931,2209572235.7949986,812316061.7086498
2013-10-26,2.5412255711662617,2.63011758,2140934160.0580127,814007014.8719407
2013-10-27,2.8515960281956856,2.83044183,2317285644.51419,818701031.0380378
2013-10-28,2.866516173031119,2.84330802,2338733568.2027926,822539644.5801861
2013-10-29,3.0080436428624746,2.92026025,2436705089.238289,834413675.7120496
2013-10-30,2.838362238776115,2.81514522,2359863678.14306,838274225.2078421
2013-10-31,2.930074881556311,2.87412323,2425126130.0443306,843779454.1065418
2013-11-01,2.896962618884406,2.85280581,2423240758.0521526,849423661.9814485
2013-11-02,2.9118711853729797,2.86731813,2445230033.221009,852793419.6199598
2013-11-03,3.003023995522402,2.92760426,2511700501.1634665,857937165.7163345
2013-11-04,3.3363688734653523,3.1028572,2733981942.237586,881117552.6342579
2013-11-05,3.588929187559352,3.23550814,2912502205.740773,900168406.2339504
2013-11-06,3.938198418299825,3.44238515,3147490420.3602624,914334184.9357741
2013-11-07,4.382895104375941,3.65033333,3470383248.6146903,950703109.7937268
2013-11-08,5.136531618155543,4.05004446,3993348230.4100823,986001084.6424345
2013-11-09,4.960042612039536,3.9318261,3962273330.7985,1007743788.7699306
2013-11-10,4.78845602584856,3.83414476,3921872793.421458,1022880730.6225594
2013-11-11,4.970563326440834,3.93601752,4104735225.964338,1042865080.0223923
2013-11-12,5.072002476735024,3.97746675,4249624605.7628994,1068424922.9142895
2013-11-13,5.654435399161817,4.2842717,4728901632.958957,1103781917.6965263
2013-11-14,5.8728799871744,4.37591685,4996939801.062879,1141918361.8772094
2013-11-15,5.562475483831464,4.19286144,4899015075.351959,1168418070.918165
2013-11-16,5.879651173867232,4.38705732,5229805659.898808,1192098775.6546586
2013-11-17,6.506340524962207,4.73725385,5826545586.004729,1229941601.2939076
2013-11-18,8.82558957027435,5.88406778,7899304673.5368,1342490428.2011518
2013-11-19,6.760655738647024,4.73213355,6569699293.6366005,1388316543.5254042
2013-11-20,7.1822787857610715,4.91891962,7154302952.639276,1454445997.3589234
2013-11-21,8.575341256271916,5.68827806,8664265762.149416,1523179013.184425
2013-11-22,9.04840597373243,5.68433725,9655268663.116905,1698574211.6403995
2013-11-23,8.890242633850393,5.59412815,10036147278.0914,1794050298.6316822
2013-11-24,8.128393992520357,5.296892,9713193626.185358,1833753383.3397696
2013-11-25,7.827635621335458,5.13246251,9825949964.087608,1914470869.47891
2013-11-26,8.35277776588762,5.08521124,11031632653.28196,2169355830.591211
2013-11-27,8.359411310413822,5.07240404,11599523735.799128,2286790177.660833
2013-11-28,8.30805569037498,5.00804872,12139861320.258245,2424070131.7015634
2013-11-29,8.913072743264065,5.25316203,13606971765.944044,2590244064.0963902
2013-11-30,8.3462303361737,5.06423911,13498231256.36596,2665401645.374908
2013-12-01,6.663953878842167,4.31245878,11635980790.70606,2698224234.5528135
2013-12-02,7.0504497098343215,4.55216972,12560905292.9521,2759322711.050435
2013-12-03,6.884707564645988,4.5167953,12720803700.708138,2816333895.1198735
2013-12-04,7.234592598078413,4.71817918,13707359422.576458,2905222311.327409
2013-12-05,6.156748312280215,4.1962207,12413127183.57118,2958168330.7484713
2013-12-06,4.489969635143444,3.37225697,9966834404.933245,2955538232.58411
2013-12-07,3.509328850994285,2.86818513,8509735774.126515,2966940901.1009393
2013-12-08,4.052693910785262,3.17322401,9478800440.282375,2987119853.628731
2013-12-09,4.802101214854638,3.60228356,10843715165.309874,3010233643.3808875
2013-12-10,5.2715321074150365,3.88194448,11829651680.430897,3047352104.4357896
2013-12-11,4.441689179631678,3.43846013,10602057499.42278,3083373690.135758
2013-12-12,4.353466589716717,3.41655496,10579709783.987026,3096601666.8401628
2013-12-13,4.313964979926684,3.40755236,10654176526.3605,3126636189.4907174
2013-12-14,4.081870348501999,3.3146272,10339677758.523289,3119408951.4873013
2013-12-15,4.094685764242694,3.34036895,10479352569.42843,3137184163.272872
2013-12-16,2.8195103943727644,2.62754698,8224916173.90927,3130264172.825283
2013-12-17,2.83056410814917,2.64569174,8285802128.534398,3131809349.99419
2013-12-18,1.7890850080714744,2.04906035,6388734258.019822,3117884867.578362
2013-12-19,2.821491992558004,2.65997338,8328266413.950219,3130958556.416162
2013-12-20,2.2488353811778548,2.33082877,7294550562.680974,3129595213.7577972
2013-12-21,2.1891481393340992,2.28074868,7258264529.66744,3182404354.0244164
2013-12-22,2.320348299847423,2.38571042,7479444000.956697,3135101367.81676
2013-12-23,2.5785340680343567,2.54494127,8004147786.483797,3145120824.9233184
2013-12-24,2.484450247402416,2.46859013,7918550774.870092,3207721961.875499
2013-12-25,2.636790999038511,2.56119713,8257497461.986458,3224077274.358986
2013-12-26,3.0604146572936846,2.81662728,9133825877.176537,3242823763.7379327
2013-12-27,2.857199932189726,2.69881739,8803142106.234312,3261851705.4369183
2013-12-28,2.7940752845544217,2.67127051,8723978064.968456,3265853470.2157354
2013-12-29,2.8428770783796895,2.70995202,8866192331.1518,3271715611.8327885
2013-12-30,2.873875849450051,2.73973508,8972642048.597748,3275003526.4715257
2013-12-31,2.815183917440181,2.71424112,8900576826.673786,3279213759.2675576
2014-01-01,2.9333891080259433,2.79859382,9183165093.455942,3281349736.367224
2014-01-02,3.0990947724770725,2.90688604,9583074897.837929,3296680628.676427
2014-01-03,3.1976600698845674,2.97276592,9858181723.776413,3316164807.142438
2014-01-04,3.269657953265381,3.00082617,10122194340.197912,3373135852.183638
2014-01-05,3.6540191353696496,3.23751863,11029131128.078058,3406661826.0905757
2014-01-06,3.675367368150675,3.25855458,11179698056.752884,3430876415.3807373
2014-01-07,3.005346017090081,2.85648041,9824903933.288067,3439513850.2938538
2014-01-08,3.06665457404958,2.89105715,10040908200.522083,3473092256.4163365
2014-01-09,3.098518588866696,2.91922133,10175445727.85334,3485671203.921129
2014-01-10,3.1935977042667485,2.98942387,10448273116.754469,3495079176.160612
2014-01-11,3.3536765364959753,3.08800818,10896894253.595793,3528777651.617423
2014-01-12,3.076934300232314,2.92251348,10357811150.308756,3544144867.488774
2014-01-13,2.929486246303577,2.83904175,10087826041.53968,3553250332.2783756
2014-01-14,2.862376430617274,2.80186801,9998161334.875166,3568391265.823819
2014-01-15,2.9719019471952617,2.87183201,10318376649.711952,3592959690.463215
2014-01-16,2.8114224407418713,2.77584537,10012569710.009302,3607034389.674704
2014-01-17,2.6696908981399123,2.69438096,9733004778.696543,3612334307.28242
2014-01-18,2.7416743891877307,2.74847429,9944659822.824736,3618247352.3609843
2014-01-19,2.8708781738525,2.83776277,10299980451.51209,3629612933.2587204
2014-01-20,2.7990034587018724,2.79830469,10186783630.981592,3640341120.602414
2014-01-21,2.752768799761732,2.77609902,10127927256.795616,3648258647.7753286
2014-01-22,2.706531279943941,2.75067841,10072336523.972544,3661764489.57279
2014-01-23,2.6479194717366155,2.72035724,9976871686.178234,3667485850.5635953
2014-01-24,2.4779716285036444,2.61463948,9612946133.97756,3676585704.2660275
2014-01-25,2.5803528887503187,2.68630023,9903784380.883541,3686774944.319437
2014-01-26,2.6152766581252056,2.7159709,10031182805.819489,3693405848.28044
2014-01-27,2.241269605456759,2.47713004,9150166197.270039,3693857831.2465334
2014-01-28,2.465758978876219,2.62930512,9738106157.737011,3703680521.390766
2014-01-29,2.466154021666192,2.63373693,9780656581.472433,3713604221.4635434
2014-01-30,2.481565190744557,2.64884556,9859251033.905348,3722093572.682791
2014-01-31,2.4862846668050618,2.65797129,9909353329.872757,3728164170.6042495
2014-02-01,2.516960416625251,2.67963991,10036340766.906248,3745406511.319742
2014-02-02,2.5088895609822344,2.68024654,10055818147.18954,3751825810.467995
2014-02-03,2.4582543063802897,2.65176796,9966954727.41484,3758607418.80856
2014-02-04,2.4124452824254057,2.627458,9884938387.457537,3762167991.822338
2014-02-05,2.277089773491631,2.49283475,9695439645.56509,3889323047.0110745
2014-02-06,2.1662746607457506,2.4248508,9440554067.322319,3893251521.834794
2014-02-07,1.911755477050858,2.26379227,8800421618.810806,3887468711.433848
2014-02-08,1.7453881155422137,2.15811443,8384380163.137503,3885048932.802652
2014-02-09,1.7860943298115957,2.18797536,8507055353.318679,3888094678.2319703
2014-02-10,1.7712118571598316,2.1809637,8485614111.043494,3890763569.812507
2014-02-11,1.7031030109978116,2.13932234,8320530164.578434,3889329816.7392735
2014-02-12,1.6147221643788374,2.08400611,8098876509.86241,3886205741.4325
2014-02-13,1.419315662572809,1.95543342,7595585201.945317,3884348668.821113
2014-02-14,1.6773982204781082,2.12998114,8291149398.347711,3892592869.7883735
2014-02-15,1.6053135331272272,2.08368328,8115544903.131341,3894807325.5794144
2014-02-16,1.4560875814628398,1.98508729,7732551314.690254,3895320550.20626
2014-02-17,1.4916012979746027,2.01155832,7835297830.950292,3895138288.08617
2014-02-18,1.469507460712481,1.99849686,7787431379.864646,3896644290.8820214
2014-02-19,1.4514095067563821,1.9894402,7744221840.464212,3892663795.8075905
2014-02-20,1.172206181455285,1.80129677,7004367602.957469,3888513941.5186257
2014-02-21,1.247422779889297,1.85383269,7212264676.099229,3890461482.85325
2014-02-22,1.3701811534956143,1.93944631,7548070807.62529,3891868915.7346616
2014-02-23,1.3813336761588624,1.94857991,7587404609.210057,3893812396.5416727
2014-02-24,1.0732112222625887,1.7420652,6746591444.292443,3872754845.3941007
2014-02-25,1.0438312953301454,1.72827883,6642253041.785351,3843276285.334902
2014-02-26,1.2898506429810617,1.89989181,7315406185.332312,3850433033.5169516
2014-02-27,1.2791702643525507,1.89448535,7290958290.631046,3848516585.5893507
2014-02-28,1.1177586166602222,1.78120748,6868755087.551784,3856235258.7649045
2014-03-01,1.192537106631798,1.83532329,7073130818.958252,3853888226.3943
2014-03-02,1.1508454467762428,1.80787101,6962838071.332601,3851402026.3716717
2014-03-03,1.6850739864779583,2.18083347,8436104146.5618515,3868293596.2835584
2014-03-04,1.671098578981592,2.17294282,8413747135.726302,3872051789.9897165
2014-03-05,1.645645496397617,2.15549405,8364313757.800142,3880462466.5051346
2014-03-06,1.6272209463965788,2.14266138,8334434857.788749,3889758286.392761
2014-03-07,1.4145617937004211,1.96402906,7888419606.475515,4016447499.2419486
2014-03-08,1.3642156021938747,1.93041869,7763093994.50467,4021456088.629493
2014-03-09,1.4203414978436673,1.95221351,8003962626.414499,4099942237.575489
2014-03-10,1.358717107991807,1.9107893,7851020395.6799345,4108783943.724164
2014-03-11,1.3796032318156348,1.92512349,7923456808.115389,4115817426.4007287
2014-03-12,1.378140516461711,1.92370225,7937759339.556509,4126293109.838858
2014-03-13,1.4133941663042242,1.94782915,8050245905.561141,4132932246.938157
2014-03-14,1.343909739427101,1.90343662,7863118514.197157,4131011472.3952074
2014-03-15,1.3764429557530762,1.92641386,7964735259.477676,4134488141.337229
2014-03-16,1.3642320045365084,1.91927821,7941785799.804257,4137902341.841445
2014-03-17,1.310678532202864,1.88442201,7801419760.842789,4139953640.661833
2014-03-18,1.2697245139518099,1.85742156,7697798742.521833,4144346608.382124
2014-03-19,1.2504387708475355,1.84533875,7652644865.156567,4147013584.988971
2014-03-20,1.14360744765689,1.77477734,7355613307.533916,4144527396.058548
2014-03-21,1.0620465844930715,1.71786219,7146185249.9239645,4159929295.5647187
2014-03-22,1.0384297941247502,1.7024792,7085934876.698491,4162127135.9429774
2014-03-23,1.0121260756123964,1.68536505,7016884365.2869625,4163421073.2487674
2014-03-24,1.1258187253501637,1.76264446,7346833013.688013,4168074265.91748
2014-03-25,1.117573854969953,1.75724218,7333400690.598088,4173244174.344875
2014-03-26,1.0958320001823436,1.74314104,7278830236.531152,4175697817.619595
2014-03-27,0.6731822113893778,1.4579435,6073572051.880776,4165848712.1625605
2014-03-28,0.7434862983307363,1.50668923,6270548923.201024,4161806428.5234346
2014-03-29,0.7034891337912816,1.47991892,6157703070.554058,4160838129.263229
2014-03-30,0.5704915169718259,1.38999605,5775007986.087655,4154693810.883603
2014-03-31,0.55773605731327,1.38223661,5731621497.269757,4146628338.3058105
2014-04-01,0.6629184889496293,1.45469684,6031394283.390249,4146152048.690949
2014-04-02,0.48842642527597,1.33564877,5529937933.139614,4140263561.31007
2014-04-03,0.534967536258942,1.36778873,5663605611.19208,4140702059.4416504
2014-04-04,0.5371955213457322,1.36964635,5669310246.392928,4139251162.457322
2014-04-05,0.5948834707972572,1.41084013,5821998222.68565,4126617962.508374
2014-04-06,0.5811277434888881,1.40141439,5785370029.689896,4128236495.195326
2014-04-07,0.5376622094307915,1.37167544,5661194979.476452,4127211740.0282764
2014-04-08,0.5568809364327908,1.38533994,5715049689.512991,4125377118.27827
2014-04-09,0.5125666699147462,1.35469234,5591057529.487976,4127178817.2124577
2014-04-10,0.18493528759995906,1.1286601,4633872976.04614,4105640817.8566246
2014-04-11,0.4314303776190306,1.30082437,5330671997.884658,4097918305.3625126
2014-04-12,0.4419984888643605,1.30827456,5361824672.730246,4098394050.1986413
2014-04-13,0.40718649492652337,1.28401659,5263783538.128889,4099466922.0970807
2014-04-14,0.6042191524623677,1.42132931,5831700454.103345,4102990357.740069
2014-04-15,0.869065458018644,1.60547388,6599314961.691705,4110509080.1550164
2014-04-16,0.9055378440967914,1.62848084,6726256095.593714,4130387002.6457996
2014-04-17,0.7641468920310797,1.53010414,6327888316.760624,4135593226.197417
2014-04-18,0.6910241424700847,1.48000554,6116912219.011133,4133033325.6800733
2014-04-19,0.7842308455730683,1.54481447,6389235165.76176,4135923950.6358066
2014-04-20,0.7722765802997621,1.53703688,6355890527.831336,4135158115.2895536
2014-04-21,0.7564817095289234,1.52622244,6314013272.666976,4137020336.7387104
2014-04-22,0.7191911366723517,1.50076937,6207119787.1933365,4135958469.883575
2014-04-23,0.7213721195361923,1.5016104,6223465666.190264,4144527546.020102
2014-04-24,0.7758841848360755,1.53947611,6385937386.2824335,4148123731.704049
2014-04-25,0.6149486443681724,1.42807837,5920295989.25818,4145638022.133323
2014-04-26,0.5834617365347022,1.4063299,5830785366.392412,4146100688.318162
2014-04-27,0.4936902386614735,1.34395279,5572218634.214096,4146141646.9949784
2014-04-28,0.5077680987165039,1.35421878,5609948670.955254,4142571904.7813334
2014-04-29,0.5353406542034594,1.37364362,5690153602.421555,4142379813.493077
2014-04-30,0.5405738352469682,1.37742743,5706507501.880846,4142873430.2763567
2014-05-01,0.5900545239400325,1.41200262,5852429338.715746,4144772294.2013707
2014-05-02,0.5549832559580554,1.38757157,5753084600.061298,4146153412.51284
2014-05-03,0.49717951016254175,1.34737725,5585943179.198117,4145790037.0502152
2014-05-04,0.4875311239761226,1.34079342,5558283855.615871,4145518446.5447865
2014-05-05,0.4693792225181759,1.32836701,5504428006.31726,4143755426.685325
2014-05-06,0.4607919276137242,1.32260352,5478377263.519906,4142116046.6289296
2014-05-07,0.5140543973853451,1.36002582,5633670637.626423,4142326237.325717
2014-05-08,0.5063675718086458,1.35471389,5612829624.751154,4143184524.926628
2014-05-09,0.559984828937579,1.39224562,5771453495.03259,4145427654.5201774
2014-05-10,0.5775912624973272,1.4045981,5825231023.284262,4147258225.1707883
2014-05-11,0.5003549872102185,1.3505933,5601910622.868257,4147740569.176714
2014-05-12,0.5102567399040109,1.3576711,5631358282.159968,4147807434.480979
2014-05-13,0.5007355238504259,1.35114784,5604101789.113076,4147659954.8966274
2014-05-14,0.526876552654954,1.36967388,5680351167.766373,4147228950.417287
2014-05-15,0.5362679773691484,1.37634402,5709247733.868237,4148125505.619036
2014-05-16,0.5445582269860322,1.38233452,5734022659.318975,4148071668.8743157
2014-05-17,0.5465911921845374,1.38379554,5742100713.4291115,4149529715.516435
2014-05-18,0.536474611129039,1.37668474,5715139122.43572,4151378275.9266443
2014-05-19,0.5386763768432109,1.37835145,5722672660.049138,4151824021.405526
2014-05-20,0.7249277895396833,1.50867507,6273962196.2835,4158590753.596465
2014-05-21,0.7393476025921254,1.51856262,6322158427.653644,4163251712.104993
2014-05-22,0.8805462453788805,1.61686251,6745285259.726208,4171836020.693069
2014-05-23,0.8653642530877677,1.60608676,6707561732.68773,4176338352.1620774
2014-05-24,0.8804863731844128,1.61622687,6760722050.706626,4183027875.725532
2014-05-25,1.075255157542966,1.7510962,7347523620.56493,4195956578.8361197
2014-05-26,1.1229416557341767,1.78420425,7497671961.121003,4202249804.7076187
2014-05-27,1.0620614920753795,1.7360648,7359634167.591395,4239262363.7040477
2014-05-28,1.0823293944962846,1.74983943,7429545074.228679,4245843902.5052023
2014-05-29,1.042119009283364,1.72220405,7318160444.586541,4249299288.656615
2014-05-30,1.2510511251178147,1.86223265,7968680869.470867,4279100610.4800425
2014-05-31,1.2772574667230232,1.87963895,8061425892.546091,4288816154.0524
2014-06-01,1.2827754115294698,1.88300736,8092203714.583295,4297489158.291604
2014-06-02,1.4204093702251817,1.97543263,8524764529.187895,4315391170.3827095
2014-06-03,1.4531329849479633,1.99693718,8641875393.251305,4327564972.900803
2014-06-04,1.3263295614822457,1.90998921,8278485521.476026,4334310098.786383
2014-06-05,1.397790998049162,1.95863649,8507491282.602697,4343578466.978678
2014-06-06,1.3461908165426442,1.92408683,8363519631.835956,4346747507.1465225
2014-06-07,1.371642664470709,1.94195206,8451830551.946989,4352234396.53139
2014-06-08,1.372444623093172,1.94276934,8467188872.85201,4358308883.365438
2014-06-09,1.3270419961291398,1.91093556,8347647699.263011,4368356460.5721245
2014-06-10,1.3335193242344134,1.91468487,8383845331.663904,4378707673.009347
2014-06-11,1.247328129778888,1.8557786,8135671860.200387,4383966848.308515
2014-06-12,1.0569271548216062,1.71579412,7629146760.17111,4446423187.515709
2014-06-13,1.0764109203413241,1.72900225,7696918927.517334,4451653505.66625
2014-06-14,0.9842533848532323,1.6672379,7422495275.792686,4451971296.833335
2014-06-15,1.0434294744427504,1.70763012,7607972669.742339,4455281375.420071
2014-06-16,1.0452594188980844,1.70895309,7621621668.269791,4459819121.348609
2014-06-17,1.1223283527250203,1.76144005,7863338435.037618,4464153313.101753
2014-06-18,1.1143956626780867,1.75639628,7847016126.462624,4467679768.977092
2014-06-19,1.0626697112299641,1.72175665,7696105115.40057,4469914558.134896
2014-06-20,1.0433871488617104,1.70893923,7644341041.254793,4473149721.804206
2014-06-21,1.0472816498897892,1.71186032,7663029171.639408,4476433668.162487
2014-06-22,1.0747702168770272,1.73072722,7754543912.918248,4480511904.653727
2014-06-23,1.0300824256811285,1.70033791,7626752045.951779,4485433160.724964
2014-06-24,0.9878747873154836,1.67166269,7505564464.566435,4489879752.335942
2014-06-25,0.9125409524356971,1.62093285,7278655388.868243,4490411425.043451
2014-06-26,0.9884450812336835,1.67219737,7520798233.422416,4497554157.391371
2014-06-27,1.0704251779929304,1.72780213,7781323177.161319,4503596240.595744
2014-06-28,1.0426564889654926,1.70918053,7703084236.89747,4506887424.523535
2014-06-29,1.0659584811532514,1.72411286,7789034988.55802,4517705986.2299385
2014-06-30,1.222263326478906,1.82938369,8285127867.594063,4528917532.65498
2014-07-01,1.2351617215428985,1.83761917,8339269085.949757,4538083419.074125
2014-07-02,1.2641938083101967,1.85565119,8449693876.733048,4553492554.133004
2014-07-03,1.2396510514657635,1.83854971,8388564591.868048,4562598740.867359
2014-07-04,1.1713674310732367,1.79270708,8186430683.194879,4566518855.492487
2014-07-05,1.168659254117363,1.79121232,8186656505.649635,4570455670.855165
2014-07-06,1.1842677261291428,1.80217443,8243503019.146678,4574198191.873512
2014-07-07,1.1327907539046211,1.76756914,8092343526.215069,4578233090.34184
2014-07-08,1.1397408365479809,1.77273738,8121182835.822323,4581153941.607709
2014-07-09,1.1238773859875864,1.76136723,8085357327.32265,4590387052.518656
2014-07-10,1.0993615789454696,1.74495565,8017241430.5840225,4594524468.621322
2014-07-11,1.1721603447593025,1.79446067,8253417080.417894,4599385887.024146
2014-07-12,1.180291233821656,1.80030291,8287520652.396224,4603403464.1405
2014-07-13,1.1491751031161648,1.77957268,8198330361.0318365,4606909542.481758
2014-07-14,1.1033576042835085,1.74898486,8061433756.935482,4609207284.353211
2014-07-15,1.1129422696673672,1.75571279,8099541253.819256,4613249558.784188
2014-07-16,1.0883929077585017,1.73946637,8029055588.439428,4615815359.764287
2014-07-17,1.1191126575892976,1.76036866,8134747451.004152,4621047645.215493
2014-07-18,1.143979042692698,1.77738508,8222042400.381292,4625920681.398593
2014-07-19,1.1363054629913132,1.77274463,8204272683.385586,4628005943.182908
2014-07-20,1.1183384720230827,1.76080313,8155518511.085368,4631703778.880362
2014-07-21,1.0993507234474222,1.74762284,8106490499.037141,4638581227.879318
2014-07-22,1.091662489822339,1.74270129,8089353581.571574,4641847474.372142
2014-07-23,1.0889467803304174,1.74066345,8090957356.263835,4648203164.29568
2014-07-24,1.0180850870420128,1.69279908,7872577118.482392,4650627006.7694
2014-07-25,1.0115825244279695,1.68863136,7858038002.48922,4653495243.917073
2014-07-26,0.982392627392988,1.66914747,7770214649.365698,4655199608.79532
2014-07-27,0.9685260991565876,1.65995112,7731618804.772214,4657738840.389598
2014-07-28,0.9511438141734064,1.64850401,7680466301.768531,4659052240.806215
2014-07-29,0.9370020581925634,1.63937643,7638446404.929316,4659360879.629894
2014-07-30,0.8502798372584008,1.58077127,7363663408.729459,4658272546.115706
2014-07-31,0.9270617556360525,1.63310806,7615246130.011167,4663038727.523742
2014-08-01,0.9842549152302067,1.67172212,7807730529.548638,4670471507.279354
2014-08-02,0.9554354738567641,1.65218507,7721789009.474624,4673682839.583234
2014-08-03,0.942436000358196,1.64362281,7684722365.699664,4675478046.997695
2014-08-04,0.9437089484062434,1.64417187,7697795405.135168,4681867842.158842
2014-08-05,0.9110671760914787,1.61859835,7624742882.8655615,4710707188.639826
2014-08-06,0.9116857544158005,1.61916711,7631931031.328075,4713491883.693262
2014-08-07,0.9260120016909318,1.62893008,7684061659.5565405,4717244622.038376
2014-08-08,0.9371384257852003,1.63661291,7725432021.491322,4720378272.887583
2014-08-09,0.9356997341737843,1.63562717,7727509980.112867,4724493528.750117
2014-08-10,0.9361922260700304,1.63601768,7735300179.776458,4728127497.849814
2014-08-11,0.8707506564954358,1.59181557,7528807737.955706,4729698515.234215
2014-08-12,0.8493563975808489,1.57747585,7463875219.404001,4731530577.41201
2014-08-13,0.7680194231886487,1.52247712,7204015648.190995,4731772683.842365
2014-08-14,0.5944819163493847,1.40529956,6637940814.668621,4723505936.818639
2014-08-15,0.5756877925539146,1.39272818,6577129265.814935,4722478772.429904
2014-08-16,0.6625827461507665,1.4519714,6860836902.45511,4725187357.309593
2014-08-17,0.5646938431705002,1.38521881,6547578796.122172,4726746957.84861
2014-08-18,0.45108224054893736,1.30849176,6170977283.784933,4716099460.790593
2014-08-19,0.5241652541427665,1.35854035,6407948972.822277,4716789584.366984
2014-08-20,0.6388914956017147,1.43685004,6782996534.776816,4720740749.519565
2014-08-21,0.6561781319795317,1.44883851,6840278776.310349,4721215462.660741
2014-08-22,0.6431587514914657,1.43998218,6800833147.530853,4722859242.27955
2014-08-23,0.5666172780367557,1.38794257,6552062720.254031,4720701606.73437
2014-08-24,0.6124859359062167,1.41936719,6702916915.408682,4722468549.811048
2014-08-25,0.5847735998704495,1.40049218,6614717186.971278,4723137537.955605
2014-08-26,0.6260537419090152,1.4286897,6751992304.037248,4726003347.008974
2014-08-27,0.6192571802036683,1.42412594,6731854487.099825,4727007842.508525
2014-08-28,0.6099109268195164,1.41962708,6682882888.320471,4707491835.335003
2014-08-29,0.6210700839783423,1.4275503,6719119904.604481,4706748269.81892
2014-08-30,0.5902037696260821,1.40634187,6621170462.054868,4708080306.287736
2014-08-31,0.4976761912421899,1.34266216,6322734056.408167,4709102739.894127
2014-09-01,0.48132172949516044,1.33136652,6271891388.006875,4710867588.89421
2014-09-02,0.4820028422593692,1.33208957,6272170253.359801,4708519903.327373
2014-09-03,0.48035594447999036,1.33099316,6267939738.118691,4709220097.057968
2014-09-04,0.5433718256936033,1.37428858,6476124936.21524,4712347195.823485
2014-09-05,0.49900778386281597,1.34365527,6334919955.788576,4714691407.259971
2014-09-06,0.5064142765320844,1.34865874,6362115562.189336,4717365018.662419
2014-09-07,0.4981154027569164,1.34317011,6333829405.773938,4715582455.72777
2014-09-08,0.46045038210763456,1.31734021,6211188748.440897,4714946603.232355
2014-09-09,0.4800834879514175,1.33112394,6272999635.0141115,4712558648.005468
2014-09-10,0.4981510427137024,1.34373558,6331395265.325585,4711786574.353851
2014-09-11,0.4963805452285726,1.34256122,6326695286.537355,4712407294.571904
2014-09-12,0.48399588510514424,1.33422001,6285128022.207497,4710713356.942905
2014-09-13,0.500101776003758,1.34529696,6339848712.528225,4712601679.058448
2014-09-14,0.4906061403550806,1.33870825,6311048240.501205,4714282025.602819
2014-09-15,0.4789701074620398,1.33078173,6273210670.646698,4713929060.813525
2014-09-16,0.44500859172645496,1.30741226,6162674425.815308,4713642830.468263
2014-09-17,0.4134238138827421,1.28560635,6060736703.119739,4714302090.309168
2014-09-18,0.29627129295299076,1.20503333,5671386004.701872,4706414223.996503
2014-09-19,0.16593106603519805,1.11512348,5234826089.466575,4694391413.466224
2014-09-20,0.2391106702758204,1.16620763,5464523276.927779,4685720738.191174
2014-09-21,0.1966222663756605,1.1367134,5324755541.167692,4684343072.904473
2014-09-22,0.1996184245010395,1.13884767,5332783816.126541,4682613800.427357
2014-09-23,0.3532012230225172,1.2456203,5834742821.796625,4684206593.130046
2014-09-24,0.2936959303066191,1.20431489,5639571003.487211,4682804348.194359
2014-09-25,0.2368833647527243,1.16485544,5452827141.009493,4681119179.054092
2014-09-26,0.22177206345498082,1.15453429,5397737713.993579,4675251104.056493
2014-09-27,0.20344591522474526,1.14181027,5336499824.108049,4673718536.537642
2014-09-28,0.10188803256352388,1.07103907,5004030780.187892,4672127208.382689
2014-09-29,0.09568988819644779,1.0668785,4972191289.913951,4660503787.370306
2014-09-30,0.16308591175723977,1.1140296,5189586357.846754,4658391803.8145075
2014-10-01,0.1387485732412243,1.09708972,5106350946.469296,4654451548.838956
2014-10-02,0.09772843856163688,1.06843242,4969163059.62108,4650891311.984974
2014-10-03,0.04187282308281994,1.02941189,4772249488.664545,4635898939.019002
2014-10-04,-0.07325911238508953,0.9484552,4388715462.871645,4627224841.902543
2014-10-05,-0.09702122306939459,0.93172895,4310001696.434204,4625810646.362555
2014-10-06,-0.06928802673337407,0.95087199,4364416991.047364,4589910142.423445
2014-10-07,-0.04010569632501656,0.97154668,4455902309.742059,4586400634.647899
2014-10-08,0.04506434486324381,1.03194969,4735525159.662999,4588910879.621466
2014-10-09,0.07697998819087533,1.05462843,4834526225.15362,4584103829.965611
2014-10-10,0.066807027120536,1.04743744,4798145525.03475,4580842102.6412325
2014-10-11,0.08017424746998593,1.05694518,4839797028.565469,4579042622.215722
2014-10-12,0.14633358102222824,1.10393506,5054666406.091061,4578771514.051797
2014-10-13,0.2022247544399506,1.14335604,5245103908.318114,4587463331.472945
2014-10-14,0.23832789037871271,1.16884486,5365331639.214268,4590285522.763275
2014-10-15,0.2156879163090784,1.15308824,5283109130.09472,4581704111.469145
2014-10-16,0.16528603094849723,1.11729203,5119796796.850428,4582326427.988955
2014-10-17,0.16634991052986886,1.11813531,5119537452.605556,4578638566.208552
2014-10-18,0.20357997037861797,1.14449554,5242933282.983943,4580999313.447689
2014-10-19,0.1929130310186459,1.13688775,5209271993.855843,4582046023.326262
2014-10-20,0.16262106443410074,1.11540138,5110145458.52303,4581440860.798496
2014-10-21,0.17949863986184547,1.1273598,5165426489.17209,4581879262.656066
2014-10-22,0.16202287655150216,1.11497797,5107591090.974873,4580889693.250956
2014-10-23,0.06714864556280918,1.04769288,4794607576.052941,4576348343.660541
2014-10-24,0.06970825701468174,1.04955841,4797955867.12274,4571404336.727425
2014-10-25,0.022685047384808907,1.01613431,4642572970.836837,4568857605.877748
2014-10-26,0.05322966728265953,1.03785791,4741286825.452372,4568339056.598192
2014-10-27,0.04199141465051695,1.02988218,4701503720.872094,4565088912.279358
2014-10-28,0.0616756599032217,1.04388822,4765027372.770844,4564691201.104697
2014-10-29,-0.02308292265048442,0.98355448,4483438417.943993,4558403737.781757
2014-10-30,0.023475418418746417,1.01672909,4632873323.3735695,4556644802.37658
2014-10-31,-0.004544100067492862,0.99675714,4534617815.474207,4549370788.027871
2014-11-01,-0.05654756246254558,0.95963351,4363609911.359536,4547162917.809671
2014-11-02,-0.056302023538116766,0.95980572,4363215099.986792,4545935712.892805
2014-11-03,-0.05033732022447782,0.96404683,4379570738.4608965,4542902483.752679
2014-11-04,-0.030703307320721428,0.97805226,4438730478.026991,4538336712.2192335
2014-11-05,0.007825985579283278,1.00559416,4563074937.6711645,4537690371.701407
2014-11-06,0.05094341338914291,1.03634538,4711010176.966184,4545791651.974348
2014-11-07,0.020684201663635014,1.01476248,4610490609.598312,4543418485.080679
2014-11-08,0.03553478355154525,1.02534954,4660097059.218001,4544886282.601738
2014-11-09,0.11095759844623782,1.07917955,4902659696.342227,4542950889.258629
2014-11-10,0.1187776343999796,1.0847227,4929516028.003077,4544494208.522673
2014-11-11,0.12890091228197686,1.09194006,4962035357.503763,4544237856.337795
2014-11-12,0.3540138944584411,1.25193043,5702391476.131881,4554878881.034852
2014-11-13,0.3468116614860713,1.24597359,5694786271.533593,4570551348.1498375
2014-11-14,0.24959080406770737,1.1770509,5378783673.706376,4569712043.639214
2014-11-15,0.16542038010678237,1.11736503,5104746259.077055,4568557384.579196
2014-11-16,0.21614088580223464,1.15327838,5271130401.4705515,4570562054.124826
2014-11-17,0.206110886521282,1.14624262,5235987480.485583,4567957419.421015
2014-11-18,0.15033755547026825,1.10670813,5053168329.245012,4565944888.509144
2014-11-19,0.1672448278880374,1.1187722,5105168798.271772,4563188822.775335
2014-11-20,0.08004840473816754,1.05691479,4816644517.467239,4557268535.779729
2014-11-21,0.05863909754675897,1.04171403,4744295631.844745,4554316727.254546
2014-11-22,0.06614625622436014,1.04704666,4768737135.241565,4554464779.288408
2014-11-23,0.13013192770656526,1.09252099,4977292194.704196,4555786332.951092
2014-11-24,0.16852063322751806,1.11975677,5103470630.729855,4557659991.401396
2014-11-25,0.16802118779796263,1.11940193,5101484016.797386,4557330017.107784
2014-11-26,0.13031164397021536,1.09262566,4977825383.829613,4555837892.210598
2014-11-27,0.13897987200817183,1.09877029,5006216218.674111,4556199111.166458
2014-11-28,0.18726170852617707,1.13429879,5120962491.035964,4514650404.445873
2014-11-29,0.1799887914341344,1.12906205,5097767297.32692,4515046181.320965
2014-11-30,0.1908400407626021,1.13677757,5134716030.122108,4516904771.548324
2014-12-01,0.19292796911644552,1.13825789,5141664430.9294405,4517134891.926329
2014-12-02,0.21063100714893151,1.1510639,5195109769.183944,4513311354.116781
2014-12-03,0.18144926205257603,1.13011906,5100819421.638344,4513523930.512547
2014-12-04,0.15617012366855418,1.11229742,5006226474.334247,4500798423.441679
2014-12-05,0.19630633301145273,1.1410958,5137766194.528393,4502484536.818375
2014-12-06,0.18270840083289625,1.13129289,5094378923.779156,4503147654.166866
2014-12-07,0.18925905020929967,1.13597735,5115960374.406748,4503576039.088057
2014-12-08,0.14392032115787934,1.10418082,4935098494.405496,4469465874.625041
2014-12-09,0.09341960353341233,1.06761307,4771819224.896033,4469614843.602499
2014-12-10,0.08330000726625147,1.06041309,4729226570.972746,4459796484.568808
2014-12-11,0.08723352274179395,1.06328138,4740190281.132876,4458077015.448983
2014-12-12,0.10708246371827816,1.07767689,4803953827.325695,4457694019.332357
2014-12-13,0.09088032856207587,1.06591465,4751534010.866933,4457705887.490085
2014-12-14,0.11983587039278501,1.08689147,4845805174.798332,4458407585.808298
2014-12-15,0.08311703171264458,1.06028962,4724760193.272132,4456103411.88866
2014-12-16,0.006469833411478242,1.00469489,4474354535.571975,4453446096.030184
2014-12-17,-0.027147067325566644,0.98028857,4362153947.237576,4449867192.920116
2014-12-18,-0.05397850696350205,0.96077271,4270746563.418479,4445116434.893826
2014-12-19,-0.03274416655234302,0.97619248,4336286833.337157,4442040808.731857
2014-12-20,0.017961707753853418,1.01306177,4498487603.651408,4440486983.978685
2014-12-21,-0.01675901459497025,0.98778637,4375889171.867257,4429995497.778793
2014-12-22,0.02950251777216725,1.0214974,4525159717.147102,4429927787.527508
2014-12-23,0.05403200498244965,1.03954357,4584259699.74186,4409877403.928207
2014-12-24,-0.0005308201421461697,0.99961153,4407465522.818559,4409178356.334644
2014-12-25,-0.017089846202776055,0.98749454,4353656119.759833,4408790067.598584
2014-12-26,0.0263817238065618,1.01929944,4494310382.821802,4409215002.4352045
2014-12-27,-0.029027297190975472,0.97876537,4314735454.879333,4408345030.51465
2014-12-28,-0.023560280406894292,0.98276009,4330304447.531449,4406268113.23957
2014-12-29,-0.03920362282505629,0.97130504,4277700745.441647,4404075516.216458
2014-12-30,-0.04394147250718723,0.9677018,4243056052.430002,4384673101.186752
2014-12-31,0.0012716353373459551,1.00093553,4383963251.003962,4379865755.194005
2015-01-01,-0.02345917865177027,0.98274685,4304793251.431401,4380368404.570721
2015-01-02,-0.0181050514078705,0.98668726,4322045951.447801,4380360552.590697
2015-01-03,-0.14326506044885723,0.89443575,3908766304.1326065,4370091763.586827
2015-01-04,-0.2353764367699477,0.826303,3604573636.942969,4362290390.986077
2015-01-05,-0.18305370780947247,0.86470946,3765377426.617279,4354500096.040673
2015-01-06,-0.12963381189944645,0.90423431,3938289680.31584,4355386249.738565
2015-01-07,-0.08696339075611144,0.93577843,4076100312.4413447,4355839140.726234
2015-01-08,-0.1398510727952671,0.89651769,3896404868.3487225,4346155030.525636
2015-01-09,-0.10241605327389708,0.9241025,4009229351.460768,4338511530.334317
2015-01-10,-0.17024194535154236,0.87375367,3787228266.2153807,4334434745.45335
2015-01-11,-0.2013067338950949,0.85069708,3685784301.822352,4332663633.713603
2015-01-12,-0.20009067155792817,0.85146752,3684841437.010711,4327635934.968736
2015-01-13,-0.3844628627839813,0.71350593,3074985194.613979,4309684146.022415
2015-01-14,-0.5814438711310373,0.56357972,2410558958.4408317,4277227999.6889024
2015-01-15,-0.42391786719635693,0.68179854,2915100171.7199264,4275603423.439315
2015-01-16,-0.44253112650439486,0.66753485,2850669282.952461,4270442633.747827
2015-01-17,-0.4746126515683501,0.64325099,2744657033.111001,4266852404.084137
2015-01-18,-0.4257517574135445,0.68000493,2900779183.5213685,4265820813.2717047
2015-01-19,-0.4005553544857453,0.69895138,2980727352.88857,4264570380.973523
2015-01-20,-0.4206710974437796,0.68366065,2912984570.7310276,4260863296.3313417
2015-01-21,-0.34528329046136175,0.73912676,3133549519.9997854,4239529252.059262
2015-01-22,-0.32056560644249266,0.75789177,3213303339.613718,4239791836.7865615
2015-01-23,-0.3222625099078763,0.75661441,3206949823.142976,4238552399.6866198
2015-01-24,-0.2542345508936337,0.8081469,3427130852.439085,4240727586.0850115
2015-01-25,-0.2309087799410865,0.8258294,3502717848.299988,4241454528.380786
2015-01-26,-0.1435358647040717,0.89147229,3771045735.620317,4230132308.0051284
2015-01-27,-0.1824822650527874,0.86202293,3645412286.1436415,4228904080.4792066
2015-01-28,-0.306030040171098,0.76846781,3246828576.082658,4225067769.6996284
2015-01-29,-0.31232306877872024,0.76357085,3223292682.5566597,4221340668.723354
2015-01-30,-0.3325771538256724,0.74804548,3154353108.9552026,4216793220.8549705
2015-01-31,-0.38013319626424474,0.71163625,2995894384.4903913,4209867589.6434326
2015-02-01,-0.3377401997333444,0.74387279,3131578635.5801654,4209830871.1899056
2015-02-02,-0.28122052437808037,0.78676033,3311526270.04594,4209066146.0345106
2015-02-03,-0.3336688916694931,0.74694335,3142368394.764543,4206970173.5272737
2015-02-04,-0.3369203135720346,0.7443882,3129548986.7294297,4204189409.1408615
2015-02-05,-0.3775342271794094,0.71333929,2995587161.00508,4199386186.908449
2015-02-06,-0.35256816852838074,0.73237364,3075445350.4680867,4199284603.509332
2015-02-07,-0.32658647162556587,0.75214553,3158128949.8673954,4198826987.4679646
2015-02-08,-0.34616812641649036,0.73731062,3095178117.774655,4197929656.5328937
2015-02-09,-0.3592248540376588,0.72729218,3050924501.1420665,4194908985.7422457
2015-02-10,-0.35815585703734015,0.72810409,3053373353.5953703,4193594563.650055
2015-02-11,-0.36282755406938144,0.72439005,3034994445.0602465,4189724092.787092
2015-02-12,-0.34915547457285406,0.73482642,3078346024.6955247,4189215222.6855493
2015-02-13,-0.2885240721766099,0.78098836,3272445345.4126353,4190133314.4230666
2015-02-14,-0.19726131808270414,0.85038033,3564985013.1081376,4192224217.0255013
2015-02-15,-0.29744331007773744,0.7743708,3245020574.0223036,4190525487.301824
2015-02-16,-0.29421672157148726,0.77684571,3254806162.1429524,4189771688.567286
2015-02-17,-0.2557990186903647,0.80607357,3377824460.2731304,4190466709.2274594
2015-02-18,-0.28994429274193334,0.78023417,3269257239.8383574,4190097493.215861
2015-02-19,-0.26162291306045504,0.80139075,3351675770.863012,4182324004.6918583
2015-02-20,-0.24765123194127653,0.81236962,3403342533.2467337,4189401535.284805
2015-02-21,-0.24732002219468377,0.81269734,3405118526.015143,4189897466.6450152
2015-02-22,-0.2856533050470241,0.78366869,3282542113.112833,4188686054.4509354
2015-02-23,-0.2744524079592714,0.79211394,3316333307.7699175,4186687217.9650283
2015-02-24,-0.2703376432891123,0.79522354,3328249523.0395985,4185300554.6586294
2015-02-25,-0.2758853212440073,0.79086428,3306536107.913704,4180914717.6475134
2015-02-26,-0.28074145554809943,0.78721981,3290885014.3304043,4180388974.625022
2015-02-27,-0.20202792429112643,0.8470053,3542753013.796759,4182681045.557518
2015-02-28,-0.20239062473298539,0.84675657,3541320575.334996,4182218007.868538
2015-03-01,-0.17830526587565448,0.86514949,3621447826.4223385,4185921471.7011952
2015-03-02,-0.11011763350811665,0.91679724,3840273594.0355306,4188792708.4461236
2015-03-03,-0.08048247921597483,0.9391453,3930103866.720896,4184766581.615109
2015-03-04,-0.1211847954172695,0.90841341,3802353560.404225,4185708311.3779936
2015-03-05,-0.10802137888708575,0.91835146,3842495720.100343,4184123276.8338423
2015-03-06,-0.12112348328540722,0.90850025,3802467147.671228,4185433243.0521927
2015-03-07,-0.10609405314324402,0.91980286,3846357193.5067153,4181719106.0992303
2015-03-08,-0.10906147782069524,0.91749265,3832606247.309387,4177260981.119998
2015-03-09,-0.04257702568015656,0.96777239,4039550376.798644,4174070699.4117117
2015-03-10,-0.03562370723685721,0.9731036,4071157601.590487,4183683629.9757676
2015-03-11,-0.01720432670348507,0.98702529,4133202066.976224,4187534107.6379347
2015-03-12,-0.024688786184552128,0.98143882,4121730744.3014336,4199681794.0230174
2015-03-13,-0.06636085706925149,0.95005909,3984974925.7116528,4194449553.3553104
2015-03-14,-0.07642738765298125,0.94250473,3953808857.432272,4195001607.5062795
2015-03-15,-0.06015003923771192,0.95476771,4005885829.3209662,4195665382.6520443
2015-03-16,-0.041447706317208344,0.96883474,4064377990.968419,4195119996.3870196
2015-03-17,-0.0686211438500206,0.94842564,3979597299.529015,4196003494.3055897
2015-03-18,-0.19023451392481072,0.85686576,3590470758.148221,4190237171.04558
2015-03-19,-0.16813882395232604,0.87346947,3658447942.870213,4188409633.676393
2015-03-20,-0.16379675360774107,0.87674824,3671535473.048781,4187673616.600338
2015-03-21,-0.17146964827620112,0.87101347,3647638460.674516,4187809472.8827977
2015-03-22,-0.13710889298110282,0.89689624,3756340581.685765,4188155122.253344
2015-03-23,-0.1460937571916464,0.89015559,3727672828.325737,4187664347.898705
2015-03-24,-0.2332286836347341,0.8245462,3450079309.845664,4184215887.291293
2015-03-25,-0.23270694715770746,0.82488492,3449457911.189756,4181744419.8031354
2015-03-26,-0.21950294031926285,0.834809,3489722601.0325127,4180264708.493215
2015-03-27,-0.2283888137890005,0.82811622,3460655091.7098737,4178948568.003986
2015-03-28,-0.20223607572471106,0.84785463,3543467384.045613,4179333648.323195
2015-03-29,-0.24748815565056764,0.81383575,3400772692.2460265,4178696613.224507
2015-03-30,-0.22298470225233666,0.83226724,3476807669.77845,4177513546.9449096
2015-03-31,-0.23862102156482382,0.82051756,3426981735.4601855,4176609864.949369
2015-04-01,-0.22451399782629802,0.83080879,3462434297.988554,4167546539.7863135
2015-04-02,-0.19608940486000798,0.85233643,3553754159.7478676,4169426572.260753
2015-04-03,-0.19022797061012076,0.85676268,3571541519.377944,4168647401.142571
2015-04-04,-0.19423746111619447,0.85381712,3560076951.5634046,4169601274.2909217
2015-04-05,-0.1623120570482883,0.87790912,3661507536.656768,4170713634.5237737
2015-04-06,-0.18334136938968976,0.86213123,3595780709.6418576,4170804379.3308096
2015-04-07,-0.18991149297088133,0.85722526,3575212472.863145,4170680263.0421143
2015-04-08,-0.22963703818789155,0.82735719,3449619643.6193047,4169444207.790477
2015-04-09,-0.23728326793565974,0.82153081,3422861974.0229797,4166443829.4444246
2015-04-10,-0.2696881863356863,0.7967323,3311627278.6861534,4156511890.7394032
2015-04-11,-0.2625368069333814,0.80216867,3334039944.6794286,4156282923.240356
2015-04-12,-0.2630495045386407,0.80176151,3331034797.1198006,4154645434.5504823
2015-04-13,-0.31343546898709584,0.76357046,3168475905.582176,4149552754.5449786
2015-04-14,-0.3380327586933154,0.74489185,3088526389.955216,4146274912.197275
2015-04-15,-0.318173549180045,0.75926768,3139193896.7531385,4134502204.483587
2015-04-16,-0.294511666842039,0.77719921,3212797788.7174425,4133815046.875102
2015-04-17,-0.31947912477358587,0.75827898,3133230098.8648686,4132028160.4863534
2015-04-18,-0.3165674374620026,0.76055574,3142666455.438616,4132065922.530038
2015-04-19,-0.31693439208718943,0.76035314,3141873440.651929,4132123976.829936
2015-04-20,-0.3090262184583459,0.76631946,3165404711.9527783,4130659440.584712
2015-04-21,-0.2634065695645699,0.80085177,3307679429.760625,4130201809.7064643
2015-04-22,-0.2681578382678387,0.79730639,3292842739.3319163,4129959047.903675
2015-04-23,-0.2588582462967579,0.80445024,3323336266.505856,4131189352.999455
2015-04-24,-0.27856878340803504,0.78956794,3261023526.381876,4130136700.309635
2015-04-25,-0.3008681129480106,0.77276772,3191323707.420489,4129732162.493134
2015-04-26,-0.32709606809345765,0.75294572,3108368118.7985716,4128276496.2108707
2015-04-27,-0.2956991709556405,0.77665961,3205322554.4344916,4127062246.0134006
2015-04-28,-0.30341034779340276,0.77087913,3181134712.780328,4126632294.196793
2015-04-29,-0.3025914470651208,0.77154151,3183542552.1176934,4126210334.577712
2015-04-30,-0.25455628559426446,0.80792304,3334697580.252962,4127494099.255991
2015-05-01,-0.2704765062110166,0.7959527,3285023618.0932474,4127159337.600397
2015-05-02,-0.2578077332745386,0.80559481,3325317068.7980733,4127778664.311496
2015-05-03,-0.23570118974428356,0.8223728,3395683374.166686,4129128996.200611
2015-05-04,-0.2423602997256368,0.81741779,3375441331.3939366,4129395485.0113263
2015-05-05,-0.25531335487044093,0.80768013,3334636256.3268895,4128659518.1274166
2015-05-06,-0.2846315427439297,0.78562752,3243129510.315094,4128075236.3602204
2015-05-07,-0.2496584842957853,0.81202047,3352071042.0165324,4128062242.0965967
2015-05-08,-0.2168531220166268,0.83681725,3455512600.4369807,4129351540.5388465
2015-05-09,-0.22449754691944102,0.83113721,3432575633.3014,4129974680.475923
2015-05-10,-0.23328503310721035,0.82457424,3405427237.132972,4129921930.5383244
2015-05-11,-0.22532818109176,0.83050336,3427862999.982543,4127452295.8974457
2015-05-12,-0.22510659238780797,0.83069449,3428194735.1290326,4126901979.4859033
2015-05-13,-0.25050901766341627,0.81161902,3349058503.970869,4126392336.112169
2015-05-14,-0.24821335891099844,0.81336253,3355614821.1943264,4125607828.5218353
2015-05-15,-0.24563913028885645,0.81536167,3364072414.3400226,4125865291.5828414
2015-05-16,-0.253079948791045,0.80981981,3341160767.43048,4125807650.2604694
2015-05-17,-0.2477592918342443,0.81389832,3358489778.3415008,4126424266.7824907
2015-05-18,-0.2659250686016497,0.80026593,3301504622.314656,4125509406.997566
2015-05-19,-0.26969865050439235,0.79745588,3289366286.089859,4124825421.175475
2015-05-20,-0.25948537735600113,0.80520035,3321635813.1214366,4125228973.2877493
2015-05-21,-0.2531237984646491,0.81004487,3341887992.1334968,4125559109.0077477
2015-05-22,-0.23109974631865185,0.82662537,3410382068.5042577,4125668280.062899
2015-05-23,-0.2370423105993544,0.8221977,3391752764.837056,4125227746.1212263
2015-05-24,-0.22905569036081258,0.82826864,3417448566.3367686,4126014678.446317
2015-05-25,-0.24543691802278642,0.81597835,3365637492.525991,4124665185.6951733
2015-05-26,-0.24608918753575917,0.8155281,3363546390.9779067,4124378290.5554166
2015-05-27,-0.2437128710452179,0.81731823,3370150691.107788,4123425328.599104
2015-05-28,-0.2442106212320523,0.81693429,3367427368.8120537,4122029654.07665
2015-05-29,-0.24553408095629292,0.81601049,3363927954.359101,4122407733.21321
2015-05-30,-0.2593009375323871,0.80519424,3309881465.931194,4110662125.3664136
2015-05-31,-0.2739878742431577,0.79414393,3263266290.1144304,4109162290.1587
2015-06-01,-0.30089226928062646,0.77376466,3176283463.5879455,4104973550.4693966
2015-06-02,-0.2906647908167074,0.78141163,3206121170.177127,4102986245.7730846
2015-06-03,-0.2904312232565884,0.781559,3205387663.46291,4101274073.311049
2015-06-04,-0.2977697916626094,0.77606861,3182364543.572413,4100622680.219488
2015-06-05,-0.2920880011730743,0.78040202,3200095126.8254943,4100572582.8663206
2015-06-06,-0.29002446553834443,0.78204257,3207212190.7237835,4101071110.136349
2015-06-07,-0.2971753019406671,0.77660755,3183133902.5672565,4098767649.8474116
2015-06-08,-0.27240066150874687,0.79532581,3260437385.480899,4099499028.556484
2015-06-09,-0.26960089056351344,0.79751177,3269800705.300981,4100003069.9245744
2015-06-10,-0.27265886298732134,0.79522298,3259618059.6787004,4098998823.7999616
2015-06-11,-0.26744928263671114,0.79912895,3274594553.39029,4097704823.971513
2015-06-12,-0.26654251782086164,0.79991673,3278645359.7715898,4098733326.6196218
2015-06-13,-0.25121607975752064,0.81144066,3325283867.7453513,4098000053.0727053
2015-06-14,-0.2532940041029352,0.80992401,3318891280.937176,4097781075.7050853
2015-06-15,-0.23346488716172012,0.8248878,3380893025.566776,4098609563.1027346
2015-06-16,-0.16670034211155746,0.87513216,3590688627.318475,4103024424.697722
2015-06-17,-0.1826110653646421,0.86325931,3542208169.255785,4103295647.3481703
2015-06-18,-0.17753809843022328,0.86709753,3558080744.5076447,4103437758.042794
2015-06-19,-0.19710146084433602,0.85251691,3498839053.211169,4104128624.5115876
2015-06-20,-0.19360780311215744,0.85520736,3510795978.6962175,4105198508.460238
2015-06-21,-0.19973620707504788,0.85070324,3493222489.168514,4106276225.265715
2015-06-22,-0.18716185738777277,0.86017515,3533026458.364837,4107333789.362361
2015-06-23,-0.2001534527663466,0.85051054,3493359666.627246,4107367871.804676
2015-06-24,-0.2169647161753961,0.8379559,3440889209.155896,4106289136.642986
2015-06-25,-0.20777646062587155,0.8448489,3468946578.9566417,4105996443.809824
2015-06-26,-0.20473517450878778,0.84717268,3478758632.332473,4106315883.9499793
2015-06-27,-0.1650730708720272,0.87686139,3602148913.9906864,4108002650.2144046
2015-06-28,-0.17669293772030994,0.86825845,3567639092.8363156,4108959829.6870193
2015-06-29,-0.14163660735539857,0.89447788,3677288176.3647776,4111100183.231784
2015-06-30,-0.10891696043024075,0.91895089,3781465593.629716,4114981153.8130355
2015-07-01,-0.1360868603092797,0.89877462,3699045163.581754,4115653781.569571
2015-07-02,-0.1511385614244971,0.88759905,3652784408.5741506,4115354121.406677
2015-07-03,-0.14292332526724683,0.89360593,3673028226.0687375,4110344507.30283
2015-07-04,-0.12237637273995025,0.90895603,3737445242.301517,4111799821.9358497
2015-07-05,-0.07191601663642323,0.94652746,3893255324.658752,4113198495.7507224
2015-07-06,-0.08237425493434912,0.93879668,3863411819.863917,4115280658.9217134
2015-07-07,-0.09546118436322418,0.92913382,3826005679.665925,4117819841.7811604
2015-07-08,-0.07645786924309234,0.94328042,3886052381.875888,4119721240.3453555
2015-07-09,-0.07953107769569483,0.94097662,3874082916.7972,4117087326.566307
2015-07-10,-0.006089734368603524,0.99548676,4103284006.154959,4121887071.7627215
2015-07-11,0.032626468284976555,1.02415822,4224479904.060616,4124831321.532152
2015-07-12,0.1132320579777418,1.08367916,4477984910.629349,4132205431.199165
2015-07-13,0.02481362307128779,1.0183322,4208322109.0537567,4132563135.147604
2015-07-14,0.0017616382600658279,1.00130096,4138776579.4098334,4133399192.3964934
2015-07-15,-0.006874601962678039,0.9949258,4113719736.5051913,4134700031.4045444
2015-07-16,-0.041126036638278476,0.96964467,4008327127.831101,4133810303.759109
2015-07-17,-0.03411452803083551,0.97483547,4031402817.2637777,4135469975.5270267
2015-07-18,-0.04648547868992122,0.96571539,3993425473.3327727,4135199163.9408097
2015-07-19,-0.05614431422582046,0.95860718,3964629041.592124,4135822393.477299
2015-07-20,-0.03699071478948839,0.97272012,4020912112.082604,4133678361.7497334
2015-07-21,-0.04830171363794635,0.96438518,3986323280.294136,4133538510.3015957
2015-07-22,-0.0430037239629067,0.96830559,4003415009.135876,4134454092.2622123
2015-07-23,-0.04762118794883332,0.96492102,3990652010.721179,4135729171.6177754
2015-07-24,0.010825428897745468,1.00796633,4171998964.94545,4139026117.018661
2015-07-25,0.011268660609881178,1.00828547,4176021703.291408,4141705724.7600803
2015-07-26,0.028949002550372038,1.02127006,4231994880.1714096,4143854839.1122026
2015-07-27,0.03394825058011769,1.02492676,4249134571.165748,4145793374.7048893
2015-07-28,0.03837222276265355,1.02815783,4264330758.2668986,4147544894.2181363
2015-07-29,0.012406056094089374,1.00910193,4185254440.491251,4147504148.0608916
2015-07-30,0.005121473956396711,1.00375693,4162834833.189751,4147253890.630425
2015-07-31,-0.012293508860179632,0.99098704,4111354069.840921,4148746556.6057463
2015-08-01,-0.026073348232960578,0.98089158,4070140113.2944407,4149429148.2188487
2015-08-02,-0.02248325255924801,0.98353023,4082103941.822639,4150461081.2243557
2015-08-03,-0.023522450776562898,0.98277599,4079772161.4761286,4151273741.9196906
2015-08-04,-0.00823513400232794,0.99397021,4125583913.0988026,4150611227.170282
2015-08-05,-0.022098998912037916,0.98382413,4083894998.741782,4151041709.804152
2015-08-06,-0.037814448825862775,0.97232925,4036535536.3477015,4151408112.373151
2015-08-07,-0.03527267024840551,0.97419688,4044625067.23579,4151753254.6766005
2015-08-08,-0.12077628436842666,0.91166096,3784633860.88136,4151361116.6165986
2015-08-09,-0.09096678816177997,0.93317694,3856390022.6339407,4132538918.754187
2015-08-10,-0.09726565930143749,0.92856137,3837034320.2133784,4132235568.030768
2015-08-11,-0.06637489677236594,0.95127646,3932172125.4444513,4133574508.344768
2015-08-12,-0.081781715250805,0.93998135,3885529278.640121,4133623798.6425166
2015-08-13,-0.09780553022315405,0.92822959,3836477451.006509,4133112639.7365856
2015-08-14,-0.08947140834455505,0.93435614,3861545807.9419894,4132841475.1381516
2015-08-15,-0.10993220490872169,0.91933993,3798376129.588276,4131634018.7554736
2015-08-16,-0.12329812985471662,0.90950511,3755678810.5701265,4129365266.0952353
2015-08-17,-0.1271448084590416,0.90668516,3743262212.3181906,4128513818.7529073
2015-08-18,-0.31535499619182,0.76798027,3161908681.4787455,4117174366.3137927
2015-08-19,-0.2691178918964578,0.80186184,3298223973.136621,4113207299.073642
2015-08-20,-0.22801286563816967,0.83203851,3419668945.8115654,4109988786.2300577
2015-08-21,-0.2398115330487081,0.82326318,3381089030.1706786,4106935804.1382084
2015-08-22,-0.24949036383292272,0.81611734,3350608229.0454893,4105547161.938122
2015-08-23,-0.25893960857602666,0.8092317,3322811795.558806,4106131526.4327955
2015-08-24,-0.3357074166991482,0.75213176,3080718804.641924,4095982869.5997677
2015-08-25,-0.2776441458790971,0.79407506,3236978949.7615495,4076414325.0658813
2015-08-26,-0.25826383231583916,0.80814493,3288215003.8125396,4068843200.9497848
2015-08-27,-0.2636547093191683,0.80418084,3271871929.03352,4068577322.774216
2015-08-28,-0.22904069582203584,0.82998858,3377949385.754657,4069874534.604629
2015-08-29,-0.23983776002065463,0.82198826,3344756014.504504,4069104362.2745953
2015-08-30,-0.24357523400911713,0.81927215,3333875650.378945,4069314025.112345
2015-08-31,-0.2353961143769157,0.82540167,3359090020.869341,4069642869.5974665
2015-09-01,-0.24811304214833266,0.81598508,3320159149.4715314,4068896884.08461
2015-09-02,-0.24018389220199776,0.82188383,3343603441.5586166,4068219034.74925
2015-09-03,-0.25077239142089175,0.81397546,3309538909.865801,4065895192.7934055
2015-09-04,-0.23096878171293117,0.82872426,3369757378.780903,4066198543.265649
2015-09-05,-0.20823438708580055,0.8456626,3439504689.6556134,4067230464.792475
2015-09-06,-0.18463633461412746,0.86322379,3511850352.6229343,4068296533.651991
2015-09-07,-0.18558541086050181,0.86259401,3510258445.208255,4069421308.8823266
2015-09-08,-0.16871562857026234,0.87516289,3562748121.604004,4070954290.125355
2015-09-09,-0.1949157185862597,0.85581756,3484080201.8657794,4071054819.050195
2015-09-10,-0.19378076974655725,0.85661875,3485509618.4324985,4068915860.6818943
2015-09-11,-0.18359460960496266,0.86421443,3517038528.374584,4069636430.8272247
2015-09-12,-0.20514417808836516,0.84831164,3452222524.8582377,4069521579.190211
2015-09-13,-0.2328696179734629,0.82782905,3368332625.2484193,4068874636.917392
2015-09-14,-0.23043967930605644,0.82963832,3375053610.9508767,4068102364.1131673
2015-09-15,-0.2327710766533014,0.82794791,3367934600.819471,4067809774.191556
2015-09-16,-0.23905517037911378,0.82333716,3348936055.7358813,4067514766.047826
2015-09-17,-0.2188498678519747,0.83834106,3410592059.075548,4068263170.928963
2015-09-18,-0.2189104265817105,0.83835706,3411045811.1699696,4068726768.0073805
2015-09-19,-0.22326558587421264,0.83518355,3398114768.435108,4068704141.065887
2015-09-20,-0.22732940013429784,0.83222368,3385990191.2382693,4068605920.031342
2015-09-21,-0.24959637055706113,0.81585049,3319580294.937164,4068858615.182255
2015-09-22,-0.23068223473116586,0.82986426,3376884819.9776177,4069201413.7078485
2015-09-23,-0.23184447623188936,0.82892525,3370562525.320915,4066183923.485158
2015-09-24,-0.21155204197258548,0.84398148,3432712535.04904,4067284195.6781325
2015-09-25,-0.20553874772859607,0.8484784,3451526735.2461615,4067901711.164552
2015-09-26,-0.21007906529696063,0.84518839,3438520409.0167646,4068347896.9898825
2015-09-27,-0.21659006694657804,0.84044962,3419623585.4358406,4068802583.8310695
2015-09-28,-0.1832795161662938,0.86502832,3519795870.993324,4068994956.1342964
2015-09-29,-0.19634034275725656,0.85547192,3481511596.1079073,4069697104.854017
2015-09-30,-0.19915207035927715,0.85345406,3473639084.697917,4070094979.333647
2015-10-01,-0.19154637356238588,0.85908051,3496388477.7137675,4069919451.1044927
2015-10-02,-0.19304973188790508,0.85804128,3492911974.530072,4070797123.572041
2015-10-03,-0.18436658181366877,0.86449878,3520188703.531519,4071941782.880849
2015-10-04,-0.18536600532151243,0.86381713,3517889543.982753,4072493380.61026
2015-10-05,-0.1783413898088072,0.86904243,3540024122.1673555,4073476737.110932
2015-10-06,-0.14927713645687785,0.89045639,3628743989.808128,4075150709.860286
2015-10-07,-0.1641249958689675,0.87953074,3582442674.919352,4073129581.4849544
2015-10-08,-0.16705212530988078,0.87738611,3572933240.2314487,4072247325.9024453
2015-10-09,-0.1601731636249972,0.88249178,3594568617.940213,4073203512.377434
2015-10-10,-0.15268838970229592,0.88802862,3617713095.821152,4073869934.305892
2015-10-11,-0.1400559997704073,0.89733993,3656454767.730005,4074771048.8376513
2015-10-12,-0.15042688271826762,0.88965466,3621510561.5686746,4070692510.696987
2015-10-13,-0.12929710218905022,0.9052258,3686790059.116854,4072784999.1867824
2015-10-14,-0.11524621013937386,0.91550869,3727067912.782575,4071034992.3413343
2015-10-15,-0.10780812505367086,0.92101163,3750956017.1938376,4072647830.944152
2015-10-16,-0.06893409434757891,0.94954679,3870373892.991488,4076022302.1674247
2015-10-17,-0.024534173330214626,0.98206419,4006728659.130051,4079905061.124417
2015-10-18,-0.06622152980304573,0.9516082,3883189309.168762,4080659781.1670413
2015-10-19,-0.06196344052157472,0.95474467,3897264719.6751375,4081996833.431013
2015-10-20,-0.031159575023356523,0.97727168,3993505229.4949102,4086381823.215127
2015-10-21,-0.045083622293660315,0.96713256,3953301351.767409,4087652008.911176
2015-10-22,-0.009165906712280989,0.99332361,4063089753.5678487,4090398851.5563912
2015-10-23,0.005887672026199786,1.00428416,4111303804.2497926,4093765458.0251393
2015-10-24,0.029805760036278262,1.02166516,4186089446.822674,4097320345.956276
2015-10-25,0.04105980881970505,1.02981363,4223190800.807259,4100927272.449539
2015-10-26,0.043709005912766025,1.03170839,4234017247.3148584,4103889517.962395
2015-10-27,0.0859190761261738,1.06222316,4365940428.668873,4110191335.5653744
2015-10-28,0.12772573133610413,1.09230955,4498158206.714291,4118025157.533678
2015-10-29,0.1763159920313135,1.12707436,4653559847.774605,4128884493.277449
2015-10-30,0.23886612682382563,1.17145113,4856146703.114094,4145411258.525223
2015-10-31,0.16604261839426288,1.11900853,4644825841.449939,4150840424.290545
2015-11-01,0.24190471597859609,1.17301764,4878753858.828892,4159147904.057855
2015-11-02,0.40809752476299394,1.29040009,5394306532.212256,4180336450.698989
2015-11-03,0.5783909112105666,1.40849617,5932994875.238465,4212290385.7370553
2015-11-04,0.5906404111913736,1.41400867,6002025460.71014,4244687877.8403387
2015-11-05,0.4804992800141662,1.33554498,5690502775.900624,4260809528.032986
2015-11-06,0.42382696897247685,1.29585462,5523574280.013332,4262495340.729913
2015-11-07,0.48737633772392386,1.33922357,5725402504.349122,4275165575.490224
2015-11-08,0.41780907768333725,1.29084893,5517763769.283168,4274523254.4626026
2015-11-09,0.45541824194124386,1.31634235,5639130421.822669,4283939069.363429
2015-11-10,0.24854995680623182,1.1732578,5008045357.344873,4268495259.3921585
2015-11-11,0.10925873427988089,1.07637834,4580802011.521221,4255754544.002828
2015-11-12,0.2504530025536775,1.17484219,5006262858.419689,4261221550.46176
2015-11-13,0.24835856181192395,1.17320189,5003992427.356481,4265244089.7077656
2015-11-14,0.22730599230903573,1.15846495,4942389627.191106,4266326423.765437
2015-11-15,0.16302058837793323,1.113692,4748983122.682492,4264179973.1725583
2015-11-16,0.21888085658136158,1.15257372,4916736893.133871,4265876280.0299416
2015-11-17,0.24017669007391562,1.16708912,4988027970.297106,4273904952.774391
2015-11-18,0.23929942142603386,1.16637111,4987748561.890448,4276296385.539288
2015-11-19,0.19245141834588092,1.13381269,4847544173.718769,4275436512.9911966
2015-11-20,0.17149464669355863,1.11922908,4785117550.713641,4275369212.809983
2015-11-21,0.19128151655609962,1.13292142,4845464834.222479,4276964623.214979
2015-11-22,0.18005293940087924,1.12503742,4814322324.530699,4279255284.264855
2015-11-23,0.17679815655703343,1.12274649,4805162610.897629,4279828664.5257106
2015-11-24,0.16182625055370495,1.11232756,4761020548.937011,4280232478.405022
2015-11-25,0.20648920644687435,1.14323112,4896144197.877515,4282724737.127095
2015-11-26,0.3405895214300329,1.23571942,5303959481.157864,4292203711.7114043
2015-11-27,0.354095822705277,1.24471977,5350019771.763849,4298172087.170954
2015-11-28,0.3401457591182902,1.23492724,5311163382.550138,4300790532.849643
2015-11-29,0.4146017992210232,1.28597204,5538066564.959828,4306521753.738773
2015-11-30,0.4401249599779836,1.30285581,5624254420.349992,4316866361.711963
2015-12-01,0.365919766241551,1.25175777,5404346669.314776,4317406129.873495
2015-12-02,0.34914389512465166,1.2400996,5356450093.194915,4319370874.077304
2015-12-03,0.358834780547626,1.24663471,5387370915.290927,4321531297.0797415
2015-12-04,0.3683430545142802,1.25296246,5419060652.718329,4324998414.332644
2015-12-05,0.4966840846880508,1.34032565,5810458035.515081,4335109184.484444
2015-12-06,0.5139152944752117,1.35140208,5871059363.246267,4344420842.719339
2015-12-07,0.5216840676242676,1.35604281,5902776056.222066,4352942261.625256
2015-12-08,0.6107897133063335,1.41573376,6180087600.810438,4365289417.701276
2015-12-09,0.6242027918140267,1.4230962,6239102652.200718,4384174908.344719
2015-12-10,0.612816182444105,1.4147374,6212922055.645881,4391572637.894411
2015-12-11,0.7979768022880491,1.53766856,6784598775.116788,4412263443.246045
2015-12-12,0.7060987758904331,1.47529212,6517202920.100931,4417567769.629876
2015-12-13,0.6976023228077494,1.46917519,6497029960.698693,4422229564.534569
2015-12-14,0.7361330779089639,1.49347951,6627636825.546274,4437715269.053992
2015-12-15,0.839469898800258,1.5607304,6953313624.780674,4455166391.825695
2015-12-16,0.7855667064953943,1.52430436,6798393278.415105,4459997266.172686
2015-12-17,0.7939304706757229,1.52913908,6831562359.3120575,4467587316.722072
2015-12-18,0.8253783179112492,1.54887254,6937370780.101776,4478981065.86729
2015-12-19,0.8143269586619567,1.5407991,6912583208.0521345,4486362438.848864
2015-12-20,0.7175189260533354,1.47646827,6626069348.6912365,4487783099.254301
2015-12-21,0.6945953783641362,1.46115451,6560055357.080812,4489638373.070355
2015-12-22,0.6818833839486576,1.45244997,6526135996.725024,4493191594.561446
2015-12-23,0.7169099447985061,1.47498552,6638784570.330636,4500915080.393899
2015-12-24,0.7808079211816286,1.51648924,6838516283.210734,4509439370.114313
2015-12-25,0.7773125945278165,1.51327284,6837963518.749962,4518658723.00329
2015-12-26,0.5906906487860716,1.39046843,6277112534.646038,4514386949.904384
2015-12-27,0.6132132299086152,1.40524438,6346584979.952393,4516356777.71036
2015-12-28,0.6050574312373683,1.39984175,6323355781.128885,4517193304.978142
2015-12-29,0.6560835706294784,1.43330598,6479562252.391901,4520711099.239187
2015-12-30,0.6292733141848884,1.41549314,6401757885.322323,4522634341.641757
2015-12-31,0.6459029407124552,1.42597532,6457880528.943902,4528746352.316884
2016-01-01,0.6705058684811217,1.44202141,6534508443.28958,4531491972.292964
2016-01-02,0.6689421866579969,1.44085731,6532503495.42071,4533761566.869317
2016-01-03,0.6464722598029048,1.42578556,6469349717.041512,4537393208.724538
2016-01-04,0.6622735017681339,1.4358758,6521136233.407531,4541574022.911683
2016-01-05,0.6576310387663866,1.43257229,6511107544.721244,4545046410.691948
2016-01-06,0.6470511384647649,1.42542709,6482654224.852928,4547867983.098967
2016-01-07,0.7844016677435541,1.51365061,6913797513.641059,4567631042.437897
2016-01-08,0.7572241414531097,1.49531085,6839360304.45274,4573871917.3025055
2016-01-09,0.7350587152451465,1.48063286,6776462099.883678,4576733559.650755
2016-01-10,0.7257660103963164,1.47362064,6759368695.870575,4586912338.490708
2016-01-11,0.7260682674373159,1.4731839,6768100684.947386,4594199464.81046
2016-01-12,0.6887122742421738,1.44857001,6660477159.68141,4597967039.012087
2016-01-13,0.6415514785037286,1.41794151,6519487114.256076,4597853344.639072
2016-01-14,0.6291721449889874,1.4098903,6483404579.346747,4598517047.281443
2016-01-15,0.3225632527538882,1.21085056,5549325125.136024,4582997529.551479
2016-01-16,0.4242485424112481,1.2771992,5856183131.288612,4585176009.57518
2016-01-17,0.3964474872044942,1.25902054,5773284492.586803,4585536382.58102
2016-01-18,0.40921909235207415,1.26741248,5810919867.290267,4584868745.564402
2016-01-19,0.3761402370358849,1.24584593,5710964765.319071,4584005636.490759
2016-01-20,0.5863837339312591,1.3822596,6353808388.678534,4596682409.497126
2016-01-21,0.5295874416476614,1.34524409,6184146146.488751,4597043906.350669
2016-01-22,0.3962006424299068,1.25973209,5758959432.442596,4571574764.315639
2016-01-23,0.42282430265158966,1.27705234,5841155071.388704,4573935529.837958
2016-01-24,0.5074500445978533,1.33208711,6101039864.555417,4580060732.331099
2016-01-25,0.4491218154917494,1.29373682,5929313467.64766,4583090916.163042
2016-01-26,0.44476810639868086,1.29079002,5918124084.74964,4584885219.944325
2016-01-27,0.4621325515609142,1.3020216,5972376363.826889,4587002522.713056
2016-01-28,0.3846804572624574,1.25165178,5735750655.041093,4582545039.0372095
2016-01-29,0.38701927248323903,1.2534027,5738850566.134647,4578616725.601953
2016-01-30,0.3778739344135385,1.24726247,5714309199.15575,4581480912.478471
2016-01-31,0.3237365674320946,1.21190019,5550547731.526968,4580037017.344612
2016-02-01,0.3514395345708344,1.23041296,5626006658.768317,4572453998.508206
2016-02-02,0.36056437679400805,1.236387,5653512455.507252,4572607489.004051
2016-02-03,0.33739698329708534,1.22129665,5581946530.078866,4570508344.617883
2016-02-04,0.44481243066400944,1.29128531,5911509153.57617,4578003875.5154505
2016-02-05,0.4182683432433401,1.27387646,5832548684.676824,4578582670.941909
2016-02-06,0.36978298921064434,1.24218056,5686227481.1046095,4577617509.248904
2016-02-07,0.37240525729077245,1.24380766,5695806667.05346,4579330752.034008
2016-02-08,0.35132132916344305,1.23006764,5631292826.371553,4578035095.998098
2016-02-09,0.36575260341677,1.23955252,5673897678.079752,4577375775.961274
2016-02-10,0.39334880131134553,1.25743769,5760079210.546447,4580806871.270454
2016-02-11,0.3858352476411738,1.25239109,5739959017.329744,4583200138.648179
2016-02-12,0.4089752109443024,1.26735993,5812351827.981777,4586188730.127974
2016-02-13,0.44531502640328374,1.29090383,5924919898.905758,4589745387.079499
2016-02-14,0.5273180934841769,1.34395157,6178327890.993508,4597135811.220867
2016-02-15,0.4920607483144975,1.32080872,6075140750.17184,4599561358.26529
2016-02-16,0.5291324075739015,1.34439265,6194735961.69609,4607832363.332312
2016-02-17,0.5680668824857591,1.36891644,6322493985.025067,4618612064.462508
2016-02-18,0.5967429796273355,1.387065,6415087710.934137,4624936618.640177
2016-02-19,0.5864770020838338,1.37990407,6391283874.672161,4631687095.953098
2016-02-20,0.6879877735154074,1.44479793,6706222232.214417,4641633333.607017
2016-02-21,0.679431525265017,1.43896168,6685122328.61557,4645795938.510031
2016-02-22,0.6721427117916496,1.43388713,6668480303.687458,4650631255.535056
2016-02-23,0.5838858772337309,1.37701655,6403149531.074921,4650016393.103569
2016-02-24,0.6027799845447265,1.38888584,6464806599.100708,4654670969.2862215
2016-02-25,0.6027698255817793,1.38869889,6467910003.96579,4657532349.554762
2016-02-26,0.6403642986162813,1.4125491,6586419073.123424,4662789472.67987
2016-02-27,0.6457103881298211,1.41577688,6606096233.134229,4666057432.11051
2016-02-28,0.6450010217024582,1.41489813,6609903279.443054,4671646063.6237135
2016-02-29,0.6655077469451609,1.42718873,6682686401.79238,4682412536.842539
2016-03-01,0.6374049998835782,1.40836687,6608375018.645714,4692225555.295627
2016-03-02,0.5880021129419578,1.37665947,6461501370.36902,4693609066.858792
2016-03-03,0.5680623181713617,1.36370699,6404713255.250994,4696546473.851391
2016-03-04,0.5115510174970566,1.32762119,6234002294.222064,4695618254.045843
2016-03-05,0.45754549347334666,1.29300875,6072369805.449488,4696309909.309962
2016-03-06,0.48975930009434215,1.31351951,6171536521.165921,4698473432.774456
2016-03-07,0.5365772893964473,1.34309201,6318508877.335182,4704449754.961451
2016-03-08,0.5273636365571919,1.33712484,6292517671.840536,4706006113.715258
2016-03-09,0.5336069607667963,1.3411659,6311299791.606736,4705830793.645094
2016-03-10,0.5520561436226826,1.35270133,6371051280.018887,4709872858.644182
2016-03-11,0.5674364181194695,1.36229072,6421253596.186825,4713570680.556955
2016-03-12,0.520536345525174,1.33231582,6281179669.503447,4714482538.759801
2016-03-13,0.5280598512526989,1.33700014,6306152777.311628,4716643318.609995
2016-03-14,0.5436098552143067,1.34667706,6357055522.544012,4720549351.708725
2016-03-15,0.5444119896249082,1.34702813,6362394569.02727,4723282630.35403
2016-03-16,0.5525859707352699,1.3520056,6390909675.880863,4726984618.910501
2016-03-17,0.5598293847496986,1.35638731,6416617901.827912,4730667895.903503
2016-03-18,0.5106277885218795,1.32505057,6269263237.3789425,4731338847.979925
2016-03-19,0.5120771135806655,1.32598423,6274070872.375975,4731633099.720933
2016-03-20,0.5267645088744066,1.33522284,6320546194.189722,4733701375.412154
2016-03-21,0.5236547081735593,1.33302131,6314994502.682408,4737354500.868713
2016-03-22,0.5478242842380509,1.34807127,6392939591.120112,4742286059.638458
2016-03-23,0.5514305600932229,1.35020487,6406719798.529788,4744998289.429802
2016-03-24,0.531397396665468,1.33729801,6349632756.706358,4748106038.613157
2016-03-25,0.5448058013380296,1.34555077,6394342216.905633,4752211777.86226
2016-03-26,0.5463220444175576,1.34628144,6402845061.447639,4755948400.690749
2016-03-27,0.5888725161070082,1.37287033,6536939368.003687,4761512595.296372
2016-03-28,0.5749488559260221,1.36375683,6499748928.59248,4766061504.229078
2016-03-29,0.5389293348744869,1.3408893,6392975294.163781,4767712960.468684
2016-03-30,0.5231259948758128,1.3308193,6347049897.950738,4769280020.173091
2016-03-31,0.5385833322504077,1.34039332,6397222798.802538,4772645986.330742
2016-04-01,0.5444265574750836,1.3439179,6417948412.488325,4775550956.266246
2016-04-02,0.5569443474668905,1.35165651,6458825358.773215,4778451707.951465
2016-04-03,0.5580886764917729,1.35223224,6465094574.320611,4781053418.990078
2016-04-04,0.5550180300240403,1.35014818,6458634885.3608465,4783648921.676765
2016-04-05,0.569284055316834,1.35890201,6505849704.095044,4787578247.893712
2016-04-06,0.5647687154074371,1.35566372,6498356367.018341,4793486962.252218
2016-04-07,0.5589669330541667,1.35117853,6493044381.489624,4805467402.956457
2016-04-08,0.5446410538346753,1.34214463,6451049192.286448,4806523118.366497
2016-04-09,0.5450919611116202,1.34233375,6454519940.740526,4808431540.025367
2016-04-10,0.5594383718594527,1.35084023,6505604052.689057,4815968541.808277
2016-04-11,0.5655687610578872,1.35449753,6527552278.210826,4819168830.976625
2016-04-12,0.5853755994584756,1.36654458,6593204703.353853,4824727125.51672
2016-04-13,0.5720473755304306,1.35807492,6555532751.537464,4827077398.305437
2016-04-14,0.5767038370224932,1.36084658,6572462489.19252,4829686597.87683
2016-04-15,0.6006202338426444,1.37555561,6649086869.042888,4833746320.908748
2016-04-16,0.6075745566016854,1.37971516,6673608366.480628,4836946465.443366
2016-04-17,0.5927683746315873,1.37038391,6630892248.942279,4838711400.911208
2016-04-18,0.5939791129268717,1.37101446,6637226928.474709,4841106437.691917
2016-04-19,0.6330768618788054,1.39507656,6761087094.176054,4846391436.8800335
2016-04-20,0.657688168333581,1.41003606,6841606366.10558,4852079007.189065
2016-04-21,0.7041741376482716,1.43844551,6990188725.321296,4859543637.020561
2016-04-22,0.6822759226746753,1.42445756,6929485128.461931,4864648356.7133665
2016-04-23,0.7100612757911817,1.44126699,7020499800.864844,4871061260.387879
2016-04-24,0.7567683346551451,1.46984701,7168468660.943906,4877016867.860217
2016-04-25,0.763208768760113,1.47288881,7199851372.969952,4888251797.4795065
2016-04-26,0.7823366461353547,1.48393742,7268046143.045657,4897811757.483451
2016-04-27,0.6615837631501529,1.40953828,6900088525.33498,4895282819.37471
2016-04-28,0.6874762807225281,1.4252343,6983948370.74168,4900210702.718619
2016-04-29,0.7165604484205232,1.44285983,7077878361.232827,4905451114.563795
2016-04-30,0.6800760486596529,1.42025882,6969413402.910671,4907143194.443018
2016-05-01,0.7044092947015587,1.43481218,7050339456.944335,4913771680.516634
2016-05-02,0.6529971291098159,1.40306525,6895933470.962788,4914905754.356605
2016-05-03,0.6864727205314375,1.42352585,7001415141.708148,4918361785.778704
2016-05-04,0.6693322647447739,1.41279571,6952734960.438557,4921259960.818084
2016-05-05,0.6737276479384363,1.41534562,6969488309.274677,4924230669.025334
2016-05-06,0.7346810010785525,1.45231269,7163035351.4550295,4932157792.723707
2016-05-07,0.7318651038295323,1.45028008,7159614274.278417,4936711448.369626
2016-05-08,0.7311956972618776,1.44965118,7161816341.515871,4940372166.989766
2016-05-09,0.7407892027630674,1.45525025,7196136872.095887,4944948040.445888
2016-05-10,0.6774209216700032,1.41626148,7005655676.3158245,4946583505.410191
2016-05-11,0.6907074844025825,1.42414735,7050909678.588457,4950969208.760918
2016-05-12,0.6985820589630793,1.42876187,7079071139.960049,4954689293.297034
2016-05-13,0.7063476024785181,1.43336991,7106207246.516813,4957692495.802995
2016-05-14,0.7096159851608647,1.43505829,7121496007.328157,4962513409.35298
2016-05-15,0.7229055238835531,1.44303466,7165662908.812253,4965690088.699778
2016-05-16,0.6941876899335997,1.42545539,7079672667.303527,4966604158.200648
2016-05-17,0.680157785883152,1.41546718,7055170387.460004,4984340497.008205
2016-05-18,0.6842409092874235,1.41776705,7071537380.293865,4987799215.882374
2016-05-19,0.5990427336429273,1.36583656,6812043751.092737,4987451610.676417
2016-05-20,0.6218243062749859,1.37946798,6886408789.57811,4992075850.55951
2016-05-21,0.6299965192321891,1.38433791,6914147190.23459,4994551648.328832
2016-05-22,0.6119383470993561,1.37324466,6861375740.907588,4996469996.036677
2016-05-23,0.6296520437927285,1.38378129,6920164469.127532,5000909117.023495
2016-05-24,0.6366779465920398,1.38792754,6944693717.897456,5003642854.365046
2016-05-25,0.6601273643282013,1.40185071,7022213615.431255,5009244968.339928
2016-05-26,0.678741363344371,1.41287581,7084285953.359266,5014089634.218641
2016-05-27,0.7610616811019109,1.46115986,7356966578.282625,5035018261.644982
2016-05-28,1.053217984692987,1.63473944,8280114126.298482,5065097179.216819
2016-05-29,1.0306901003376439,1.61944736,8229636296.690348,5081755974.266646
2016-05-30,1.0554926249644738,1.63256643,8324272914.340074,5098887715.301162
2016-05-31,1.0382424803347334,1.62098355,8286178638.20888,5111821546.991566
2016-06-01,1.0680004994442844,1.63749336,8392195818.183091,5125025861.590725
2016-06-02,1.0683409021348245,1.63594156,8412124257.999834,5142068924.515759
2016-06-03,1.2228551878211649,1.72607424,8904487503.587486,5158809104.055388
2016-06-04,1.2397682904379932,1.73508921,8970073160.085773,5169805165.283562
2016-06-05,1.2404926115738715,1.73449123,8986129385.043505,5180844520.639926
2016-06-06,1.289082478202218,1.76124697,9156104252.492289,5198648689.509052
2016-06-07,1.2483305879989273,1.73648602,9042666517.593811,5207451377.923451
2016-06-08,1.2673635345739727,1.74643017,9117116235.319576,5220429875.715887
2016-06-09,1.2341234235642216,1.7262705,9025747144.127893,5228466305.905067
2016-06-10,1.2441894194863177,1.73124783,9070269813.759335,5239151585.685646
2016-06-11,1.3691167297931923,1.80308386,9473642440.131313,5254133016.381896
2016-06-12,1.6827368062194181,1.97978904,10492268215.951578,5299690019.473781
2016-06-13,1.8312011757663769,2.05438766,11026130042.038464,5367112671.441214
2016-06-14,1.725518724896655,1.99146107,10725099628.490984,5385543202.454359
2016-06-15,1.763505561306128,2.00817303,10885155466.59626,5420427076.742615
2016-06-16,2.099482174800116,2.18424554,12022238062.35232,5504068952.958612
2016-06-17,2.0012973868937447,2.12593041,11752362635.055412,5528103168.276054
2016-06-18,2.0333263350616484,2.14155867,11885009701.516665,5549700724.060324
2016-06-19,2.0676882044157,2.15941186,12021287774.883976,5566926808.896926
2016-06-20,1.8412828184629455,2.03279428,11330195008.740025,5573704688.277667
2016-06-21,1.573440976988272,1.88290437,10503218109.07042,5578200505.780556
2016-06-22,1.2080624448639965,1.68209991,9332296532.04475,5548003704.515239
2016-06-23,1.368508068126331,1.77191858,9849794643.999235,5558830273.115165
2016-06-24,1.5447876287595532,1.86988311,10423912097.768911,5574633003.540479
2016-06-25,1.5631538264063356,1.87909186,10501107906.2762,5588395186.95813
2016-06-26,1.372168984674306,1.7731205,9899936557.105762,5583341096.730742
2016-06-27,1.476310249856295,1.83085813,10244832743.90781,5595645329.38869
2016-06-28,1.4489584305251173,1.81560781,10168283272.072151,5600484430.650335
2016-06-29,1.4049329407225815,1.79144978,10034992396.695734,5601604079.962395
2016-06-30,1.5746539545965923,1.88463722,10598500491.258728,5623628982.164923
2016-07-01,1.5862565614806012,1.89054098,10651857252.193722,5634290589.243785
2016-07-02,1.7058159340325363,1.95662702,11051093046.011345,5648032523.853905
2016-07-03,1.5049638781024728,1.84470645,10421638625.09864,5649483485.623764
2016-07-04,1.5865237763050453,1.89000024,10696206813.055763,5659367965.506588
2016-07-05,1.5248644633092967,1.85502138,10514918763.339394,5668354487.288655
2016-07-06,1.5676425967449585,1.87853142,10666561393.12622,5678138400.861147
2016-07-07,1.3821229886284874,1.77579285,10076941251.763096,5674615286.216011
2016-07-08,1.5012699255116633,1.8419359,10472925788.882471,5685825325.888089
2016-07-09,1.4332769448175433,1.80354226,10268475401.444052,5693504182.953856
2016-07-10,1.420645607921171,1.79645545,10238516109.738413,5699287510.713618
2016-07-11,1.4186630057113458,1.79504742,10244613016.313946,5707154530.944896
2016-07-12,1.5117258116409582,1.84676287,10556967222.729477,5716471450.787548
2016-07-13,1.4520772390637817,1.81377039,10373847348.583372,5719493165.054576
2016-07-14,1.4621862439687354,1.81967435,10415546557.614561,5723851939.559713
2016-07-15,1.4882780534809847,1.83455167,10508907502.596016,5728324622.547162
2016-07-16,1.4785128088713309,1.82935184,10486838495.0723,5732543224.201365
2016-07-17,1.5507206506702922,1.86895135,10737385138.648762,5745138919.024705
2016-07-18,1.5189436233357232,1.8515086,10644500867.369738,5749096097.835969
2016-07-19,1.5122574221461655,1.8472273,10638355650.543604,5759093994.844925
2016-07-20,1.4744791963665347,1.82663887,10523629888.561647,5761198921.909314
2016-07-21,1.470051476646754,1.82456417,10517584702.33698,5764436721.530589
2016-07-22,1.3897483526083472,1.7803472,10261726367.225912,5763890530.580728
2016-07-23,1.4213007893138079,1.79860084,10370300477.421618,5765759832.193572
2016-07-24,1.435665363987139,1.80565737,10434679618.262651,5778881304.742023
2016-07-25,1.4031036075122325,1.78771375,10336762400.055084,5782112712.426743
2016-07-26,1.3983520098059745,1.78522608,10330035449.859348,5786401826.405846
2016-07-27,1.4033796983066957,1.78796338,10357103755.973545,5792682261.743831
2016-07-28,1.400877746802074,1.78683669,10356977376.581444,5796264109.945853
2016-07-29,1.405088596619039,1.78935642,10379668577.633736,5800783153.997757
2016-07-30,1.3921502935328602,1.78228347,10345981727.035852,5804902475.494457
2016-07-31,1.2452118437806423,1.7008979,9864787253.922888,5799752738.787489
2016-08-01,1.158299435594597,1.6531908,9577091014.48737,5793094792.499069
2016-08-02,0.7862345777122131,1.44664432,8322316113.469051,5752841938.00246
2016-08-03,0.9941203108660496,1.56457026,9008352671.231228,5757716928.117519
2016-08-04,1.0540622189449038,1.59778327,9217879119.553005,5769167378.722775
2016-08-05,1.0424682346634055,1.59141223,9183369996.809528,5770579001.274565
2016-08-06,1.0875924041140344,1.61723105,9334928404.954647,5772167437.024319
2016-08-07,1.1052624380201808,1.62732927,9398234418.06228,5775250646.147526
2016-08-08,1.0896000978681712,1.6187062,9350293260.929688,5776399238.434798
2016-08-09,1.071661149161822,1.6089797,9292773715.756552,5775569272.723921
2016-08-10,1.081769856502296,1.61532499,9326077816.293648,5773499372.589814
2016-08-11,1.0795178064950177,1.61439329,9321130919.560732,5773767134.2530985
2016-08-12,1.067334009145176,1.60770275,9284372607.850191,5774931098.332817
2016-08-13,1.0577846196921454,1.60245343,9256660815.734985,5776555276.077499
2016-08-14,0.9905630464154662,1.56450982,9036807001.991344,5776126737.249463
2016-08-15,0.9676815673186814,1.55189891,8961568521.575514,5774582650.860624
2016-08-16,1.023110767948038,1.58343489,9149988259.004847,5778569309.537475
2016-08-17,1.000138225906327,1.5706748,9075711005.320467,5778224114.450978
2016-08-18,0.9976454005523425,1.56943471,9070477552.814447,5779455172.629926
2016-08-19,1.000162770212497,1.57097556,9082583293.068104,5781492420.587437
2016-08-20,1.033978534685742,1.58942926,9207752339.003368,5793118681.48405
2016-08-21,1.028241667677805,1.5862522,9193032110.329985,5795441677.136829
2016-08-22,1.047216142841188,1.5971444,9260345625.444841,5798064110.8248205
2016-08-23,1.0354911343155213,1.5907111,9224307340.651608,5798857718.822486
2016-08-24,1.0166525114069145,1.58033884,9163250800.424288,5798282348.375546
2016-08-25,1.000368406439405,1.5702844,9121935090.289913,5809097441.386995
2016-08-26,1.012876697403319,1.57746065,9167883099.984455,5811798284.784128
2016-08-27,0.9713579306175717,1.55410904,9031541039.337103,5811394700.681429
2016-08-28,0.9940871180816306,1.56720759,9110313074.36318,5813086366.15471
2016-08-29,0.98628715110304,1.56317394,9084831917.791384,5811785678.688697
2016-08-30,0.9957771847742377,1.56851349,9121919126.58093,5815645950.600611
2016-08-31,0.9778060838274771,1.55808288,9068641074.086544,5820384262.2842655
2016-09-01,0.977121064748847,1.55789624,9068833387.900324,5821205003.935514
2016-09-02,0.9982413196271551,1.57001279,9143236775.518871,5823670248.902158
2016-09-03,1.108079460744226,1.63244029,9517104239.60243,5829986124.394437
2016-09-04,1.1543967430493203,1.65865731,9679597555.774256,5835803150.787221
2016-09-05,1.1384193226336605,1.64951295,9632908725.560476,5839850317.974452
2016-09-06,1.162007296401497,1.66267259,9720658910.828499,5846405942.632698
2016-09-07,1.172672292558055,1.6686166,9764079129.161001,5851601337.9952
2016-09-08,1.2403101553699363,1.70667998,10001368208.783413,5860130971.234228
2016-09-09,1.2024585953899622,1.68507108,9882367390.11141,5864659068.335213
2016-09-10,1.209264311014778,1.68900378,9911731006.304823,5868388883.241471
2016-09-11,1.1300631745936778,1.64409449,9651109982.561745,5870167463.770129
2016-09-12,1.1266326643110043,1.64235516,9643791009.051008,5871927853.3219385
2016-09-13,1.128834477613404,1.64324029,9660708066.158016,5879059882.446052
2016-09-14,1.1308849779635788,1.64445893,9673304501.951101,5882363083.370589
2016-09-15,1.1186183371147438,1.63757095,9637285101.667816,5885109956.101637
2016-09-16,1.120321189213521,1.63843679,9650028004.855152,5889777416.957996
2016-09-17,1.1172751991420202,1.63684292,9644518084.405657,5892146379.2051935
2016-09-18,1.1355901123088576,1.64735892,9711555637.111002,5895227517.941872
2016-09-19,1.1220182564524825,1.63980889,9670291120.059471,5897206179.958856
2016-09-20,1.1165438449647427,1.63608322,9663505284.913973,5906487620.424329
2016-09-21,1.0623810794891801,1.60558003,9483251078.469328,5906433127.764629
2016-09-22,1.0553843894577535,1.60186568,9462361163.235504,5907087767.331094
2016-09-23,1.0863936117281916,1.61963842,9571647456.79608,5909743396.181031
2016-09-24,1.087550099238409,1.62065676,9577801209.224775,5909827080.9821415
2016-09-25,1.0758425990771046,1.61373559,9546177957.713375,5915577506.543916
2016-09-26,1.1033116931678253,1.62933517,9645385465.780867,5919828923.708107
2016-09-27,1.0942590694746706,1.62414841,9620782718.725668,5923585960.1806135
2016-09-28,1.0911282686842325,1.62251024,9614506858.021822,5925698723.492692
2016-09-29,1.0926354345406097,1.62353046,9623794124.67896,5927695452.4641075
2016-09-30,1.108888497236106,1.63296882,9683127491.422848,5929768757.87674
2016-10-01,1.1382209452867496,1.64973693,9788386393.685143,5933301374.107654
2016-10-02,1.12015735277194,1.63963562,9731252012.098734,5935008908.92986
2016-10-03,1.1217792052450641,1.64023485,9745798527.484585,5941709217.728538
2016-10-04,1.10748197723452,1.63178451,9705918424.722736,5948039318.453107
2016-10-05,1.116153758982917,1.63673816,9741244516.854696,5951620579.833427
2016-10-06,1.1130721115199265,1.63502177,9736318570.131832,5954855616.467927
2016-10-07,1.1403399502932372,1.65057413,9835219693.765524,5958665845.42042
2016-10-08,1.1453938821832947,1.65345115,9858736936.210272,5962520837.830783
2016-10-09,1.1340745864024706,1.6471487,9824949668.744743,5964822525.582993
2016-10-10,1.1373098879850667,1.64905635,9841576625.082909,5968005050.332519
2016-10-11,1.2490729826077873,1.71172286,10239107980.151459,5981755703.228417
2016-10-12,1.2153388975426418,1.69165254,10138601014.062204,5993311731.770996
2016-10-13,1.2083111093737873,1.68770306,10121241460.47686,5997051081.057386
2016-10-14,1.2258048402422357,1.69764855,10188301722.13972,6001419859.334089
2016-10-15,1.2137626612828372,1.6909697,10152757865.185707,6004103955.964266
2016-10-16,1.2381531143694593,1.70485941,10243484390.882189,6008404171.510065
2016-10-17,1.2170181208762643,1.69213973,10184328193.370346,6018609463.989327
2016-10-18,1.1978610943585695,1.6808924,10128816473.604576,6025856547.1558895
2016-10-19,1.168878251739896,1.66452177,10035204855.12808,6028881710.047013
2016-10-20,1.162866439969024,1.66126571,10019653453.962454,6031337066.46028
2016-10-21,1.170822447938312,1.66533193,10057724428.070345,6039471319.132363
2016-10-22,1.2777775420603872,1.72581278,10435206532.324495,6046546098.8905735
2016-10-23,1.2641048151696594,1.71807394,10395776975.87273,6050832117.197895
2016-10-24,1.252744055404759,1.71141678,10366087956.430365,6057021339.027869
2016-10-25,1.276322361005481,1.72432365,10459168168.475748,6065664162.569334
2016-10-26,1.3608398778322903,1.77111563,10768423416.412828,6080022802.583944
2016-10-27,1.4077829216917066,1.79615707,10951865394.589493,6097387348.529321
2016-10-28,1.42247105187513,1.80415758,11014871259.5123,6105271170.111593
2016-10-29,1.532672009055849,1.8651885,11415942030.433352,6120529925.223832
2016-10-30,1.4565100686302497,1.8226058,11160320004.186415,6123276906.167211
2016-10-31,1.450296524917857,1.81838639,11154651376.833721,6134368051.904371
2016-11-01,1.590027498081935,1.89570499,11661602264.255903,6151591268.5633135
2016-11-02,1.6300699964970269,1.91748494,11819079821.412252,6163844927.727178
2016-11-03,1.3973767156160553,1.78730294,11015395929.736336,6163138706.489419
2016-11-04,1.4652236768617046,1.82526343,11263773111.01154,6171039711.791924
2016-11-05,1.4693277633365704,1.82779984,11287223328.458754,6175306005.311147
2016-11-06,1.5080773513166026,1.84962453,11433552272.118605,6181553113.441139
2016-11-07,1.4611146270437287,1.82330887,11279672698.354595,6186375157.794628
2016-11-08,1.482387850873034,1.83441017,11371496573.29223,6198993419.93521
2016-11-09,1.521753985356494,1.85565551,11527230203.520596,6211945127.423244
2016-11-10,1.4818047618620052,1.83311387,11399414446.916431,6218606838.055528
2016-11-11,1.4891871383429178,1.83712016,11437555198.370045,6225806807.525342
2016-11-12,1.433452660393698,1.80622068,11249568032.42736,6228235650.821671
2016-11-13,1.430624848091023,1.80498214,11247282883.500923,6231243309.4218445
2016-11-14,1.4371390363512104,1.80858594,11281043609.419767,6237493812.110343
2016-11-15,1.4641606419308748,1.82341234,11389601875.225286,6246311723.011202
2016-11-16,1.591407727295305,1.89261677,11866103842.554716,6269681232.167627
2016-11-17,1.5560999585272008,1.87204522,11759913460.291101,6281853309.2331505
2016-11-18,1.615716726284471,1.90458043,11989370149.714296,6295019081.821762
2016-11-19,1.6197628193946185,1.90689799,12016856543.594193,6301782584.392043
2016-11-20,1.5234068019934073,1.85356329,11684288236.45678,6303689924.964353
2016-11-21,1.5476871486053747,1.86694042,11784055475.63626,6311961190.2967205
2016-11-22,1.5948146200391886,1.89259128,11969158598.505112,6324217344.225062
2016-11-23,1.5572050087003628,1.86965336,11862392064.881804,6344701279.2156315
2016-11-24,1.533406845250866,1.85483303,11801706386.8468,6362678578.592489
2016-11-25,1.5411345923800048,1.85929274,11840408101.462505,6368232310.455052
2016-11-26,1.515729727703319,1.84525241,11761259693.54383,6373794517.110985
2016-11-27,1.4822488364465218,1.82681448,11651916569.23644,6378270315.24101
2016-11-28,1.4896666781263603,1.83082068,11690901052.292336,6385606837.416943
2016-11-29,1.4941048498741336,1.83343351,11717307499.7525,6390909425.317801
2016-11-30,1.5377149830605858,1.85741761,11887711385.812412,6400128501.96484
2016-12-01,1.5842709199500047,1.88258493,12072806440.73908,6412888071.264377
2016-12-02,1.6612360501744237,1.92399804,12372572705.253073,6430657645.188179
2016-12-03,1.617981599252013,1.89395129,12275023057.786867,6481171465.49575
2016-12-04,1.6162416319492607,1.89327742,12280761670.188232,6486509341.134081
2016-12-05,1.5519255689857776,1.85781173,12062506991.02084,6492857589.515186
2016-12-06,1.5774664244550705,1.87197007,12167245303.916405,6499700769.20963
2016-12-07,1.5997054821475285,1.88398255,12262999582.421831,6509083421.405273
2016-12-08,1.6068055047105543,1.88724567,12307332318.112368,6521319674.355044
2016-12-09,1.6223150068742802,1.89591358,12376661439.725788,6528072571.602018
2016-12-10,1.6334345077083403,1.90150182,12435218177.923054,6539682501.02598
2016-12-11,1.6085035532549967,1.8880226,12357187290.605831,6545042040.601543
2016-12-12,1.6396861507620621,1.90486371,12487176640.979973,6555417364.206058
2016-12-13,1.6374756974014932,1.90337593,12495712215.83464,6565025867.399007
2016-12-14,1.6248645241539035,1.89626794,12465511590.935017,6573707928.076354
2016-12-15,1.6168288056892204,1.89136263,12454114363.406492,6584731117.060556
2016-12-16,1.6395685590920717,1.90373524,12552544959.285791,6593640069.028606
2016-12-17,1.6679610027467675,1.91920336,12672277134.408592,6602883987.452269
2016-12-18,1.6680451705150172,1.91892195,12690201567.15475,6613193187.536757
2016-12-19,1.663068394027978,1.91635095,12686012321.608078,6619879475.420761
2016-12-20,1.6992443781053197,1.93543766,12839867132.724691,6634089745.22315
2016-12-21,1.8145493166077307,1.99546268,13302370984.354397,6666309080.936757
2016-12-22,1.934862311626836,2.05790608,13786050913.580723,6699067099.107226
2016-12-23,2.166816716285691,2.17751843,14704091702.548553,6752683008.312611
2016-12-24,2.0539891586399954,2.11635351,14313634478.374195,6763347621.6240425
2016-12-25,2.0684075800745374,2.12388831,14393350625.226147,6776886787.058095
2016-12-26,2.091858985196417,2.13574409,14510581584.572615,6794157433.2403345
2016-12-27,2.1802441329571995,2.18144466,14877875393.000628,6820193821.923783
2016-12-28,2.3968587873455807,2.2923126,15747701991.642693,6869788174.458708
2016-12-29,2.35460443136744,2.26582772,15645099508.184328,6904805413.9722185
2016-12-30,2.2911739738062535,2.23030531,15449628184.761189,6927135991.422264
2016-12-31,2.316892543130712,2.2443903,15576600691.453478,6940237039.6332035
2017-01-01,2.427192932542908,2.30193946,16033266654.243565,6965112216.3932
2017-01-02,2.4968714528666034,2.33524167,16353949884.182625,7003108112.653123
2017-01-03,2.547085738935156,2.35770988,16605797782.606098,7043189632.223155
2017-01-04,2.950492833719376,2.55770131,18246459272.867046,7133928892.137545
2017-01-05,2.3575391462071833,2.23704042,16093073534.635252,7193912720.913309
2017-01-06,1.9002751262962472,2.00164999,14357133340.006493,7172649270.218561
2017-01-07,1.9431194374818357,2.0252978,14535477925.199154,7176958334.324539
2017-01-08,1.9761061480149187,2.04304794,14682692156.102636,7186660610.667136
2017-01-09,1.932824846022301,2.02053011,14539791012.752333,7196027884.36166
2017-01-10,1.940414546844003,2.02492109,14589725358.595043,7205083413.198607
2017-01-11,1.447346054399601,1.76845775,12689105756.601105,7175238286.9204
2017-01-12,1.525418226696066,1.81077416,12993377591.840828,7175592560.830903
2017-01-13,1.6053786683264328,1.85366729,13311058415.800941,7180931814.252892
2017-01-14,1.5757506276534776,1.83889611,13204919504.573051,7180894794.85225
2017-01-15,1.5922637304259228,1.84823542,13279133499.8852,7184763021.090246
2017-01-16,1.6161972863242944,1.86155157,13382203212.485786,7188736228.503079
2017-01-17,1.922782376314901,2.0228738,14595049001.0455,7215007184.850334
2017-01-18,1.8153076913585486,1.96641888,14197733304.64966,7220096109.25301
2017-01-19,1.897615851215538,2.01003826,14538086246.3695,7232741055.570504
2017-01-20,1.8638843749323881,1.99263298,14425971057.595243,7239652862.513218
2017-01-21,1.9800084839118035,2.05421871,14900138988.935028,7253433588.351957
2017-01-22,1.9655592632531602,2.04635127,14869891254.85207,7266538972.486414
2017-01-23,1.9460586200042527,2.03609568,14817454247.528803,7277386025.164006
2017-01-24,1.8111303836055745,1.96451725,14313337496.115463,7285931185.442867
2017-01-25,1.8384060674781315,1.97868447,14443134884.829,7299362330.785869
2017-01-26,1.9189168991026595,2.02100235,14783175189.419712,7314773874.171751
2017-01-27,1.9297064829684176,2.02710253,14846204348.199217,7323854678.5293665
2017-01-28,1.9350274128427185,2.03067894,14885385214.56434,7330250450.405685
2017-01-29,1.897512086242761,2.00928142,14772073272.831842,7351918514.645819
2017-01-30,1.9119081172029795,2.01726706,14849253173.216362,7361074528.831281
2017-01-31,2.1018894061842532,2.11732767,15628487117.564535,7381232172.517037
2017-02-01,2.1713347356350905,2.1532295,15937996943.63664,7401903486.663469
2017-02-02,2.2441161749929153,2.19051199,16265531107.613728,7425447193.107455
2017-02-03,2.2639285287665225,2.19895326,16390057474.0206,7453572466.574664
2017-02-04,2.330478530645835,2.23392412,16690305095.27906,7471294546.602173
2017-02-05,2.2449652236753552,2.18915215,16382048518.65076,7483284576.017597
2017-02-06,2.271416594424316,2.20253705,16524925787.739786,7502677781.397496
2017-02-07,2.3823397520473555,2.25911131,17016323283.702478,7532308482.711494
2017-02-08,2.36750360786699,2.25075614,16997945969.919443,7552104676.217586
2017-02-09,2.0807995579149177,2.10032332,15875582287.611933,7558637347.135645
2017-02-10,2.127818626850836,2.12395089,16101928309.85864,7581120818.597948
2017-02-11,2.1815702884303585,2.15345527,16341586121.800924,7588542167.305349
2017-02-12,2.154928955491145,2.14002159,16261284050.169222,7598654203.376155
2017-02-13,2.122344858347045,2.12270941,16160816994.287222,7613296911.086488
2017-02-14,2.1644048374040548,2.14502476,16361100689.364063,7627464724.166663
2017-02-15,2.165530422086851,2.14664641,16390185070.059237,7635251429.255756
2017-02-16,2.248862319473118,2.19057597,16762379131.786457,7652041911.053401
2017-02-17,2.3241490905559226,2.22822443,17117844192.41546,7682280097.977141
2017-02-18,2.3240671536112965,2.22851853,17152166565.907309,7696667689.771153
2017-02-19,2.309182382461055,2.22135058,17123499507.408472,7708598391.258201
2017-02-20,2.4181295627649715,2.27876692,17609111950.315468,7727473922.74567
2017-02-21,2.5632842777691,2.35331243,18260742628.966568,7759591287.658549
2017-02-22,2.5508513363925687,2.3431243,18276384592.409332,7800006424.076321
2017-02-23,2.7652111410333378,2.45151251,19235707719.64847,7846465249.997224
2017-02-24,2.7310746479679917,2.42731203,19183549945.144566,7903207213.596088
2017-02-25,2.5896441346802144,2.35507801,18637641423.162117,7913810644.073789
2017-02-26,2.6965632856772035,2.41199874,19127510160.83912,7930149317.092562
2017-02-27,2.7317500869769633,2.42985611,19331042677.896885,7955632680.610412
2017-02-28,2.6977518284824376,2.41245373,19240193375.175747,7975362650.862425
2017-03-01,2.835182500586352,2.48115883,19890971249.3226,8016806908.456804
2017-03-02,2.94799533214999,2.53571034,20451610466.858883,8065436396.358617
2017-03-03,3.0270355640168236,2.57132568,20882073159.372288,8121131182.173814
2017-03-04,2.9346510276725777,2.52422599,20553410845.384094,8142460669.848381
2017-03-05,2.948519832942572,2.53213829,20674531088.990692,8164850699.758066
2017-03-06,2.9535966982828614,2.53275359,20773693697.968292,8202019248.926735
2017-03-07,2.7604271791193327,2.43376828,20002004351.6064,8218532765.003577
2017-03-08,2.4411949354067612,2.27006537,18669956332.442135,8224413525.343604
2017-03-09,2.587492395893075,2.34691879,19341675646.442978,8241305889.601309
2017-03-10,2.226686508762121,2.16260738,17805414528.15307,8233308871.882731
2017-03-11,2.5113826077306007,2.31121876,19076606822.569366,8253916571.086229
2017-03-12,2.7055622773500154,2.41252703,19969348981.246487,8277357614.205254
2017-03-13,2.713641782306726,2.41079093,20095585303.999306,8335681478.6088915
2017-03-14,2.727708453851674,2.41809563,20213788443.920753,8359383389.614229
2017-03-15,2.756448631050339,2.43048179,20412475944.79974,8398530706.457068
2017-03-16,2.4474677592399807,2.27079494,19107082612.795197,8414270384.447482
2017-03-17,2.054048585760353,2.07020764,17390865796.40901,8400541791.261581
2017-03-18,1.6502038162628394,1.86260387,15616273829.918287,8384108978.533523
2017-03-19,1.8582272680618355,1.97134108,16553684315.83904,8397169056.021011
2017-03-20,1.9196941613796086,2.00477708,16839982096.979826,8399927485.693234
2017-03-21,2.181530076851161,2.1395375,18043780427.831245,8433495756.831206
2017-03-22,1.9029504948330462,1.99485875,16836521393.38604,8439956660.28286
2017-03-23,1.8673421762917928,1.97800188,16690238569.83455,8437928567.506998
2017-03-24,1.5259476934217857,1.8009221,15180859744.88836,8429492727.580143
2017-03-25,1.644340901559664,1.86294639,15726018757.78432,8441476814.46932
2017-03-26,1.620335748784708,1.85054884,15637330055.06979,8450103945.956805
2017-03-27,1.904951641356607,1.99869446,16937527769.78212,8474295650.863073
2017-03-28,1.9068828966853104,1.9993941,16975992129.243467,8490568282.282851
2017-03-29,1.8825553944488136,1.98727297,16888869366.91315,8498515111.84855
2017-03-30,1.8713800274710373,1.98163667,16863366665.068584,8509817627.198321
2017-03-31,2.0199459332363836,2.0572416,17576059202.679317,8543507579.605292
2017-04-01,2.04162985800713,2.06862352,17704285729.007774,8558486142.035054
2017-04-02,2.093217793805834,2.09581972,17967082465.00594,8572818689.293532
2017-04-03,2.224030731220845,2.16252803,18605064800.69792,8603386657.928278
2017-04-04,2.2062561688591655,2.15325451,18562267490.401096,8620563618.557611
2017-04-05,2.1762824765851505,2.13735782,18465243241.90318,8639284947.572876
2017-04-06,2.3756816703154544,2.23959041,19423121348.041008,8672622128.276129
2017-04-07,2.3537601586916423,2.22647362,19378952008.55673,8703876764.799364
2017-04-08,2.3202923439336693,2.21001181,19262050478.651863,8715813368.73121
2017-04-09,2.4145114876029137,2.2586269,19739605878.41969,8739648800.968275
2017-04-10,2.3977741601497207,2.24975256,19709558488.61372,8760767223.491333
2017-04-11,2.451542705799557,2.27711178,20007123392.30514,8786184133.791246
2017-04-12,2.3929933000043953,2.24625621,19786878325.78153,8808825207.780518
2017-04-13,2.2334655699114423,2.16504122,19080058200.158035,8812792118.645222
2017-04-14,2.232668273292754,2.16522828,19110979963.02554,8826311821.04528
2017-04-15,2.2312966804766745,2.1659084,19133184038.460777,8833791880.792732
2017-04-16,2.219380337661439,2.16125164,19104877159.588463,8839728241.727772
2017-04-17,2.2727000380485904,2.18766073,19403345355.15461,8869449037.079258
2017-04-18,2.2998116057078652,2.20166725,19572080902.339783,8889663459.516775
2017-04-19,2.3176788850980095,2.21134437,19695202985.71139,8906438659.17247
2017-04-20,2.398667034791285,2.25276621,20124634252.102486,8933299053.745344
2017-04-21,2.429857463156674,2.26940479,20315048993.11093,8951707990.84765
2017-04-22,2.409402792552877,2.26016436,20255646547.650738,8962023694.44085
2017-04-23,2.4238328280504087,2.26874872,20363116159.66656,8975483260.952126
2017-04-24,2.438258965599845,2.27570599,20482974661.27888,9000712197.131792
2017-04-25,2.5046559009255143,2.3093693,20853953927.83039,9030151187.958715
2017-04-26,2.550001650104867,2.33216845,21127249693.500248,9059058188.314075
2017-04-27,2.7041341808794046,2.4099622,21934807898.820465,9101722798.316284
2017-04-28,2.694079911249054,2.40107994,21971246252.161324,9150568411.379642
2017-04-29,2.715256159986088,2.41223986,22132776325.499317,9175197165.301512
2017-04-30,2.783264790889451,2.44637619,22530551030.482906,9209765498.282955
2017-05-01,2.9476692081206783,2.52560356,23429688179.586037,9276866944.068624
2017-05-02,3.017336921892975,2.55708418,23870824853.134235,9335173648.109715
2017-05-03,3.181903163439496,2.6373993,24779848415.598637,9395561914.192757
2017-05-04,3.220546592453347,2.64748386,25116127312.487247,9486791474.712616
2017-05-05,3.161339908595299,2.61101197,24955817064.958466,9557909864.717497
2017-05-06,3.2841450276874014,2.6710611,25667659227.980717,9609536535.117342
2017-05-07,3.1119807149616165,2.58516798,24903765677.164852,9633325907.574041
2017-05-08,3.6006637079433053,2.82026827,27498966293.864212,9750478912.37106
2017-05-09,3.6777792647113636,2.8500152,28059453523.554146,9845369780.327538
2017-05-10,3.8501460011948314,2.92992045,29095394454.856815,9930438369.02016
2017-05-11,3.979208351701563,2.98180004,29963413902.87035,10048767020.22928
2017-05-12,3.529304095220079,2.75847679,27831028039.32937,10089273957.36013
2017-05-13,3.744970822382657,2.86505128,29061941147.52248,10143602437.55305
2017-05-14,3.768217306580956,2.87984317,29306517727.096066,10176428366.790565
2017-05-15,3.5586321555414573,2.77569902,28367766910.84825,10220044286.66342
2017-05-16,3.597841679139762,2.7951762,28699671041.169434,10267571339.928205
2017-05-17,3.726654310130868,2.85141326,29547967093.675896,10362569154.102865
2017-05-18,3.9638884107792287,2.96696988,30948090757.21813,10430874598.97575
2017-05-19,4.151834907158427,3.05210147,32149666891.412994,10533616659.675798
2017-05-20,4.360004936800388,3.14988555,33470438622.968807,10625922145.955051
2017-05-21,4.309748346585758,3.12275546,33426883468.059193,10704291096.831255
2017-05-22,4.354560070181272,3.12461059,33981809835.20976,10875534360.654446
2017-05-23,4.8272568677025784,3.32739524,36901723759.69028,11090273651.918272
2017-05-24,5.225432060938384,3.49513899,39484730821.89759,11297041672.696854
2017-05-25,4.860341655508166,3.29706174,37929596573.30843,11504060149.41911
2017-05-26,4.683393603719427,3.20703848,37276895994.59224,11623463898.877895
2017-05-27,3.9588695331170176,2.87538901,33436141687.877632,11628388914.193434
2017-05-28,4.453620851086568,3.1100624,36407677792.7975,11706413926.87089
2017-05-29,4.581334211684019,3.1715195,37377347497.670235,11785312213.174232
2017-05-30,4.202965316057688,2.99605054,35460724159.68088,11835823089.847101
2017-05-31,4.5321038934168865,3.14282004,37627969488.060074,11972677089.096094
2017-06-01,4.761481332756118,3.24185226,39276917594.281715,12115579133.233454
2017-06-02,4.9324140979083095,3.32189022,40583144831.74178,12216883203.244984
2017-06-03,5.069990096925045,3.38499502,41737117944.718185,12330038212.203392
2017-06-04,4.946450738595534,3.33016911,41340173928.83185,12413836223.720137
2017-06-05,5.320255261140507,3.49837338,43970582994.85076,12568865074.902544
2017-06-06,5.745164883329915,3.68734337,47022020458.4229,12752276026.418148
2017-06-07,5.233875896662861,3.45563714,44332360489.91149,12828997575.223274
2017-06-08,5.420161641479748,3.54000799,45907248109.300095,12968119913.565533
2017-06-09,5.355754919017161,3.50908106,45950360176.69234,13094698979.87832
2017-06-10,5.5710528023567,3.60375711,47781403186.46232,13258774586.631983
2017-06-11,5.645597818895971,3.64019441,48735252518.52324,13388090587.86595
2017-06-12,4.777593467650008,3.22800548,43680483639.39294,13531725367.267014
2017-06-13,4.8229017836522186,3.24114582,44368699238.2953,13689201813.911386
2017-06-14,4.114793905358342,2.919798,40057395197.53061,13719235096.92472
2017-06-15,4.000445329805341,2.87371971,39505722189.92489,13747242659.906065
2017-06-16,4.130590130728044,2.93413098,40599996749.85816,13837145317.165821
2017-06-17,4.533792500217782,3.1272984,43496828049.15483,13908755253.14592
2017-06-18,4.130643478398715,2.93677553,41131354738.00786,14005617493.689707
2017-06-19,4.28831733338304,3.00723619,42471552960.98545,14123118464.128836
2017-06-20,4.591601852821511,3.14552423,44831129769.80735,14252355566.75631
2017-06-21,4.322896565739974,3.02520974,43294504868.198524,14311240736.716166
2017-06-22,4.393478258636789,3.0574306,44076497262.989105,14416188960.426151
2017-06-23,4.351981055168625,3.04158628,44069121017.06024,14488861061.360468
2017-06-24,4.027883633750132,2.89910643,42044463424.73149,14502559474.759089
2017-06-25,3.850343726760993,2.82389576,40990507139.005905,14515587905.059889
2017-06-26,3.660465760041717,2.74177101,39823653207.12729,14524791845.080925
2017-06-27,3.87701450397351,2.84709982,41534416501.00473,14588324655.580475
2017-06-28,3.9215422101123716,2.86973355,42072043566.39922,14660609716.326878
2017-06-29,3.839791709991464,2.83338619,41708958365.0119,14720534218.814661
2017-06-30,3.6079577037256008,2.7235698,40273314034.13822,14786958657.765343
2017-07-01,3.495794771486285,2.67604439,39615784095.91945,14803859100.378918
2017-07-02,3.716083149019342,2.78455696,41370740410.53078,14857207449.809458
2017-07-03,3.7619600630281003,2.8067694,41919072872.96772,14934989982.777966
2017-07-04,3.842819096242944,2.84851858,42709513005.995995,14993587651.443718
2017-07-05,3.829932069649512,2.84213614,42851713916.28033,15077291095.661705
2017-07-06,3.7922004447752586,2.82784137,42775671822.782265,15126616463.207859
2017-07-07,3.525664296086334,2.70091753,41015254601.14702,15185674551.54657
2017-07-08,3.6320469181142254,2.7563821,41968971042.30141,15226107818.034882
2017-07-09,3.5084434846032595,2.70314378,41195531944.8772,15239859695.838005
2017-07-10,3.085933089877925,2.50667922,38130591475.43225,15211595951.807608
2017-07-11,3.072059067999716,2.5040635,38132327588.87333,15228179153.153795
2017-07-12,3.1797241143978074,2.5607933,39053724810.42559,15250635344.299593
2017-07-13,3.096417367413429,2.52324473,38546113667.852844,15276407083.926752
2017-07-14,2.806047991298014,2.38547763,36429802297.10901,15271491897.03741
2017-07-15,2.317354302711051,2.15162881,32728965772.94473,15211250946.64666
2017-07-16,2.147131344409662,2.0725336,31435242737.082474,15167543115.866722
2017-07-17,2.7868696415620047,2.38704005,36457083232.49529,15272924822.729847
2017-07-18,2.959804724183671,2.47286929,37909999048.264824,15330369139.02749
2017-07-19,2.8458177578984536,2.41800668,37145789011.848526,15362153181.416573
2017-07-20,4.011452181458839,2.98008325,46480191038.47075,15596943823.119959
2017-07-21,3.6489740899353316,2.80324324,43888688549.801476,15656396820.491922
2017-07-22,3.962438627418966,2.956705,46587687276.15164,15756623429.172556
2017-07-23,3.775295717446876,2.86830102,45333980388.0446,15805168311.115616
2017-07-24,3.7511023692432532,2.8571688,45371653214.67217,15879934435.330587
2017-07-25,3.3091168010886967,2.63175728,42140998437.24074,16012494297.05795
2017-07-26,3.2150860430038013,2.58755545,41546656038.320885,16056334575.67871
2017-07-27,3.477285461110805,2.70895213,43904304358.92006,16207117088.820635
2017-07-28,3.678191790741413,2.77596935,46029450421.36552,16581397205.039572
2017-07-29,3.4522834008813215,2.65045335,44595098883.190994,16825460777.56509
2017-07-30,3.477572406325829,2.63429117,45307584907.52152,17199156047.55321
2017-07-31,3.6271275601141557,2.66440296,47178656876.35905,17707027647.33419
2017-08-01,3.3151211193234484,2.51234417,44955142942.65385,17893704007.382812
2017-08-02,3.2069852032773594,2.45667542,44346375082.621735,18051377370.243618
2017-08-03,3.3640762296266624,2.51633659,45993078912.94644,18277792842.07223
2017-08-04,3.4417844449928294,2.52690325,47162212561.12497,18664035736.676888
2017-08-05,4.122403802335519,2.8058202,53388101324.1568,19027627402.55302
2017-08-06,4.035599460365318,2.74360243,53273260549.71801,19417266863.157722
2017-08-07,4.272016282573476,2.8173808,55958912892.13333,19862033876.33412
2017-08-08,4.266109637044184,2.79701154,56512140518.27584,20204471704.923977
2017-08-09,4.060779814007783,2.70304955,55223568848.81756,20430098608.00279
2017-08-10,4.181647079947794,2.74911842,56711154619.92564,20628851128.18299
2017-08-11,4.546745690124976,2.89608699,60405309923.45366,20857560609.20451
2017-08-12,4.869559211267981,3.02040239,63886499823.27326,21151651857.643135
2017-08-13,5.149684137620787,3.12865374,67074554585.02456,21438791301.022835
2017-08-14,5.4952902769990954,3.25544228,71056091038.33064,21826862504.940693
2017-08-15,5.1545569313344695,3.11536106,68677522428.055084,22044803509.245598
2017-08-16,5.440409493605686,3.22936466,72063128584.82993,22314955470.16667
2017-08-17,5.251660213322653,3.14349195,71145509600.32071,22632636167.660843
2017-08-18,4.8329722929232295,2.97541172,67850449314.961075,22803717838.068165
2017-08-19,4.852203573262088,2.97749577,68714177176.763336,23077842080.952255
2017-08-20,4.652452191330173,2.88932289,67489972146.05418,23358404275.14634
2017-08-21,4.442243108341586,2.8086644,65956479620.76852,23483218436.76607
2017-08-22,4.525794636192656,2.84203031,67310734591.7686,23684031220.542683
2017-08-23,4.5884579818832405,2.86484514,68518128669.483826,23916869960.19751
2017-08-24,4.832135820071851,2.96780825,71479514205.14307,24084950301.335358
2017-08-25,4.819436003899467,2.96751747,71936367041.94254,24241261515.452015
2017-08-26,4.745895934134014,2.94348577,71757759427.22719,24378497140.561066
2017-08-27,4.69886824390884,2.93116239,71814513227.30908,24500352990.4425
2017-08-28,4.698636112840767,2.93365297,72397765180.80206,24678367182.87851
2017-08-29,4.977279177194502,3.03875355,76054400821.41922,25028156963.047962
2017-08-30,4.8920583465315275,3.00669499,75835493879.91663,25222210477.66359
2017-08-31,5.056995788309955,3.06677185,78386820017.26776,25560042889.15974
2017-09-01,5.254440456820491,3.14249768,81337794501.09879,25883167716.80124
2017-09-02,4.694422983336618,2.91990917,76002945696.54666,26029215729.524445
2017-09-03,4.689477505010669,2.92473488,76512627999.71164,26160534591.67268
2017-09-04,4.259178249434869,2.75162247,72377665590.72794,26303632267.811775
2017-09-05,4.335596711298463,2.78742564,73700588640.79817,26440378384.69412
2017-09-06,4.51423571940096,2.86204183,76249266221.94202,26641562475.675632
2017-09-07,4.491605164355295,2.84583752,76716135705.65283,26957314030.230663
2017-09-08,4.0299978307823014,2.66619471,71931549470.84589,26979105914.903675
2017-09-09,3.984664764981003,2.65540041,71777423501.31229,27030734510.322792
2017-09-10,3.841185300830815,2.59879339,70563816637.50467,27152530443.177967
2017-09-11,3.7425528870283133,2.56454296,69756780446.13072,27200472573.144466
2017-09-12,3.647387341793114,2.53102364,68967943043.72736,27249031559.313038
2017-09-13,3.2358616722602234,2.36797159,64386275390.193726,27190476297.139076
2017-09-14,2.3270144602852207,1.99521056,53798171461.1383,26963656137.194008
2017-09-15,2.9536928955602684,2.26320938,61290338938.43886,27081161592.940575
2017-09-16,2.9536336892768302,2.26588756,61497189146.616455,27140441667.201023
2017-09-17,2.940761862073301,2.26478555,61515659680.62612,27161803324.215893
2017-09-18,3.4359030694746218,2.47915064,67630392416.65344,27279662367.210346
2017-09-19,3.198681405191848,2.38109715,65074126213.73996,27329471295.927578
2017-09-20,3.1390650324637326,2.3596557,64583212982.20698,27369761182.61956
2017-09-21,2.741597151486883,2.19309389,59973710710.164856,27346622496.935074
2017-09-22,2.731431850577088,2.19168978,60012665778.89842,27381916148.23263
2017-09-23,2.932673712148624,2.28253357,62613658233.71458,27431648347.548542
2017-09-24,2.7852073334330676,2.22242941,60983444860.30875,27439991833.22036
2017-09-25,3.0796738640089196,2.34287282,65000641700.097,27743990687.50859
2017-09-26,3.0223278275365963,2.32052467,64532178189.60305,27809304948.95495
2017-09-27,3.42656694875733,2.4968666,69810133911.94316,27959096377.81336
2017-09-28,3.37346006247136,2.47501585,69487291906.724,28075493701.070236
2017-09-29,3.307580582923056,2.44954557,68952490965.8071,28149095003.69372
2017-09-30,3.5185546843368734,2.54204123,71939347197.21225,28299834931.163666
2017-10-01,3.556045466270737,2.56194858,72735515448.47491,28390700740.94731
2017-10-02,3.53182070596602,2.55136556,72823227415.16937,28542843313.746613
2017-10-03,3.4019855736618063,2.49742904,71499894904.308,28629399978.590782
2017-10-04,3.2637817127067796,2.44055834,70014724886.32756,28687994766.938274
2017-10-05,3.3662355960998234,2.48286744,71727325779.57729,28888906682.66095
2017-10-06,3.4022863091564783,2.50112549,72508085068.82568,28990182763.211006
2017-10-07,3.4729621589544544,2.535902,73728225601.55116,29073767677.753777
2017-10-08,3.650710451118959,2.61523452,76427540535.47461,29223972057.188435
2017-10-09,3.8333727980472765,2.68982061,79374073504.64977,29509058414.363834
2017-10-10,3.7502370885173972,2.65170924,78777862489.38414,29708333516.00198
2017-10-11,3.8125826887240484,2.68235621,80013973235.21571,29829734371.93702
2017-10-12,4.485650594371592,2.9735157,89641017955.68735,30146475418.201878
2017-10-13,4.6905512310164825,3.05039678,93313679743.7032,30590669500.937256
2017-10-14,4.84647334589267,3.12159957,96177115401.57257,30810202668.49043
2017-10-15,4.676512404448617,3.05072713,94597270274.9144,31008106016.651318
2017-10-16,4.698548719262427,3.05813234,95711795297.99507,31297466772.80653
2017-10-17,4.449062054959151,2.95026635,92967497516.90256,31511560817.857193
2017-10-18,4.397211126544206,2.93164856,92869180097.05737,31678142245.35064
2017-10-19,4.490538659268028,2.96891932,94951570768.59526,31981862938.799988
2017-10-20,4.7809319218640125,3.09805688,99831583429.81117,32223934968.492626
2017-10-21,4.763266857309144,3.09579617,100330967303.17584,32408776868.270317
2017-10-22,4.664265216530015,3.04834116,99785408420.99619,32734330963.466103
2017-10-23,4.463549315665298,2.93951363,97995045387.60648,33337163123.685356
2017-10-24,4.000082286074129,2.73999189,91840948942.27968,33518693714.921787
2017-10-25,4.206743835879776,2.83167233,95486763245.24232,33720979024.872673
2017-10-26,4.34910728851911,2.89701261,98235119083.13539,33909109937.611004
2017-10-27,4.16694438474781,2.82258819,96105329948.14418,34048654454.316338
2017-10-28,4.122777392148045,2.81072114,95952333223.88206,34137976855.25006
2017-10-29,4.5315460324852435,2.99284618,102830297805.96764,34358697915.429665
2017-10-30,4.422651054518354,2.94639905,101917736242.45706,34590608574.37388
2017-10-31,4.704445131197831,3.07051562,107079598512.55585,34873490893.5444
2017-11-01,4.954806227058872,3.17194342,112054780764.54353,35326853580.68069
2017-11-02,5.208786312308035,3.26783421,117354965529.10275,35912154040.73475
2017-11-03,5.293708713370556,3.2996631,119945667659.34982,36350883112.68803
2017-11-04,5.453287132710259,3.37458714,123654520197.9404,36642858835.15232
2017-11-05,5.326280258764852,3.31955857,122844997029.94199,37006425535.04998
2017-11-06,4.872411799979985,3.12842422,116425740138.29243,37215457991.27346
2017-11-07,4.945292588309101,3.16064437,118655354623.07423,37541507595.51421
2017-11-08,5.212261687588477,3.2777098,124219809813.65057,37898355069.03344
2017-11-09,4.814520262481132,3.10220792,118674036439.62051,38254701006.50781
2017-11-10,4.27465042083256,2.86889448,110394640690.22104,38479853985.50491
2017-11-11,3.9655038601491857,2.7353594,105834744552.69437,38691348768.53636
2017-11-12,3.3987266452182867,2.4696982,97208941680.88066,39360656164.74137
2017-11-13,4.018623984636585,2.72664306,108732927225.10004,39877946923.16641
2017-11-14,4.0488004734866,2.74071229,109959806768.1318,40120886518.93184
2017-11-15,4.622382984436078,2.97614814,121065675321.61652,40678645560.1691
2017-11-16,5.0851808583536355,3.15562228,130694771894.75266,41416481536.1719
2017-11-17,4.904956007092743,3.06551771,128964609345.18112,42069438687.138145
2017-11-18,4.905123737550313,3.06748215,130097825616.5086,42411925890.5903
2017-11-19,5.044001858035106,3.12664738,133821250649.36336,42800237566.08056
2017-11-20,5.195516633748659,3.18401839,138037628210.81372,43353276050.27235
2017-11-21,4.957512424920323,3.07693153,135086085017.39084,43902857018.528076
2017-11-22,5.03568334506224,3.11368282,137732274883.20007,44234523182.165375
2017-11-23,4.817104546214389,3.0255203,134777502599.12508,44546884249.66941
2017-11-24,4.888223122904978,3.04932356,137477016397.63205,45084430593.39759
2017-11-25,5.266592271403307,3.19796528,146307124232.52383,45750066502.44928
2017-11-26,5.6540474513485846,3.34857257,155673360858.2542,46489469051.06322
2017-11-27,5.893193752775302,3.43189779,162556185991.12653,47366266695.00158
2017-11-28,5.936491508597437,3.42405668,165941127001.25797,48463311945.30868
2017-11-29,5.7124422706792375,3.31618599,163754159022.23352,49380269838.916214
2017-11-30,5.776258321870741,3.33958212,167061587627.63055,50024698188.176476
2017-12-01,6.319482949955794,3.55287307,180660238728.77386,50849055164.46549
2017-12-02,6.301829901171135,3.54526509,182786557318.004,51557937891.184326
2017-12-03,6.41169061484605,3.59996863,187476359551.2513,52077220337.125916
2017-12-04,6.55328817181155,3.65371219,193323542670.46704,52911541089.52053
2017-12-05,6.556738142963918,3.65310274,196269467099.288,53726785439.18751
2017-12-06,8.042794997209423,4.21096815,234018218656.51974,55573495291.46159
2017-12-07,9.826978636149686,4.7166582,284897231093.6847,60402348233.26495
2017-12-08,8.960712518324776,4.34686442,272654723142.06207,62724459931.98519
2017-12-09,7.875134326044631,3.96460494,251802084162.0313,63512528479.57943
2017-12-10,7.96199851457949,4.00840979,258944112666.20456,64600209617.34168
2017-12-11,8.643393246860041,4.25607302,282381336274.56067,66347859857.57375
2017-12-12,8.707801338020653,4.23927385,291794289206.2871,68831195985.67267
2017-12-13,7.889518601931659,3.93575963,276454960254.16785,70241830356.43562
2017-12-14,7.751079633665605,3.8994793,277962079725.58185,71281845174.96524
2017-12-15,8.208941359125664,4.07868942,296400529142.7866,72670531786.35666
2017-12-16,9.105430660926446,4.43076633,328900754243.0536,74231121604.43216
2017-12-17,8.610857941863834,4.25193445,322413542662.8784,75827496038.39221
2017-12-18,8.232839352854283,4.12995773,317960756085.2173,76988864504.72636
2017-12-19,7.315774788911344,3.80550806,295735113689.0879,77712386631.78337
2017-12-20,6.502943832641172,3.49226172,275665281880.29724,78936031713.08055
2017-12-21,5.957900612225887,3.30154348,261956195240.43542,79343554560.86116
2017-12-22,5.168251078425953,3.01016272,239730379597.7389,79640339043.77731
2017-12-23,5.420037651052457,3.11960008,249897014242.522,80105464749.99513
2017-12-24,4.891642985453704,2.92511724,235099787897.10956,80372774356.59624
2017-12-25,4.868291982760758,2.92950297,236038639186.12543,80572930494.80179
2017-12-26,5.639360140081038,3.23788307,263661836527.3321,81430314445.33669
2017-12-27,5.3751602140322134,3.13118795,258022926528.27567,82404164377.38132
2017-12-28,4.761074000211221,2.90015736,239613730881.71964,82620941258.7597
2017-12-29,4.84525826376121,2.94080172,244377450683.45328,83098921298.05109
2017-12-30,3.988930845221283,2.60242905,217181833260.6143,83453507891.25809
2017-12-31,4.429988602466246,2.78726716,233525857337.39896,83783090723.67464
2018-01-01,4.170804852988923,2.69423548,225889069046.3097,83841620646.42905
2018-01-02,4.741160402581749,2.92544313,247556665257.40192,84621937346.42926
2018-01-03,4.809122389979247,2.96026687,251880836192.9645,85087205733.23328
2018-01-04,4.771860768283112,2.94402195,252919562391.94128,85909536914.94768
2018-01-05,5.587885804303992,3.26196426,285288877071.04974,87459228345.76051
2018-01-06,5.548631747512248,3.24692954,287110018646.3004,88425084409.53123
2018-01-07,5.058655634119203,3.04278121,272506803029.99527,89558461230.93263
2018-01-08,4.423405024476509,2.80152545,250808700833.85272,89525762057.18663
2018-01-09,4.130019904514938,2.69017079,241455084711.06042,89754555959.27441
2018-01-10,4.221249787772439,2.73334467,246363832772.1497,90132735719.76917
2018-01-11,3.52507780385566,2.45400706,221500211810.2112,90260625334.22835
2018-01-12,3.7650753420323704,2.55762013,231654360390.86487,90574185616.40147
2018-01-13,3.9291686147627303,2.63127775,239102527884.8661,90869361048.96797
2018-01-14,3.65869101751784,2.52606465,229885659812.64545,91005453804.45645
2018-01-15,3.5965193531960447,2.50804935,228409454744.7129,91070558378.25237
2018-01-16,2.6481880951064873,2.12079726,192122189325.59836,90589606535.79794
2018-01-17,2.5237693467369007,2.07376393,187583518961.77057,90455579947.2173
2018-01-18,2.5562580757317366,2.09352287,189060672392.10684,90307431125.46309
2018-01-19,2.63105306798585,2.129939,192349290678.46,90307417573.2075
2018-01-20,3.1851084269502503,2.37080852,214708366096.53857,90563351820.81198
2018-01-21,2.6005760439685983,2.12617327,192101096596.448,90350631017.22092
2018-01-22,2.3034500838069225,2.00268788,180602489964.58987,90180048408.03745
2018-01-23,2.348512284905848,2.02766184,182511031584.1949,90010586570.09341
2018-01-24,2.5001206962937164,2.09753554,188869372701.11728,90043467249.72168
2018-01-25,2.4515489362643454,2.08000559,187285778784.17792,90040997814.90392
2018-01-26,2.3986071146250585,2.05791562,185710159814.6685,90241872897.91234
2018-01-27,2.508128754458121,2.10883443,190535450013.2633,90351071332.45322
2018-01-28,2.6127385253519653,2.15410037,195523140191.2316,90767887566.55363
2018-01-29,2.4031064292957525,2.06552658,187406934303.97116,90730826762.8157
2018-01-30,1.9212066836332056,1.85916763,167681155315.02603,90191520446.72058
2018-01-31,1.9562626589238719,1.87794381,169220358167.21472,90109383074.25435
2018-02-01,1.5428666147864438,1.69691999,152228490124.35712,89708702249.63118
2018-02-02,1.4511592027485476,1.66151934,147973235767.0758,89058990891.47878
2018-02-03,1.593932372894063,1.72878243,153818916042.48285,88975288835.20805
2018-02-04,1.227071114546359,1.56184746,138988261291.4844,88989651583.18623
2018-02-05,0.6667978229529516,1.30831891,115403138216.84258,88207192707.19904
2018-02-06,1.0370039870695082,1.48101152,130399428701.57735,88047545168.0331
2018-02-07,0.9971032737392668,1.46484643,128491100334.80914,87716430680.59302
2018-02-08,1.2426383266495347,1.58085047,138514511804.0463,87620248994.2305
2018-02-09,1.4224244346591484,1.6660923,145976369437.04575,87616015893.62471
2018-02-10,1.3672340144741442,1.64139497,143797692836.22003,87607002253.83293
2018-02-11,1.19016456543764,1.55971533,136504252153.84456,87518696218.65201
2018-02-12,1.5168632322510898,1.71364615,150194552558.189,87646187959.04219
2018-02-13,1.3612196941967898,1.64241903,143742306059.16235,87518655978.53087
2018-02-14,1.7375089044122851,1.81957973,159671225545.3051,87751706019.11745
2018-02-15,1.984914128085553,1.93482187,170472147641.71094,88107411997.4212
2018-02-16,2.0102180960943192,1.9474862,171885093746.77612,88259980351.4788
2018-02-17,2.361513470966967,2.11360732,187025253743.34525,88486282183.83784
2018-02-18,2.0982357946399333,1.99108492,176358525105.06192,88574085079.73729
2018-02-19,2.36134336849009,2.11485368,187977308411.4333,88884309202.62686
2018-02-20,2.3898173887859566,2.12780635,189795615789.4421,89197786156.35867
2018-02-21,2.0685029269223376,1.97827013,176534515366.0406,89236809821.33647
2018-02-22,1.806788553666204,1.84607258,166751211511.9077,90327549045.71938
2018-02-23,1.9113910496235655,1.89577059,171511934697.35416,90470827853.36076
2018-02-24,1.7218384229666526,1.8093287,163553050808.41214,90394327359.31958
2018-02-25,1.685853079804571,1.7940982,162165847541.78302,90388501332.74924
2018-02-26,1.9598028784192942,1.92409125,174158955811.75238,90514914930.2313
2018-02-27,2.0863522166696535,1.98459986,179951719258.24908,90674056209.11868
2018-02-28,1.9424907536707359,1.91774992,174109343264.6258,90788345992.80066
2018-03-01,2.1745381013737384,2.0275908,184547764147.89908,91018248922.76048
2018-03-02,2.2008257358111503,2.0411051,186096958181.24496,91174608392.89705
2018-03-03,2.3526019335111337,2.11464502,193077560983.3316,91304951496.46042
2018-03-04,2.35590941310709,2.11715719,193722368144.78168,91501173866.44385
2018-03-05,2.3723725379442238,2.124487,195063431904.73633,91816721827.31
2018-03-06,2.0340049716437143,1.96727059,180486990776.89664,91744873173.18999
2018-03-07,1.7336653103592927,1.82720774,167423398664.39648,91628004303.65761
2018-03-08,1.5136769624434043,1.72480924,157761648490.23196,91466142940.0923
2018-03-09,1.5026105759538788,1.72471755,156893668418.03284,90967746236.49701
2018-03-10,1.315052002408573,1.6363096,148596430306.95575,90811928443.71002
2018-03-11,1.5896305207554502,1.76958222,160909070237.8204,90930541920.69154
2018-03-12,1.4490209095623596,1.70331347,154743067340.39536,90848261383.38197
2018-03-13,1.4532637871952552,1.70702426,154975189713.20355,90786752915.39415
2018-03-14,1.0989322276168316,1.53691592,139114167417.36237,90515145042.78307
2018-03-15,1.1179114300142146,1.54749227,139915162067.51663,90414126635.68047
2018-03-16,1.1602894341471146,1.56958433,141764332492.75833,90319666030.78812
2018-03-17,0.9732814357222432,1.47896206,133397905025.33792,90196975725.89383
2018-03-18,1.090030529234528,1.5372127,138615372062.48877,90173189476.30914
2018-03-19,1.2211701025035964,1.60262445,144522485138.70352,90178634887.73276
2018-03-20,1.3555497002014687,1.66984764,150606160131.377,90191557914.45561
2018-03-21,1.347634819672676,1.66685407,150352940228.21164,90201621686.18134
2018-03-22,1.2836773421199126,1.6366036,147508129826.53867,90130639958.59393
2018-03-23,1.305352668373833,1.64830412,148557077215.33743,90127225560.37622
2018-03-24,1.2427040643956635,1.61787156,145851296752.91354,90150108549.35452
2018-03-25,1.1794469245456074,1.58785272,142979716786.71213,90045956394.9433
2018-03-26,1.0810255192201315,1.54056226,138431086788.2358,89857508769.71101
2018-03-27,0.9570939214592595,1.47972397,132788930471.83072,89738987246.27048
2018-03-28,0.9951282034924391,1.49995286,134435267323.91833,89626328206.01997
2018-03-29,0.6916337849602233,1.34902071,120467962091.47443,89300305917.07849
2018-03-30,0.5937413696785333,1.30076662,115797316246.97136,89022361480.16417
2018-03-31,0.628458301654405,1.31875342,117336032805.59007,88974960008.51324
2018-04-01,0.5865147114799311,1.29804435,115353783450.55528,88867366858.88681
2018-04-02,0.6734456145535203,1.34269917,119245126357.49667,88810009733.97241
2018-04-03,0.8193830698621773,1.41752889,125830793446.85999,88767710016.02654
2018-04-04,0.5831730254875274,1.29795987,114986737237.44656,88590363920.45508
2018-04-05,0.5921629535730857,1.30312944,115303192510.12206,88481764720.25838
2018-04-06,0.5254069588191893,1.26963243,112127244520.25304,88314729421.53268
2018-04-07,0.6295933493187488,1.32349168,116823866081.93163,88269437464.03575
2018-04-08,0.6758882745390347,1.34758367,118933511741.82196,88256866263.31853
2018-04-09,0.576865275426828,1.29733763,114312345807.45052,88113027144.25275
2018-04-10,0.6087865796960324,1.3143587,115680812980.71298,88013122278.34987
2018-04-11,0.6564257349236379,1.33919481,117868111083.23616,88014163587.77269
2018-04-12,1.010956947395201,1.52215846,134168881347.63574,88143833164.14754
2018-04-13,1.0138801710636447,1.52369622,134435317905.14256,88229737752.54399
2018-04-14,1.0452633608160073,1.54037773,135931951716.9185,88245856240.0266
2018-04-15,1.1678966500970662,1.60406337,141651021555.82565,88307621883.93196
2018-04-16,1.0577149811548048,1.54777167,136651223943.0264,88289007087.86484
2018-04-17,0.998675159575395,1.51791712,133962964001.42488,88254465435.78406
2018-04-18,1.0986560922838569,1.57002305,138651452568.16132,88311730562.27505
2018-04-19,1.132176821989155,1.58612722,140540536590.6476,88606093394.35434
2018-04-20,1.3363994472771712,1.69131108,150179907414.557,88794964563.56036
2018-04-21,1.3412101414541564,1.69378446,150605949404.9334,88916832667.67804
2018-04-22,1.3154744526981468,1.68092587,149560185920.2249,88974884966.3578
2018-04-23,1.359034281960666,1.70339486,151783472514.18256,89106452108.34003
2018-04-24,1.616414421312576,1.83531084,164063731529.18613,89392885364.95874
2018-04-25,1.3224781975820328,1.68455575,150535337359.1005,89362039433.3049
2018-04-26,1.4649947295931633,1.75708104,157507996556.20877,89641850871.15205
2018-04-27,1.3600680598642316,1.70402847,152705962191.95163,89614677735.96039
2018-04-28,1.4884562327792057,1.77091583,158850242092.3754,89699487350.7768
2018-04-29,1.5056411080326657,1.78054751,159806972877.08243,89751591563.58733
2018-04-30,1.4408278560619756,1.74740041,156963205214.3546,89826695882.68817
2018-05-01,1.381369170841116,1.71724649,154318371549.32773,89863844502.21106
2018-05-02,1.4236397287029994,1.7386519,156579110734.17545,90057768742.65369
2018-05-03,1.6171708284316626,1.83904816,165895717059.14395,90207380463.1326
2018-05-04,1.5927653760707086,1.82662477,164992728890.04605,90326558360.44862
2018-05-05,1.6248690900536849,1.84393794,166701785625.45367,90405312461.5754
2018-05-06,1.5494512977908568,1.80577797,163300448150.24045,90432185386.68983
2018-05-07,1.4549605982275413,1.75762436,158968267897.19147,90444961685.20984
2018-05-08,1.4073943509974174,1.73387152,156820197635.0747,90445108432.87552
2018-05-09,1.4326557021587318,1.74723256,158212056793.02222,90550084982.97571
2018-05-10,1.3385852648533503,1.69887071,153879420906.82715,90577475967.44849
2018-05-11,1.1177104627314758,1.58493865,143374163246.1666,90460386745.04315
2018-05-12,1.1404342601252324,1.5974431,144515816886.5841,90466957406.23506
2018-05-13,1.2144217585831625,1.63680889,148109264820.5454,90486596037.82175
2018-05-14,1.1942430401333233,1.62361239,147701872957.36383,90971141799.0373
2018-05-15,1.127851955321345,1.58958164,144606798197.35785,90971608226.02219
2018-05-16,1.0715672844507098,1.56132079,141887673799.42416,90876695364.71373
2018-05-17,0.9650945814527968,1.50426871,137177363863.56128,91192060934.08755
2018-05-18,1.0305996673236466,1.5392871,140303513702.62396,91148372322.89153
2018-05-19,1.02792383908173,1.53821787,140257946353.72653,91182106962.34242
2018-05-20,1.1268145679555888,1.59036292,145078909990.97888,91223775508.40967
2018-05-21,1.0850336238438782,1.56883389,143172261405.31305,91260306344.67812
2018-05-22,0.9467063392543311,1.49717102,136520308521.8328,91185513677.5442
2018-05-23,0.7755511395059692,1.40810171,128238492182.17764,91071895781.00693
2018-05-24,0.7943910558107821,1.41826534,129185693215.82208,91087111538.53769
2018-05-25,0.7423973262114819,1.39150485,126639864443.70409,91009287135.22205
2018-05-26,0.7077076018344772,1.37360478,124965017826.20564,90975963134.17433
2018-05-27,0.7123698708318378,1.37644815,125182866858.52309,90946300344.49396
2018-05-28,0.6344199481033204,1.33597351,121318022843.95651,90808703867.15715
2018-05-29,0.756254633017267,1.40088628,127179664640.76596,90785145415.77634
2018-05-30,0.7286624112855662,1.38664652,125848348159.24548,90757338906.56248
2018-05-31,0.7659889898496394,1.40689168,127640237772.8688,90724992966.67162
2018-06-01,0.7808883166558581,1.41524122,128357193539.52248,90696336232.71832
2018-06-02,0.821881450514708,1.43730299,130379250198.58945,90711040821.3855
2018-06-03,0.8438404783723167,1.44919617,131499605436.82011,90739686012.84677
2018-06-04,0.7683938674013674,1.40952829,127837400289.08179,90695164613.60403
2018-06-05,0.8128510112235241,1.43371987,129979876541.47829,90659186122.23619
2018-06-06,0.8264909719140098,1.44133056,130670649498.86604,90659736999.44727
2018-06-07,0.8317030294570298,1.44450247,130943482538.13354,90649538687.27794
2018-06-08,0.8169205215983404,1.43712165,130216857183.81618,90609488197.33958
2018-06-09,0.7937870638702785,1.42518183,129095529856.95097,90581796048.40385
2018-06-10,0.5128007817017992,1.27551954,115243033476.81741,90349876942.54956
2018-06-11,0.5525584659529571,1.29750932,117044251204.78851,90206867419.48683
2018-06-12,0.4421677718841149,1.23858038,111540839588.55779,90055390340.15523
2018-06-13,0.3709971162012653,1.20092906,107789140440.19202,89754794042.69893
2018-06-14,0.4855944492301738,1.2632478,113326836396.87164,89710693655.5691
2018-06-15,0.40696206824774867,1.22097074,109405898594.1402,89605667859.11691
2018-06-16,0.4409332101122264,1.23955794,111054415629.10925,89591952135.0565
2018-06-17,0.42614979510820844,1.23172728,110304156582.06772,89552418277.25673
2018-06-18,0.5155739320175087,1.28056779,114646121395.04424,89527569169.1763
2018-06-19,0.5262986723887592,1.28664559,115149917753.77612,89496220753.20378
2018-06-20,0.5342516961682569,1.29123078,115517012013.59647,89462715575.59715
2018-06-21,0.522134988003595,1.28466547,114969657640.7098,89493849041.26814
2018-06-22,0.2947801239581468,1.16113556,103676418199.36588,89288814993.63078
2018-06-23,0.33603529490072936,1.18384639,105650371448.31767,89243310906.50847
2018-06-24,0.3279583354085017,1.17963703,105188860295.9924,89170530952.21365
2018-06-25,0.36310171762021853,1.19907224,106861963419.53412,89120538241.7444
2018-06-26,0.3130574923300503,1.17183193,104350132616.99202,89048719313.3507
2018-06-27,0.343199218702783,1.19000509,105096510904.95116,88316017963.37791
2018-06-28,0.2483261879380684,1.13776355,100305218848.83812,88159986184.15761
2018-06-29,0.3753820824051104,1.20834141,106519491432.55956,88153472645.25143
2018-06-30,0.4295728127933785,1.23851505,109178385108.65688,88152651119.30362
2018-07-01,0.4286296206873452,1.23860628,108947955192.75983,87960118523.50679
2018-07-02,0.5143314327799225,1.28633397,113189218473.44632,87993647927.5645
2018-07-03,0.4769416342785293,1.26579418,111313526945.09879,87939673529.78253
2018-07-04,0.5048087888839268,1.28137705,112712483433.1309,87961996379.7002
2018-07-05,0.4898870204188553,1.27324533,111969299124.09875,87940082312.4156
2018-07-06,0.513260577705801,1.28661278,113064628503.00925,87877743996.14563
2018-07-07,0.5617153561135079,1.31378163,115466335325.79546,87888529333.2922
2018-07-08,0.5517980226928358,1.30865599,114915153080.64851,87811582233.04239
2018-07-09,0.5377675825367961,1.30098801,114225570190.21756,87799095235.48766
2018-07-10,0.41581009122435214,1.2330456,108153424172.72511,87712428617.98875
2018-07-11,0.4410726998392031,1.24746562,109345176286.2498,87653859579.91354
2018-07-12,0.3670136928147443,1.20621817,105609860436.27876,87554526256.45554
2018-07-13,0.38609259819594405,1.21722522,106470007126.7994,87469438997.3282
2018-07-14,0.4026434696015245,1.22667095,107271377986.80742,87449187564.77231
2018-07-15,0.434739338092608,1.24480827,108868108961.55276,87457732716.98521
2018-07-16,0.5605387235733891,1.31568081,115107492547.93408,87488919556.35812
2018-07-17,0.7697876402628991,1.43309368,125581453880.80434,87629619496.19675
2018-07-18,0.7880107153951147,1.44339934,126548604827.35182,87674007684.76991
2018-07-19,0.8179866538014532,1.46018625,128125757556.50095,87746174542.11813
2018-07-20,0.7687714502129736,1.43265396,125741438718.3174,87768185639.41107
2018-07-21,0.7965495571394929,1.44833778,127183775645.90376,87813614615.44127
2018-07-22,0.7918954955073021,1.44583406,127010416903.03185,87845777338.39792
2018-07-23,0.8994850671057645,1.50619599,132462078575.71777,87944782388.98895
2018-07-24,1.1312632538207692,1.63581402,144177249065.09137,88137922344.67545
2018-07-25,1.0612849263636808,1.59635249,140849259157.1186,88231928749.7203
2018-07-26,0.9609437915516009,1.5404035,135906762897.2909,88228027849.3855
2018-07-27,1.0485191425299203,1.58953743,140386151038.54663,88318870879.65373
2018-07-28,1.052587523788079,1.59195773,140685854280.0243,88372857915.03038
2018-07-29,1.0637244649302422,1.59809411,141377467178.6177,88466296380.14104
2018-07-30,1.042385242547665,1.5863148,140398779908.78973,88506253556.22334
2018-07-31,0.8881986692784374,1.50002457,132738197932.6344,88490682477.71062
2018-08-01,0.8439199703347392,1.47548838,130545588661.3127,88476188922.14705
2018-08-02,0.8254747122397964,1.46550321,129631992555.46358,88455618296.0961
2018-08-03,0.7810713068937831,1.44098379,127389926459.22607,88404829633.25082
2018-08-04,0.6418433149081577,1.36290424,120372902126.71085,88320880215.84763
2018-08-05,0.6521113326822983,1.36894032,120892012705.72456,88310652363.37297
2018-08-06,0.6185455196155066,1.35040999,119156635794.61504,88237377297.99751
2018-08-07,0.5487385707852737,1.31126727,115603003795.4852,88161282173.6069
2018-08-08,0.39514305995936133,1.22457474,107787755829.10542,88020561186.08606
2018-08-09,0.4966648513783364,1.28263103,112799626411.74744,87943940052.46188
2018-08-10,0.35357215226746114,1.20148237,105548767057.1032,87848785544.06354
2018-08-11,0.4157185780028698,1.23709272,108624141324.542,87805982177.74817
2018-08-12,0.41656733056197615,1.237715,108652588482.88425,87784819997.24028
2018-08-13,0.400349138714611,1.22859486,107823918261.57452,87761980594.2982
2018-08-14,0.37521189906593844,1.21462636,106440242655.57443,87632086838.27217
2018-08-15,0.40632773477943906,1.23272558,107922340390.84853,87547741477.74927
2018-08-16,0.41364776809584647,1.23701888,108288222390.63744,87539668263.29881
2018-08-17,0.5061637118124155,1.28997856,112988510838.94415,87589448648.62262
2018-08-18,0.45043900493159855,1.25820087,110181522339.75005,87570693175.36717
2018-08-19,0.4810861565517212,1.27574994,111767485648.88388,87609242332.30524
2018-08-20,0.40716633798089963,1.23354388,108029450488.81544,87576495850.97487
2018-08-21,0.47541341281983973,1.27272294,111487842735.81213,87597888929.23714
2018-08-22,0.438487957507195,1.25162869,109639314166.21878,87597316234.59253
2018-08-23,0.48981111885615863,1.28108729,112259350133.79967,87628181943.63606
2018-08-24,0.5512201584763843,1.31632801,115395254895.615,87664513722.24086
2018-08-25,0.5661706130789812,1.32478942,116228582999.49832,87733628639.25824
2018-08-26,0.5462774445922504,1.31333891,115285547056.62408,87780500660.43051
2018-08-27,0.5958720224025316,1.34163355,117874048946.57243,87858602631.52515
2018-08-28,0.6805777751580646,1.38993223,122262155771.84335,87962674102.35054
2018-08-29,0.657983133973256,1.37670606,121247981675.3254,88071074282.42554
2018-08-30,0.6348974176255312,1.36359134,120115626733.47554,88087701358.8804
2018-08-31,0.6544877216502969,1.37493819,121132253239.88936,88100144516.23412
2018-09-01,0.7106369375650743,1.40711254,124029007769.28424,88144341155.03246
2018-09-02,0.7419243309507271,1.42507788,125668549341.9008,88183636210.74577
2018-09-03,0.7314897798929763,1.41924297,125178060647.4216,88200585307.40625
2018-09-04,0.7649448132852075,1.43842941,126937601872.3862,88247362706.79158
2018-09-05,0.5732516794787388,1.32907873,117152434088.97412,88145593970.1737
2018-09-06,0.4720589362712751,1.27139307,111940508598.91376,88045555100.37015
2018-09-07,0.4462730132463981,1.25683206,110582390617.65784,87985017359.96281
2018-09-08,0.3720372618946658,1.21428401,106782962630.32613,87939033826.46545
2018-09-09,0.39368583418923836,1.22689803,107856240949.9079,87909702609.84761
2018-09-10,0.41018915892183155,1.23657997,108663237923.10112,87874007795.14577
2018-09-11,0.40606975876261636,1.23448848,108381492630.1318,87794656966.04297
2018-09-12,0.4236905828163576,1.24485106,109242573049.2828,87755536834.4891
2018-09-13,0.48131397722672736,1.27856168,112075206592.99396,87657254511.95593
2018-09-14,0.48263031489747427,1.27941999,112151244738.97958,87657880614.30835
2018-09-15,0.4926679853090028,1.28532707,112671557069.80212,87659833593.79659
2018-09-16,0.48359256343948226,1.28016559,112220687641.74638,87661071753.80833
2018-09-17,0.4032760171119737,1.23381568,108106617083.93317,87619746479.41998
2018-09-18,0.4314056950174721,1.25024052,109530014226.91257,87607154363.31609
2018-09-19,0.4464991592570006,1.25910583,110295726992.9487,87598456273.48792
2018-09-20,0.48581717263573587,1.28206545,112289138730.93648,87584560313.15443
2018-09-21,0.5701033481023554,1.3314931,116492037710.81636,87489779489.51921
2018-09-22,0.55806024711787,1.32462421,115888679519.1303,87487967262.14923
2018-09-23,0.5570484645049266,1.32411544,115860820198.54163,87500543153.95766
2018-09-24,0.5143850088612438,1.29944603,113684901515.99104,87487205233.13388
2018-09-25,0.46219674520377385,1.26947306,110930883871.08711,87383409200.5758
2018-09-26,0.47822325848033886,1.27892467,111751327298.9028,87379131797.42072
2018-09-27,0.5504452546732074,1.3210537,115474621398.57552,87410997296.00357
2018-09-28,0.5316349383253738,1.31014502,114540210219.80827,87425596763.1799
2018-09-29,0.5189180727072791,1.30289231,113884705996.97227,87409147419.84491
2018-09-30,0.5257274686218296,1.3069717,114243836027.3371,87411101577.28517
2018-10-01,0.5123202018651909,1.29942083,113518672787.24203,87360976649.29846
2018-10-02,0.495037257970414,1.28953035,112611317628.39714,87327388322.73094
2018-10-03,0.4808270592376636,1.2814305,111857194576.8611,87290878886.41725
2018-10-04,0.508336270016155,1.29764795,113268081862.64056,87287219821.55527
2018-10-05,0.5217162191755809,1.30556584,113968639381.96735,87294440379.94081
2018-10-06,0.5101389432930445,1.298913,113378821806.62975,87287464061.58823
2018-10-07,0.5148466460811989,1.30175802,113634349430.01115,87292989698.66238
2018-10-08,0.5281440970632644,1.30960738,114339930572.22964,87308556990.74454
2018-10-09,0.5234242845767085,1.30696334,114103829682.04836,87304537311.69563
2018-10-10,0.5027373736942241,1.29493068,113053807013.22675,87304910416.69254
2018-10-11,0.38574322233193625,1.22741162,106661946180.8367,86899899302.59639
2018-10-12,0.39733087198269207,1.23438108,107233687733.84276,86872433052.71883
2018-10-13,0.3998056453683912,1.23595286,107348671929.78308,86854988894.7893
2018-10-14,0.39539715978096995,1.23348719,107101025152.54628,86827837387.22595
2018-10-15,0.4830043782882828,1.28526524,111615002027.09384,86841998486.70445
2018-10-16,0.49042664838703315,1.28989252,111958908236.79819,86797083090.92155
2018-10-17,0.4846269161331101,1.28666145,111637252664.80186,86765055924.23077
2018-10-18,0.46970331546412214,1.27802221,110846868324.40938,86733131440.97032
2018-10-19,0.46461688649751864,1.2749913,110625950760.12843,86766043627.22195
2018-10-20,0.4814211189861401,1.28642152,111073715079.62976,86343172399.3779
2018-10-21,0.4838238689419946,1.28793139,111207633040.76584,86345929530.27245
2018-10-22,0.481827050628533,1.28689576,111093386674.06094,86326639753.68211
2018-10-23,0.478262393586576,1.28492912,110896863051.59772,86305821329.34906
2018-10-24,0.48448895247210894,1.2887609,111214824905.23264,86295933485.59274
2018-10-25,0.4811649935113967,1.28694965,111026747755.47588,86271244376.55807
2018-10-26,0.48339339678729853,1.28863398,111069127245.88118,86191369286.9415
2018-10-27,0.48521719715267997,1.28980748,111171887419.07825,86192621102.70772
2018-10-28,0.4843467956920041,1.28937475,111135017069.51332,86192952878.52762
2018-10-29,0.43670010464495057,1.26107732,108655584101.0086,86160921600.75371
2018-10-30,0.4401989434240224,1.26329155,108825982078.54932,86144787462.99643
2018-10-31,0.4523689784540745,1.27073654,109431340954.17642,86116466717.93701
2018-11-01,0.4655631291981433,1.27883905,110079709390.04428,86077844893.80762
2018-11-02,0.46730742479672416,1.27995054,110181145790.36432,86082346424.38943
2018-11-03,0.46209329446641545,1.276901,109920796924.69072,86084040128.94556
2018-11-04,0.4915336142417594,1.29459494,111457995144.99348,86094879333.44887
2018-11-05,0.4857717519227581,1.29123581,111166153093.6582,86092836206.005
2018-11-06,0.49858455039295324,1.2989943,111839648400.00746,86097104814.09154
2018-11-07,0.5183059901235572,1.31084446,112887229255.93488,86117943585.72098
2018-11-08,0.4866773181189549,1.29195817,111262585491.11491,86119340451.3359
2018-11-09,0.46141344795735373,1.2768824,109963654429.73752,86118858267.39996
2018-11-10,0.46871972936535805,1.28133653,110351534110.30348,86122210306.68929
2018-11-11,0.4627515974976872,1.27781403,110055678439.95064,86128087386.82469
2018-11-12,0.4579428832282557,1.27501457,109810368310.32216,86124794880.04765
2018-11-13,0.44096318665249556,1.26499475,108903885882.58542,86090385657.79456
2018-11-14,0.21168404281943565,1.12750028,96860778728.29768,85907542948.27997
2018-11-15,0.2115693111757485,1.12835655,96249271453.67232,85300405668.4674
2018-11-16,0.19976432798568466,1.12138354,95518590232.07166,85179233353.17696
2018-11-17,0.20225315970039154,1.12295891,95616781735.51736,85147177589.53207
2018-11-18,0.22087810830011334,1.13432294,96568855949.37881,85133477023.20013
2018-11-19,-0.028549470494867838,0.98256686,83310144258.67805,84788270040.65459
2018-11-20,-0.1744590501444237,0.89259762,75065364647.62799,84097652700.024
2018-11-21,-0.0939807963407084,0.94205218,79101301550.27286,83967006530.64978
2018-11-22,-0.17300797939091916,0.89310508,74835645350.61563,83792654443.99402
2018-11-23,-0.17481557173316115,0.89181194,74603724123.31761,83654098781.5409
2018-11-24,-0.33346499369193444,0.79317203,66200862128.508286,83463434948.03806
2018-11-25,-0.28222301823988133,0.82453777,68651345825.21346,83260401552.27026
2018-11-26,-0.3597394131412435,0.77562836,64367741558.115166,82987864907.5121
2018-11-27,-0.32923789954994404,0.7940544,65700666907.91088,82740762985.39606
2018-11-28,-0.18293901415477265,0.88549955,73220966864.75833,82688880942.69312
2018-11-29,-0.17379733114454274,0.89130855,73758300790.55371,82752825371.81284
2018-11-30,-0.2594781398417441,0.8373706,69140104360.47708,82568105878.66003
2018-12-01,-0.20208552184631903,0.8734641,72187184141.7987,82644706453.07426
2018-12-02,-0.21757708191564273,0.86368527,71334608466.96637,82593290570.95807
2018-12-03,-0.30797747777708673,0.80763958,66906066119.82159,82841489912.89108
2018-12-04,-0.3005481362358082,0.81335924,67765212056.51536,83315229881.09824
2018-12-05,-0.3424108948871684,0.78473772,64578231888.36319,82292758768.32222
2018-12-06,-0.39733406493752704,0.74841821,61145021210.22174,81699002500.51605
2018-12-07,-0.43935683333477776,0.72100902,58730237821.20627,81455621486.13101
2018-12-08,-0.4263586248437946,0.72908961,59344289381.60886,81395055652.49908
2018-12-09,-0.3811991305080894,0.75773343,61657037841.08643,81370354533.63385
2018-12-10,-0.42094297801860303,0.73200608,59453278421.08123,81219651100.54991
2018-12-11,-0.4342390185268059,0.7222971,58395608029.68063,80847075295.85904
2018-12-12,-0.40850939334120273,0.73845418,59627831863.25954,80746826923.3164
2018-12-13,-0.46097144786982724,0.7044642,56799486057.97928,80627924113.07669
2018-12-14,-0.4782219311897968,0.69277432,55735757119.7476,80452977991.08315
2018-12-15,-0.4814050998291384,0.69048064,55499970403.61605,80378749509.35056
2018-12-16,-0.4765246350258189,0.69338644,55684747402.30576,80308388208.898
2018-12-17,-0.3732905068751734,0.75972613,60984890679.218605,80272203720.59416
2018-12-18,-0.3154363037919132,0.79650093,63785762864.419914,80082471296.57452
2018-12-19,-0.30082792847935286,0.80573894,64458441787.68284,79999164230.14487
2018-12-20,-0.1764319618489439,0.88611656,70915331739.35384,80029349343.56021
2018-12-21,-0.25111886738749967,0.8376707,66935811078.209946,79907069780.77417
2018-12-22,-0.20856271583679983,0.86519497,69138915729.3505,79911370415.56136
2018-12-23,-0.2150934604918303,0.86090691,68759096491.792,79868213035.70674
2018-12-24,-0.18148574088604516,0.88260111,70465033648.76178,79837916415.90138
2018-12-25,-0.27399863520944345,0.82260882,65615679049.55474,79765348309.24222
2018-12-26,-0.25773932760038154,0.83308567,66426839657.05422,79735904780.4222
2018-12-27,-0.33080469738500645,0.78552581,62558281192.88986,79638734203.89569
2018-12-28,-0.22691261307547475,0.85252346,67723844318.077255,79439273516.38776
2018-12-29,-0.2455922227410068,0.84031284,66719803689.59481,79398767356.20845
2018-12-30,-0.24360850577638685,0.8415034,66767819607.35678,79343493570.3846
2018-12-31,-0.28843395844065367,0.81213582,64362719883.80751,79251177326.2353
2019-01-01,-0.24697508852086286,0.8391035,66480521038.57991,79228034489.88106
2019-01-02,-0.2163286574739262,0.85907301,68060451677.63375,79225456841.71098
2019-01-03,-0.25325883613574923,0.83487141,66080741974.71757,79150802366.93884
2019-01-04,-0.23809044007381747,0.8447265,66841085193.63053,79127487054.84027
2019-01-05,-0.24751723908860118,0.83856669,66343950645.25524,79115890765.0568
2019-01-06,-0.1633136662480313,0.89346662,70671645673.5018,79098249550.16428
2019-01-07,-0.17748619502418164,0.8841578,69893107437.67668,79050490124.81334
2019-01-08,-0.1795186153819249,0.88278743,69754882486.37996,79016624065.8637
2019-01-09,-0.1755023229211163,0.88542141,69966387406.09065,79020437743.97849
2019-01-10,-0.28871775416460294,0.80976747,63397403557.83663,78290874734.49214
2019-01-11,-0.28848496223725273,0.80976244,63338716516.620476,78218886660.9082
2019-01-12,-0.29022242887858446,0.80855945,63220183068.5522,78188663886.80783
2019-01-13,-0.32604715253315525,0.784834,61332359877.66519,78146920084.585
2019-01-14,-0.27195136440720613,0.82050798,64105874435.58107,78129495383.55626
2019-01-15,-0.30187759916494683,0.80090242,62614404280.62736,78179816563.20549
2019-01-16,-0.2927248362344366,0.80691139,63069620481.69099,78161767529.01082
2019-01-17,-0.28059596078305393,0.81482992,63654910176.69185,78120487005.05727
2019-01-18,-0.2902707609096119,0.80838072,63124243900.56257,78087270439.30806
2019-01-19,-0.2632689435223856,0.82616434,64492311837.13122,78062328176.89906
2019-01-20,-0.3130924977028818,0.79319975,61893394902.55213,78030023209.8562
2019-01-21,-0.3133531566722141,0.79297133,61852964024.41034,78001513654.23305
2019-01-22,-0.2961219235087703,0.80398567,62588022843.13821,77847187056.37901
2019-01-23,-0.3039172865894431,0.79874618,62149856463.492096,77809269101.59633
2019-01-24,-0.29810261254523773,0.80256605,62431708688.39277,77790119191.3024
2019-01-25,-0.2992196353768155,0.80172488,62328681312.47295,77743229463.54485
2019-01-26,-0.2999405670298299,0.8011809,62259909455.55577,77710176884.59094
2019-01-27,-0.30588749187126346,0.79718191,61925952432.71354,77681080887.43953
2019-01-28,-0.3385599796556358,0.77522856,60136836871.77253,77573041003.25269
2019-01-29,-0.3505833009137896,0.76708054,59456263677.06554,77509805785.27716
2019-01-30,-0.3346165591705081,0.77747695,60198733501.02517,77428319258.88628
2019-01-31,-0.3430822208526743,0.77173662,59719179106.520485,77382850002.01297
2019-02-01,-0.33030256353310045,0.78014383,60337481687.79334,77341484182.2095
2019-02-02,-0.3241365278565808,0.78422167,60639445325.19441,77324368408.73628
2019-02-03,-0.34027865088771436,0.77343528,59788561219.22763,77302604064.33443
2019-02-04,-0.33938668268639083,0.77384742,59766211643.222046,77232552695.23552
2019-02-05,-0.3335706649783255,0.77765737,60036651913.46877,77201932662.79823
2019-02-06,-0.35209042592757894,0.76510945,59010514041.86034,77126892161.45525
2019-02-07,-0.35385481250022655,0.76378864,58866543276.55742,77071771159.82953
2019-02-08,-0.2672564418631712,0.8216013,63318521615.34845,77067212059.36316
2019-02-09,-0.2641697158136794,0.82367897,63479353867.535934,77068076495.30731
2019-02-10,-0.2569966395731204,0.8284814,63849540740.750984,77068164403.87314
2019-02-11,-0.2738669045024867,0.81717159,62954869798.228264,77039963905.53453
2019-02-12,-0.2738851008125362,0.81707553,62912990081.10083,76997765532.27684
2019-02-13,-0.2745953481455905,0.81622357,62712619511.97009,76832649554.54556
2019-02-14,-0.2790133602082619,0.81324408,62470420539.833725,76816323753.42188
2019-02-15,-0.27731921124798753,0.81432592,62530283212.96329,76787784445.03313
2019-02-16,-0.26939775301461405,0.81951471,62883052978.740906,76732061318.02187
2019-02-17,-0.2559597083502252,0.82849268,63557220976.43588,76714281864.79074
2019-02-18,-0.17282899032051235,0.88420768,67834397006.09799,76717719762.50873
2019-02-19,-0.16214975714751068,0.89133025,68356190719.64763,76690082850.48962
2019-02-20,-0.1510727845822985,0.89885411,68997433564.01924,76761548727.87892
2019-02-21,-0.16350564536762185,0.89047082,68312619006.28702,76715168506.34927
2019-02-22,-0.14436126612445965,0.90331002,69304143089.32072,76722433666.04161
2019-02-23,-0.08846983914711203,0.94072884,72152438351.19626,76698444103.39993
2019-02-24,-0.20893485651645768,0.8599356,65909970410.02792,76645239957.53627
2019-02-25,-0.1847891929656671,0.87606044,67107739353.24882,76601723224.99669
2019-02-26,-0.19328025590922845,0.87035678,66661611759.654594,76591132845.14725
2019-02-27,-0.19170995615826147,0.8713884,66724622413.066475,76572768713.77502
2019-02-28,-0.19324536878313692,0.87032071,66618735760.469955,76545042528.5984
2019-03-01,-0.1868669437698302,0.87459349,66937068309.41024,76535063517.8067
2019-03-02,-0.1868126310123406,0.87461492,66925976280.739586,76520506053.95525
2019-03-03,-0.19595173039676217,0.86848471,66453961889.55256,76517135102.53111
2019-03-04,-0.22317597675318865,0.85007558,64980604713.95638,76440973300.22864
2019-03-05,-0.17474005777719626,0.88264283,67482252731.446045,76454767928.54709
2019-03-06,-0.1703794712533552,0.88556451,67697013071.833755,76445038512.02637
2019-03-07,-0.16885706754775798,0.88659022,67772832796.48942,76442116400.16672
2019-03-08,-0.17392154346134067,0.88315552,67486497838.10968,76415191107.12198
2019-03-09,-0.1495247086507891,0.89955742,68743532749.41933,76419282661.71083
2019-03-10,-0.15145767964141754,0.89825462,68636793205.242,76411288822.8084
2019-03-11,-0.16867222212960142,0.88665284,67723358556.261765,76380918777.93091
2019-03-12,-0.1654063944542549,0.88880804,67859421694.25656,76348793710.57057
2019-03-13,-0.16754220567488448,0.88736975,67743576013.3802,76341993868.2609
2019-03-14,-0.1664541861970426,0.88808394,67783152660.22259,76325164331.00072
2019-03-15,-0.14976679796647033,0.89930632,68637177203.57874,76322356106.18053
2019-03-16,-0.11884883892156875,0.92006352,70191204954.5506,76289520700.21274
2019-03-17,-0.12663088026207453,0.91484274,69799925361.87352,76297184543.29486
2019-03-18,-0.12548899545958123,0.91560369,69848322303.81924,76286632597.36235
2019-03-19,-0.11647733016055414,0.92168535,70327329421.23788,76302969794.66788
2019-03-20,-0.10461097959667592,0.92967286,70942373769.17288,76308965036.5537
2019-03-21,-0.1227198489286669,0.91748018,69992329935.54057,76287566163.59885
2019-03-22,-0.11974327693356984,0.9194745,70134369289.92285,76276578948.00003
2019-03-23,-0.12025216509967364,0.91913227,70104412361.26125,76272387173.67767
2019-03-24,-0.12386374133618923,0.91670464,69916267990.3455,76269132869.60728
2019-03-25,-0.14459050702664275,0.90273487,68824251372.20996,76239717395.88387
2019-03-26,-0.14079313815512676,0.90526912,68998541590.7157,76218817218.37114
2019-03-27,-0.1034773621452479,0.93039612,70930025424.35388,76236372765.99335
2019-03-28,-0.1089085715695524,0.92674903,70654287127.73622,76238857382.7115
2019-03-29,-0.08273784479918672,0.94438915,72045026127.67442,76287435246.02588
2019-03-30,-0.08189152898619678,0.944965,72094945657.34747,76293773480.86699
2019-03-31,-0.07966479223444467,0.94641855,72144816858.77142,76229292905.10147
2019-04-01,-0.06461305682620679,0.95655086,72928925679.54512,76241555707.28891
2019-04-02,0.1924968662321667,1.12892016,86425014362.75935,76555470816.25272
2019-04-03,0.2100855255254938,1.14051964,87429739701.33237,76657811610.6202
2019-04-04,0.19210655386203074,1.12838804,86575394892.77437,76724842717.02701
2019-04-05,0.23370352775886044,1.15614507,88735160417.78859,76750887687.29395
2019-04-06,0.2371705873048106,1.15841744,88940169566.48195,76777305395.61105
2019-04-07,0.28638020840342293,1.19121228,91501582075.61006,76813833782.51445
2019-04-08,0.3174848237185471,1.21179209,93174379314.25348,76889740478.7099
2019-04-09,0.28647106818763046,1.19099798,91633783207.72186,76938655435.60526
2019-04-10,0.3250383293136165,1.21651316,93692375038.22397,77017148781.37772
2019-04-11,0.23558845259450586,1.15695368,89097245091.85478,77010209338.59235
2019-04-12,0.24583657378927434,1.16368455,89674788551.88477,77061080300.39995
2019-04-13,0.24271767762507657,1.16156591,89540963596.17763,77086425165.64352
2019-04-14,0.2722111744056875,1.18135304,90995893159.3787,77026841323.72375
2019-04-15,0.23343504543953883,1.15555322,88995066459.08098,77015117018.22005
2019-04-16,0.2886604878447921,1.19224124,91882212812.36642,77066796324.17885
2019-04-17,0.2947045496279888,1.1961381,92251086788.76868,77124110325.36183
2019-04-18,0.3121224523358107,1.20765693,93181427266.90536,77158856089.12572
2019-04-19,0.3122296418089486,1.20719787,93393585300.0213,77363941422.47891
2019-04-20,0.32022046641933366,1.21246475,93826393814.37328,77384842581.50455
2019-04-21,0.3140173907522379,1.20835451,93515072337.74179,77390427696.37347
2019-04-22,0.34367889252816564,1.22794551,95079212191.436,77429504336.42288
2019-04-23,0.3973929719546126,1.2632969,97931659198.88657,77520699369.15587
2019-04-24,0.3601930207122756,1.238908,95948460473.5421,77445993143.59267
2019-04-25,0.2565984223831148,1.17030753,90582999173.14824,77401022253.65347
2019-04-26,0.2659924064193226,1.17673094,90990043973.08871,77324425559.07362
2019-04-27,0.2771017463977318,1.18413668,91557969329.14915,77320440178.5351
2019-04-28,0.26564280197176837,1.17650667,90982937914.71863,77333125459.21956
2019-04-29,0.2663972727101894,1.17708337,90995741358.43207,77306114144.1766
2019-04-30,0.3060677164538459,1.20333737,93087172974.79411,77357501973.69347
2019-05-01,0.32718067219209557,1.21799733,93956778572.9972,77140381393.93721
2019-05-02,0.3537781768987812,1.23567987,95347182688.02168,77161718826.108
2019-05-03,0.4434956457509393,1.2951638,100048291063.75714,77247596839.6871
2019-05-04,0.48255772716598644,1.32099457,102113834632.84572,77300722464.6243
2019-05-05,0.46563904295117453,1.30956777,101303278127.08575,77356270097.48856
2019-05-06,0.45093392175009384,1.29939268,100665647010.0726,77471305294.77248
2019-05-07,0.4955189123634057,1.32870246,103045876595.76418,77553763688.94823
2019-05-08,0.530121505625279,1.35126305,104933062109.9294,77655540207.31152
2019-05-09,0.6032597207961136,1.39928506,108807007514.73366,77759000381.76186
2019-05-10,0.6726022120196883,1.44472955,112484857374.906,77858764206.01074
2019-05-11,0.9953934227410275,1.6543368,129617193425.32507,78349942663.02066
2019-05-12,0.8615641035071081,1.56569495,122863288682.21555,78472047624.7404
2019-05-13,1.1453364338068512,1.74753483,138033162705.40247,78987359986.06819
2019-05-14,1.1887542019118618,1.77133721,140820867693.55133,79499751317.00154
2019-05-15,1.2665583076762361,1.81667469,145432203252.08707,80054070248.58539
2019-05-16,1.1354101939677907,1.72799889,139195067372.16577,80552752769.51466
2019-05-17,0.9519819912788479,1.61073752,129734247988.1042,80543382380.57819
2019-05-18,0.9344410113158135,1.59950822,128881732029.37624,80575848512.5986
2019-05-19,1.252499234902128,1.80201739,145575486043.34,80784728744.1216
2019-05-20,1.1680254906706067,1.74723194,141365770225.30295,80908416901.59518
2019-05-21,1.165818067417169,1.74497388,141428315610.9645,81048958515.62231
2019-05-22,1.0568711450701815,1.67542929,135848233112.80898,81082641877.89684
2019-05-23,1.1321920704964052,1.72268374,139930988343.83353,81228483844.53523
2019-05-24,1.1593386140808146,1.73899884,141534352370.68,81388411030.0384
2019-05-25,1.1822592057567007,1.75307893,142868475004.5568,81495745890.09337
2019-05-26,1.4060526274796126,1.89396436,154759118458.68457,81711737415.52591
2019-05-27,1.4297799984593356,1.90714924,156288718134.0543,81948866326.81891
2019-05-28,1.3914052589912542,1.88105961,154575429830.0962,82174657840.90498
2019-05-29,1.3460386797508945,1.84071984,153466072521.39337,83372857284.67694
2019-05-30,1.2135700091174602,1.75787076,146676472971.8471,83439850249.19983
2019-05-31,1.3064070285079366,1.81476063,151735657705.73096,83611940438.51996
2019-06-01,1.303349599693694,1.81246057,151726713913.3333,83713111570.38484
2019-06-02,1.3650026483337465,1.8504971,155102798137.0,83816828535.96475
2019-06-03,1.167978499724386,1.72701182,144987698066.72675,83952927471.40941
2019-06-04,0.9997326115531371,1.62636908,135716749976.05272,83447694404.06032
2019-06-05,1.047945016660177,1.65612566,138368734753.60568,83549659361.9627
2019-06-06,1.0399624051303409,1.651342,137996648982.4002,83566365406.07591
2019-06-07,1.1213727357733332,1.70183629,142399676820.06097,83674133438.57004
2019-06-08,1.0918882521247242,1.6835165,140918677619.86273,83704957818.8647
2019-06-09,0.9876826835397441,1.61842434,135506326143.57268,83727316003.89343
2019-06-10,1.1055272481165732,1.69111483,141898544054.91287,83908284368.19566
2019-06-11,1.080099000878072,1.67511723,140655515443.27985,83967565328.71425
2019-06-12,1.1530891978876645,1.72008481,144650582356.85977,84095029219.43703
2019-06-13,1.1799404046759439,1.73649236,146193480447.33228,84188956896.60983
2019-06-14,1.3314134341632466,1.82901577,154473128274.7469,84456969047.7556
2019-06-15,1.38000826489266,1.85878621,157199041113.7754,84570802316.08528
2019-06-16,1.4314610810435298,1.88896018,160214175079.2246,84816068001.6159
2019-06-17,1.5343227620390842,1.9511578,165932624581.00214,85043159800.30017
2019-06-18,1.4324594894373057,1.88755922,160738189334.14664,85156633832.2072
2019-06-19,1.5066696627076626,1.93150882,164985850921.2929,85418119354.6364
2019-06-20,1.5892041721739618,1.98086596,169652535888.81815,85645641509.64467
2019-06-21,1.7616241119873188,2.08422475,179208052894.24255,85983074951.12633
2019-06-22,1.9527080389875215,2.19688103,189922492509.6476,86450968402.98521
2019-06-23,1.9827668421585203,2.2136737,191886656298.9596,86682448410.9648
2019-06-24,2.043450784083228,2.24706654,195640133811.35153,87064682032.66982
2019-06-25,2.2714475536027763,2.37982686,208498744036.43344,87610887809.05408
2019-06-26,2.6213900560584564,2.57176389,228745194861.05643,88944866109.4065
2019-06-27,2.0295321713613395,2.21524309,197580309100.8578,89191253994.99962
2019-06-28,2.4256618368514653,2.44168454,219807626215.0128,90022942199.98329
2019-06-29,2.2797750844825884,2.35329242,212472603036.35617,90287378326.04593
2019-06-30,1.9070587970689235,2.13021037,192894947241.4694,90552064696.53484
2019-07-01,1.8137183897639302,2.07558255,188055893488.6259,90603909484.8942
2019-07-02,1.873287986047589,2.11000412,191573891684.422,90793136311.2324
2019-07-03,2.254198619837567,2.33157806,212702475873.98233,91226830241.30975
2019-07-04,1.990932853500811,2.17425127,198933374582.88208,91495117113.52574
2019-07-05,1.9288373226325612,2.13840364,195780355764.33008,91554443745.86366
2019-07-06,1.9938144620006701,2.17712562,199540374640.74243,91653128697.61848
2019-07-07,2.0704910980120164,2.22256119,203976688321.28055,91775510721.16064
2019-07-08,2.3424906933187484,2.37905472,219377585918.44864,92212080737.02846
2019-07-09,2.4163725464553276,2.41917807,224022488886.53967,92602728035.86537
2019-07-10,2.2470676172213833,2.31328701,215630337157.472,93213827867.15775
2019-07-11,1.9781379230967584,2.15704038,201184389109.26904,93268717162.0167
2019-07-12,2.1386777867742937,2.24857787,210446887987.89197,93591105202.81512
2019-07-13,1.983315444656965,2.15890911,202156723717.6547,93638367072.18057
2019-07-14,1.637324686145452,1.95875859,183223251318.8303,93540496646.31224
2019-07-15,1.842065578221803,2.07837284,194705554172.6408,93681725639.10179
2019-07-16,1.371031123174055,1.80452153,168792705558.27164,93538759583.6951
2019-07-17,1.4330581875265973,1.84011447,172439830467.31998,93711469193.17468
2019-07-18,1.750358829630089,2.02312657,190368702559.67532,94096289071.85739
2019-07-19,1.6980292369748906,1.9920017,187751704487.22815,94252783261.79549
2019-07-20,1.8009370202521906,2.0519756,193666411427.284,94380465063.6606
2019-07-21,1.7089658601666304,1.99813946,188819945031.7756,94497881059.70122
2019-07-22,1.619851700933105,1.94697902,184005658485.4817,94508290328.40924
2019-07-23,1.4739967192357843,1.86302934,175964578119.57816,94450782036.30339
2019-07-24,1.4431499767292013,1.84274782,174664328143.39987,94784715655.44974
2019-07-25,1.4750135510084907,1.86177246,176544952190.2055,94826277637.7117
2019-07-26,1.4534527485482116,1.84937883,175486349266.7898,94889346855.33833
2019-07-27,1.3274171356772588,1.7764295,168546269397.19492,94879233539.6338
2019-07-28,1.352992440245396,1.79184692,170050073655.0765,94902121245.4223
2019-07-29,1.3127332002257914,1.75506806,169612691475.5826,96641660424.03085
2019-07-30,1.3380456729125951,1.76975529,171145748173.16083,96705883090.28918
2019-07-31,1.4860047732419859,1.85482085,179553898940.3706,96803903697.96123
2019-08-01,1.5915599805334084,1.91516898,185664640930.41312,96944260725.44946
2019-08-02,1.6293652766984164,1.93668955,187996689088.01648,97071153757.20206
2019-08-03,1.715670523435754,1.98633631,193032157623.26468,97179997491.5953
2019-08-04,1.7682657642319604,2.0166431,196199326743.02444,97290059278.72137
2019-08-05,2.0123592734864357,2.15209305,210569737010.31192,97844160135.32126
2019-08-06,1.8868597298193555,2.07763358,204046558538.0738,98211041880.67358
2019-08-07,2.051391799055348,2.16935722,213782385228.5158,98546418845.90855
2019-08-08,2.033698666928524,2.15713659,213284826434.711,98874047857.44745
2019-08-09,2.0032778402760267,2.13982687,211879263223.90833,99017012167.86214
2019-08-10,1.8248231442966605,2.03923311,201991078712.93958,99052471109.07275
2019-08-11,1.8922107162126962,2.07768124,206059922092.75043,99177832540.25551
2019-08-12,1.842254611748039,2.04944243,203478588609.6376,99284852129.0923
2019-08-13,1.6750963112805097,1.95417056,194248112858.1886,99401821332.41666
2019-08-14,1.407291481250357,1.8019476,179204378646.9086,99450382822.957
2019-08-15,1.4956655370293483,1.85280853,184332141843.5172,99487960498.28053
2019-08-16,1.5134720809138937,1.86332594,185481788307.1992,99543394059.76347
2019-08-17,1.4599738053561204,1.83353888,182526956765.83365,99548997164.34355
2019-08-18,1.497188711872531,1.85527013,184763389454.2763,99588403039.87231
2019-08-19,1.667850171496322,1.95283046,194681043998.75848,99691728486.63907
2019-08-20,1.6283627750368457,1.92992501,192676295263.2017,99836156464.54662
2019-08-21,1.416183831247245,1.80967076,180627040560.038,99812100937.09975
2019-08-22,1.4223678376732511,1.81392145,181054264797.7083,99813729419.04861
2019-08-23,1.505948394995565,1.85888092,186341894023.2376,100244126462.51575
2019-08-24,1.4210430058623553,1.81099778,181583695633.2657,100267210506.0591
2019-08-25,1.404892723286391,1.8021966,180767017751.0464,100303717003.48695
2019-08-26,1.484084231324004,1.8474094,185478932955.0732,100399474504.71628
2019-08-27,1.421097707318689,1.81156248,182016172175.13647,100474686456.92886
2019-08-28,1.2824306906381562,1.73309226,174097062903.8222,100454584514.63063
2019-08-29,1.2073364796833281,1.69107373,169775503540.7651,100395092495.91684
2019-08-30,1.2363031713482857,1.70811556,171502153433.93356,100404303695.90074
2019-08-31,1.2441427997760923,1.71310224,172011746947.59628,100409504424.90594
2019-09-01,1.2915229238880352,1.7403943,174857169693.80963,100469858866.93011
2019-09-02,1.4790257725774578,1.84745992,185880621503.5059,100614156491.96107
2019-09-03,1.5501037633101795,1.88765943,190227159592.64856,100774089101.78705
2019-09-04,1.534392933400977,1.87870879,189500976756.5565,100867669201.9717
2019-09-05,1.5322708121854354,1.8773914,189575535962.12213,100978163616.87932
2019-09-06,1.4400120603517044,1.81873604,185128360457.92685,101789570551.38515
2019-09-07,1.4882597040707821,1.84632204,188080767892.952,101867801942.58635
2019-09-08,1.459288462829786,1.83013043,186540270101.0337,101927309137.76112
2019-09-09,1.434580386417025,1.81652807,185218386705.9136,101962854174.84004
2019-09-10,1.357566816866611,1.77328813,180822381553.5077,101970107674.21518
2019-09-11,1.368681671811178,1.77786135,181853200818.7927,102287616983.62625
2019-09-12,1.4467918074413084,1.82231036,186557392548.06653,102374105225.44937
2019-09-13,1.426747584774403,1.81108514,185536329258.67664,102444841029.76883
2019-09-14,1.4305679885041285,1.813611,185881272898.92343,102492360764.75243
2019-09-15,1.4113470193629,1.80307986,184872765327.6869,102531656766.26596
2019-09-16,1.3951767689700398,1.79436332,184026415588.66183,102558056965.10884
2019-09-17,1.3744018625860879,1.78283665,182929195196.49677,102605695926.48703
2019-09-18,1.3608136026966449,1.77473473,182336024903.4325,102739875329.66827
2019-09-19,1.3920008972954327,1.79282081,184276366928.3356,102785713943.34473
2019-09-20,1.3604616183813736,1.77523927,182532056233.3181,102821100973.79613
2019-09-21,1.3033180839177487,1.74318445,179255413645.73785,102832155051.48514
2019-09-22,1.320727329135048,1.7535283,180364159936.0572,102857855180.35677
2019-09-23,1.2123239024475971,1.69241697,174018067346.8272,102822218419.86565
2019-09-24,0.8863925004326585,1.5076985,154661954271.248,102581487128.39336
2019-09-25,0.8320462751676069,1.47778949,151275587933.59106,102366127893.89311
2019-09-26,0.7364825852065605,1.42454001,145322739599.22046,102013799948.81326
2019-09-27,0.7653362703194143,1.44132571,147043914260.43405,102019906562.57289
2019-09-28,0.7708387975318047,1.44491153,147333213816.3458,101966944520.36507
2019-09-29,0.7292941485738518,1.42120643,144877514939.0163,101939811051.24629
2019-09-30,0.795918215178363,1.45994759,148804744751.3131,101924716866.93431
2019-10-01,0.8069543950280832,1.46687818,149397874177.0148,101847499140.66812
2019-10-02,0.8216169175064001,1.47560342,150275449305.661,101839997975.64917
2019-10-03,0.7892218237451908,1.45721375,148346417594.9,101801412177.79478
2019-10-04,0.7626125896346472,1.44209083,146768142907.41504,101774548353.11244
2019-10-05,0.7551850565059681,1.43793767,146351909719.45923,101779035887.8763
2019-10-06,0.6684180274448055,1.38789488,141207071248.86465,101741906598.04485
2019-10-07,0.7812500397832548,1.45350223,147900136388.732,101754323685.30457
2019-10-08,0.7700468537885866,1.44711351,147271106418.69086,101768869823.27382
2019-10-09,0.8934030271507385,1.5187746,154626316412.427,101809917292.81422
2019-10-10,0.886975125107665,1.51523934,154279677488.72192,101818685283.55522
2019-10-11,0.7999067505654215,1.4650268,149111820478.62405,101780950682.01077
2019-10-12,0.8097606109735278,1.47085893,149735357197.11823,101801304083.67459
2019-10-13,0.7998783487410541,1.46532541,149165443074.74835,101796803670.21573
2019-10-14,0.8085247520079629,1.46837588,150171135374.6009,102270227548.68521
2019-10-15,0.753489389689875,1.43701211,146846350584.01755,102188666025.93735
2019-10-16,0.7067002457872,1.41022441,144038130124.39572,102138446266.43196
2019-10-17,0.7278724751742068,1.42275851,145288400109.1214,102117400168.71971
2019-10-18,0.6940611890373848,1.40337963,143267715788.64642,102087640953.32239
2019-10-19,0.6906075038581814,1.40147566,143086440876.4854,102096986027.20322
2019-10-20,0.7705428091565845,1.4480022,147876063651.31284,102124198189.27957
2019-10-21,0.7703561920278139,1.44819078,147855396336.03143,102096628688.68108
2019-10-22,0.7155982766443995,1.41660892,144587259213.96948,102065755179.60841
2019-10-23,0.5458838576529065,1.31849373,134317490459.43152,101871922029.8693
2019-10-24,0.5480453472364182,1.32043974,134263882621.12463,101681188890.24396
2019-10-25,0.9085047463708829,1.53033296,155933669952.472,101895256802.46211
2019-10-26,1.0826882877665123,1.63052996,166631506034.15335,102194691371.48105
2019-10-27,1.1735838416372708,1.68313273,172203011254.27643,102311011000.46722
2019-10-28,1.0980015431712333,1.63844571,167913113181.65033,102483171799.23546
2019-10-29,1.1287606136349253,1.65571824,169947332705.59653,102642665037.98166
2019-10-30,1.0528849013640913,1.61181743,165487489406.25067,102671361114.54674
2019-10-31,1.0435144682262159,1.60646394,165005606900.36697,102713545440.90605
2019-11-01,1.0692923315855236,1.62077063,166752723154.50375,102884837661.76326
2019-11-02,1.0828944231040663,1.62876338,167648074937.74777,102929668604.01035
2019-11-03,1.0551290701522678,1.61294847,166031641060.67795,102936729938.23413
2019-11-04,1.1164163270112741,1.64848919,169810017601.1924,103009482034.39078
2019-11-05,1.0941268761795189,1.63757092,168247901531.6903,102742360331.9057
2019-11-06,1.1005052536964373,1.64148312,168698728156.05194,102772137039.1259
2019-11-07,1.0561049809960135,1.61571232,166114161586.67303,102811719345.35538
2019-11-08,0.9310573271118221,1.54350145,158564167664.94266,102730170849.49461
2019-11-09,0.9367774743444788,1.54712396,158930846702.9261,102726640406.32277
2019-11-10,1.005649195743431,1.58742033,163136392079.5165,102768239133.93909
2019-11-11,0.9065097440882426,1.52978275,157205264288.935,102763130443.80647
2019-11-12,0.9284530025342158,1.5426696,158586794627.15683,102800233197.79999
2019-11-13,0.9184836391131451,1.5361222,158200496544.86435,102986921577.50493
2019-11-14,0.88219359079854,1.51523438,156029949234.48392,102974134756.95021
2019-11-15,0.8285602211703593,1.48420069,152806067826.95444,102955125177.14464
2019-11-16,0.8320020722315998,1.48640991,153034960323.91815,102956095283.24402
2019-11-17,0.8399509898632989,1.4912036,153547224951.40726,102968652269.48705
2019-11-18,0.7445617485619435,1.43585132,147755065062.98563,102904153797.05583
2019-11-19,0.7249598923956662,1.42462588,146565470021.28036,102879971562.27455
2019-11-20,0.7136848409762255,1.41836156,145852722323.80954,102831835292.97675
2019-11-21,0.5772150652590232,1.33896278,137481479122.46744,102677595804.76721
2019-11-22,0.48135388260946843,1.28344958,131447679172.18343,102417485829.23174
2019-11-23,0.49756671545627046,1.29339001,132318073497.78998,102303305634.61673
2019-11-24,0.3837574694068776,1.22636138,125438714449.2562,102285277810.4087
2019-11-25,0.4440460430547054,1.26222308,128984724285.6019,102188532541.80861
2019-11-26,0.45393377010331426,1.26841696,129472508033.31648,102074090867.81407
2019-11-27,0.5627733293640251,1.33297166,136016204690.15666,102039832332.3368
2019-11-28,0.5361491714096233,1.31736129,134395456014.39629,102018677058.8927
2019-11-29,0.6291815220864929,1.37249236,140036528598.13245,102030825583.70848
2019-11-30,0.5729191894518036,1.33947241,136586360852.21767,101970268168.65729
2019-12-01,0.5319148263491772,1.31531292,134096317371.93912,101950125580.71666
2019-12-02,0.5034511634771451,1.29871273,132312381312.93507,101879636856.20844
2019-12-03,0.5012305604445139,1.29767248,132112273441.05779,101807101157.80354
2019-12-04,0.4751997080265439,1.28246605,130474208009.91588,101736968405.45282
2019-12-05,0.5322919925859265,1.31656246,133906647429.96992,101709300924.44678
2019-12-06,0.5717291813037924,1.34019312,136273617300.68172,101682074968.92816
2019-12-07,0.5651205349067375,1.33632666,135887592947.56682,101687406990.41866
2019-12-08,0.5701356980416036,1.33937263,136206847609.76505,101694513206.35472
2019-12-09,0.5144299875299039,1.30638835,132806403797.40012,101659207078.3547
2019-12-10,0.4829751411638338,1.28784015,130863289278.46732,101614543760.3163
2019-12-11,0.4744138149266323,1.28292787,130302879541.04956,101566800899.76497
2019-12-12,0.4728953135311086,1.28218893,130177025517.01804,101527179397.04723
2019-12-13,0.48862846286655204,1.29164777,131132882825.62569,101523717124.23247
2019-12-14,0.43721180647690383,1.26106197,128000507531.31398,101502154990.30074
2019-12-15,0.44921794836758944,1.26826677,128738856951.94688,101507711151.29578
2019-12-16,0.38216026602894776,1.22841184,124608648045.667,101438820424.97003
2019-12-17,0.30275911434881886,1.18120445,119669663001.91632,101311557877.99167
2019-12-18,0.5057972875464101,1.30300236,131916225311.62927,101240204439.56009
2019-12-19,0.4646246436558511,1.27839546,129422936633.541,101238576546.21286
2019-12-20,0.47577261045217367,1.28507153,130126090249.64581,101259803218.61603
2019-12-21,0.4627596248948685,1.27731542,129346265139.51852,101264153798.06384
2019-12-22,0.5635998568326134,1.33772206,135504930440.2474,101295279858.24455
2019-12-23,0.5167589606810825,1.30974111,132661793688.078,101288562048.78383
2019-12-24,0.49096471013870774,1.29430833,131112709026.91895,101299440008.17714
2019-12-25,0.48045304569632724,1.28852354,130318672681.60936,101137983619.30537
2019-12-26,0.4818425287630621,1.28945009,130396495065.20114,101125662851.51923
2019-12-27,0.49493847834197857,1.29743017,131180081114.36037,101107623475.68993
2019-12-28,0.5156437946128994,1.30991222,132453312459.40369,101116174379.53491
2019-12-29,0.542795376904759,1.32663778,134007321546.49026,101012743317.53937
2019-12-30,0.4943647833567523,1.29751611,131082017205.2206,101025348506.24753
2019-12-31,0.4763863516060983,1.28681852,129970799112.18243,101001654151.03168
2020-01-01,0.4773634023231669,1.28743526,130045090385.52066,101010974629.91704
2020-01-02,0.41100483131454457,1.24755453,125998424153.41441,100996326111.22371
2020-01-03,0.5202615696081021,1.31328518,132697278148.87724,101042241372.79706
2020-01-04,0.5287926979580994,1.31850725,133217976217.07286,101036969055.02254
2020-01-05,0.5294219163621604,1.31891454,133275875181.57004,101049667085.76132
2020-01-06,0.6534495847889614,1.39343235,140914223163.34763,101127423346.63582
2020-01-07,0.7623213488889823,1.45871525,147651200706.58707,101220029547.63588
2020-01-08,0.7386257247882865,1.44434936,146279253219.06857,101276919054.45132
2020-01-09,0.6654917846291517,1.40023893,141892197199.8546,101334275286.7574
2020-01-10,0.7572520990547696,1.45520178,147582961219.60855,101417523843.0567
2020-01-11,0.7278160351399015,1.43755242,145823708888.97903,101438881017.6251
2020-01-12,0.7666060193586952,1.46084233,148245508556.63815,101479472159.48907
2020-01-13,0.7532317978603622,1.45276596,147486087356.75323,101520885963.45776
2020-01-14,0.9585685446527609,1.57463765,160363065666.57037,101841249424.31699
2020-01-15,0.9498966013154434,1.56868373,160039732750.46997,102021669307.72589
2020-01-16,0.9205314227066802,1.55078627,158372266764.6234,102123851512.19028
2020-01-17,0.9761462848332108,1.58368313,161911295166.55798,102237178700.36159
2020-01-18,0.9797728975990364,1.58583813,162210132689.5925,102286689682.25182
2020-01-19,0.9080338928354164,1.54314165,157851016737.10883,102291981255.97144
2020-01-20,0.8926694304382538,1.53413892,156938999926.55887,102297776218.7005
2020-01-21,0.9198723135967962,1.5503965,158674938268.75873,102344747468.63704
2020-01-22,0.894740075312155,1.53544323,157183956412.81653,102370412231.27248
2020-01-23,0.8110330998317364,1.48547764,152083761530.03436,102380377485.88014
2020-01-24,0.8269870042039322,1.49494018,153136024721.92358,102436222379.09451
2020-01-25,0.8032314652263929,1.4807681,151723896967.7877,102462969703.21532
2020-01-26,0.8703859338853239,1.52095733,155904701538.4813,102504323075.57326
2020-01-27,0.965972549470464,1.5779271,161884843101.65765,102593360049.1795
2020-01-28,1.080470024501595,1.64585254,169092343462.29312,102738452779.18587
2020-01-29,1.081139611792631,1.64528656,169375757160.80072,102946052851.00046
2020-01-30,1.1358761659674554,1.67702648,172977064840.9766,103145100512.05428
2020-01-31,1.087529565050172,1.64732688,170235489635.29547,103340443054.80856
2020-02-01,1.093645178820659,1.650978,170700764231.1812,103393724344.71036
2020-02-02,1.080691408154275,1.64356756,169944201721.52515,103399583842.79935
2020-02-03,1.0614949241117884,1.6319591,168877320922.92273,103481343939.8835
2020-02-04,1.025679000707574,1.61069803,166741659168.92722,103521365310.74493
2020-02-05,1.1610522651136972,1.69086813,175251271661.8097,103645735910.70624
2020-02-06,1.1886556083480422,1.70571675,177290742754.4812,103939146258.88573
2020-02-07,1.1994477072231293,1.7097118,178418176338.2741,104355702720.34978
2020-02-08,1.229140558395751,1.72664271,180456453565.47943,104512909660.08795
2020-02-09,1.297139188316551,1.76640757,184841757420.96796,104642756609.65831
2020-02-10,1.2100245375539307,1.71346985,179781557317.70132,104922509910.34439
2020-02-11,1.323469652316218,1.7792319,187082260809.49307,105147766746.70293
2020-02-12,1.3462507033482105,1.79208365,188701754427.22528,105297403068.8943
2020-02-13,1.306906915807326,1.76851563,186449612688.87488,105427178321.78552
2020-02-14,1.3412357150060217,1.7883096,188764467553.96008,105554691175.37595
2020-02-15,1.2085930504298907,1.71075719,180586089679.5512,105559158678.47453
2020-02-16,1.2190309340726184,1.71695434,181338404100.27716,105616322971.21959
2020-02-17,1.1396738619580187,1.67061779,176456501278.73737,105623501877.55235
2020-02-18,1.2845419315003404,1.75425426,185809970500.2769,105919634762.79482
2020-02-19,1.1200498629037954,1.65794069,175633653604.36676,105934823039.0357
2020-02-20,1.113292940287106,1.65435215,175248312859.8305,105931686225.22751
2020-02-21,1.1378079337505824,1.66881312,176866847060.14252,105983614905.9893
2020-02-22,1.129061072382213,1.66379813,176400759691.95303,106022934219.76201
2020-02-23,1.2143496419001563,1.71384131,181844233521.0456,106103308666.91829
2020-02-24,1.1185012277738282,1.65765413,175938223869.06973,106136871790.66101
2020-02-25,1.027454039537175,1.60369037,170416481768.15714,106265202408.2162
2020-02-26,0.8694913295110331,1.51151916,160484737731.94965,106174464723.25871
2020-02-27,0.8644551517153637,1.50901158,160138648318.09406,106121550318.45021
2020-02-28,0.8561721634265803,1.50435395,159637227806.11615,106116800375.41441
2020-02-29,0.8072756730460363,1.47581569,156578133370.52316,106095994527.96384
2020-03-01,0.7957872024352879,1.46928146,155861469107.4843,106080062500.40364
2020-03-02,0.9008375028707134,1.53109223,162527997441.39096,106151670197.81097
2020-03-03,0.8600437883263974,1.50704354,160037302982.88947,106192886094.64427
2020-03-04,0.8603320915134419,1.50859699,159828523652.16946,105945142878.86089
2020-03-05,0.9487766161053516,1.56090164,165436849061.72723,105988003870.45992
2020-03-06,0.9723330997117906,1.57478419,166996546604.07248,106044083795.42627
2020-03-07,0.8997688235122973,1.53210003,162472116275.45233,106045371120.74355
2020-03-08,0.6712519157065135,1.39731984,148087581459.68747,105979731497.75607
2020-03-09,0.612048252239311,1.36296685,144208663316.8568,105804967535.97258
2020-03-10,0.6176937699621144,1.3667676,144469037207.9867,105701245191.93073
2020-03-11,0.6303945102009657,1.37532279,145018062262.11853,105442928246.77074
2020-03-12,-0.20152673012795883,0.87746909,90594963612.14102,103245760613.791
2020-03-13,0.003772029882652586,1.00230839,102813464913.33212,102576677935.75201
2020-03-14,-0.13123378178619424,0.91943052,94006442635.74617,102244205071.35892
2020-03-15,-0.06729326291828495,0.9586443,97914100475.66948,102138092800.08182
2020-03-16,-0.161154275237297,0.9005596,91605131343.43858,101720231890.74724
2020-03-17,-0.0410114606347742,0.97465625,98992911188.38045,101566999840.59041
2020-03-18,-0.04691888750666762,0.97098752,98556166961.53716,101500961579.33849
2020-03-19,0.18795388174371971,1.11612479,113387926283.63892,101590724710.66512
2020-03-20,0.18218937036801033,1.11275432,112858928752.33304,101423042556.53937
2020-03-21,0.18286194317446172,1.11317824,112899238722.37125,101420630286.81844
2020-03-22,0.08271948383336775,1.05120625,106596676162.61998,101404149911.22816
2020-03-23,0.27323504819883737,1.16908967,118596229879.9552,101443227943.28958
2020-03-24,0.3545253635114512,1.21902362,123885010000.73076,101626422957.03078
2020-03-25,0.3301960286927103,1.20405859,122336819602.86874,101603709835.14078
2020-03-26,0.34861386564864366,1.21539093,123529655865.11256,101637796379.73154
2020-03-27,0.27292192523514774,1.168733,118720168235.13582,101580231100.80388
2020-03-28,0.19842321096491375,1.12273873,113993881635.10356,101531975863.25677
2020-03-29,0.10479812651102755,1.06488351,108024157456.33168,101442229541.4563
2020-03-30,0.26017946665023284,1.16111925,117769335877.16364,101427425199.57672
2020-03-31,0.2596468748299825,1.16086021,117699377550.73596,101389793996.58806
2020-04-01,0.32565045715106156,1.20232747,121567948718.78664,101110514191.93362
2020-04-02,0.3691204994637064,1.2293196,124319187619.56122,101128451559.35138
2020-04-03,0.3574130301552296,1.22207588,123582890115.26344,101125381932.30968
2020-04-04,0.38876701665040575,1.24154011,125574707299.76088,101144301572.15047
2020-04-05,0.3685477905816491,1.22896481,124323256506.53989,101160957168.93626
2020-04-06,0.5137608609074376,1.31870276,133623484237.36052,101329494629.52554
2020-04-07,0.48212271119977085,1.29919781,131613942980.88837,101304006185.85431
2020-04-08,0.5349228669257987,1.33180003,135007499015.4844,101372200010.75117
2020-04-09,0.5134380596208306,1.3184332,133691736771.83572,101401979843.82956
2020-04-10,0.3917600599652837,1.24393645,125651576499.1472,101011250614.24738
2020-04-11,0.39870459798132707,1.24828502,126093134474.85796,101013095931.29457
2020-04-12,0.42642575245327896,1.26554137,127855655280.20236,101028428079.12503
2020-04-13,0.39333838133627747,1.24500204,125761756556.48576,101013293565.75655
2020-04-14,0.3969524771402327,1.24727346,125995393496.61522,101016655558.9303
2020-04-15,0.32495939052531353,1.20252464,121426948476.36131,100976682254.39548
2020-04-16,0.47072616231193476,1.29329091,130646764661.29407,101018853261.16927
2020-04-17,0.45713819928473043,1.28483033,129807584723.91763,101030915672.66913
2020-04-18,0.5095075656015753,1.31739282,133147082134.64836,101068625935.46574
2020-04-19,0.4767370071337438,1.29699559,131097348953.0472,101077713728.42308
2020-04-20,0.3913571344458335,1.24397211,125666280331.4737,101020175067.64978
2020-04-21,0.3967306317223949,1.2473842,125993555759.75612,101006214251.9972
2020-04-22,0.4700096164440972,1.29301523,130649148893.33508,101042235127.68298
2020-04-23,0.5747061121237863,1.35798226,137355657612.58064,101146871839.53394
2020-04-24,0.578854792886518,1.3603772,137696355773.91336,101219246966.14539
2020-04-25,0.5875333364362009,1.36573263,138283235766.52548,101252055291.76343
2020-04-26,0.6295633302540745,1.39182404,140980890871.95996,101292179772.92587
2020-04-27,0.6534455434083586,1.40592618,142708646056.54214,101505077639.66821
2020-04-28,0.650714427538512,1.40416612,142584301338.06653,101543755619.2187
2020-04-29,0.926597884813071,1.57124906,160803082691.93655,102340925309.40738
2020-04-30,0.8905651719042922,1.54783671,158809421388.64795,102600888299.54677
2020-05-01,0.9466102997349656,1.58149669,162553244139.45322,102784435255.09573
2020-05-02,0.9802778370755353,1.60183196,164804644177.09622,102885101741.31888
2020-05-03,0.9555215204690524,1.58639791,163345766860.5667,102966453643.7562
2020-05-04,0.9495637957848364,1.58241067,163090820830.57187,103064788377.95746
2020-05-05,0.9781044126754826,1.59959352,165016848605.14212,103161738617.9097
2020-05-06,1.0554993933914592,1.64574813,170193754397.31735,103414217093.66751
2020-05-07,1.2544347359457635,1.76246608,183563057935.82147,104151257161.11453
2020-05-08,1.2113561746740091,1.73504927,181110769243.21515,104383646259.92157
2020-05-09,1.1289723767498123,1.68527866,175947135264.4346,104402399104.98517
2020-05-10,0.8797498758466683,1.53444392,160124072157.514,104353160171.21956
2020-05-11,0.8454815113563794,1.51427708,157872468635.6263,104255998271.87921
2020-05-12,0.9105025759781907,1.55398556,162025896130.1576,104264737267.02942
2020-05-13,1.05370722577028,1.64026769,171326433776.82504,104450288706.7324
2020-05-14,1.1888025994853424,1.72149026,180122509712.8674,104631733270.95525
2020-05-15,1.0506131182070724,1.63770129,171411642923.92416,104665999819.73767
2020-05-16,1.0694982942548195,1.64923495,172679781082.16855,104702960049.54816
2020-05-17,1.1509150103349082,1.69855053,177961786342.58984,104772736047.24014
2020-05-18,1.160043999872432,1.7030904,178784109758.02524,104976288844.1067
2020-05-19,1.1650345747786368,1.70545218,179293853008.8648,105129803761.99396
2020-05-20,1.0953142907092042,1.66337697,174916798054.94452,105157640877.368
2020-05-21,0.9668727773092114,1.58611169,166709322797.2722,105105664278.45454
2020-05-22,0.9932649618046605,1.60231403,168425526445.20764,105113931034.60976
2020-05-23,0.9987251909604693,1.60568496,168833981124.71753,105147638129.90907
2020-05-24,0.8900486804485152,1.54008682,161901602383.70032,105124984047.13335
2020-05-25,0.9204088356908215,1.55903037,163801506583.1173,105066270507.04427
2020-05-26,0.8989750376530226,1.54624899,162446796724.567,105058627540.03609
2020-05-27,0.9936588457948619,1.60359036,168594311360.4419,105135523114.79466
2020-05-28,1.1069513660466734,1.67222784,175942441112.01053,105214395373.30663
2020-05-29,1.0666383083576334,1.64770853,173451927876.11584,105268574337.06181
2020-05-30,1.13989034948486,1.69215433,178229021212.69913,105326693938.54823
2020-05-31,1.0652461999875005,1.64704955,173498114784.08786,105338734213.60509
2020-06-01,1.2788452541019841,1.77456298,187579162621.12015,105704426799.84238
2020-06-02,1.0815852918706228,1.65555855,174955641656.20303,105677713214.19168
2020-06-03,1.1172462164116939,1.67699652,177353695666.68335,105756746392.4632
2020-06-04,1.1641045539770623,1.70498933,180509824980.4644,105871527642.03186
2020-06-05,1.1141571259002525,1.67491159,177366559896.12006,105896072936.07661
2020-06-06,1.1207699245192504,1.67895972,177871013185.53003,105941203393.21187
2020-06-07,1.1423345009946815,1.69210512,179332370530.26468,105981814256.47166
2020-06-08,1.1451830932400546,1.6929366,179742635817.0348,106172101079.88379
2020-06-09,1.1464711853833824,1.69357425,179937869950.94925,106247405421.37392
2020-06-10,1.1760017225946433,1.71128591,181953971577.1867,106325874895.55542
2020-06-11,1.0018249356705016,1.60651966,170722019602.6722,106268241748.54617
2020-06-12,1.052014494480028,1.63695561,174020249655.49988,106307250234.7818
2020-06-13,1.0527879510276454,1.63756141,174124777106.15344,106331754059.93076
2020-06-14,1.0183773297117875,1.61687359,171956092423.66223,106350980984.025
2020-06-15,1.0454403593796813,1.63326898,173775784553.95013,106397529544.67435
2020-06-16,1.0666289545816965,1.64602728,175233403355.5358,106458383457.37247
2020-06-17,1.045623748785318,1.63347313,173927344699.74097,106477016061.92993
2020-06-18,1.0243753917177019,1.61930293,172853988352.52893,106745924527.24638
2020-06-19,0.9945001012891763,1.601515,170947837087.2992,106741327485.09955
2020-06-20,1.0140634863296945,1.61343538,172268442692.22974,106771206846.98865
2020-06-21,0.9926783489060533,1.6005863,170941759573.137,106799464404.4729
2020-06-22,1.1045854427256023,1.66795041,178312062949.33447,106904894702.07599
2020-06-23,1.0825249686617748,1.65453862,176979435527.31827,106966034753.13152
2020-06-24,0.9922103005063303,1.60043802,171117809729.41803,106919360569.43839
2020-06-25,0.9791243953571905,1.59283584,170282202496.18005,106905054632.73607
2020-06-26,0.9496290645565526,1.57369557,168676929867.51587,107185235240.58461
2020-06-27,0.9047414811345021,1.5467905,165788426484.10727,107182211478.61153
2020-06-28,0.9344159650753253,1.56486434,167747274213.1566,107196048836.5123
2020-06-29,0.9552951162797982,1.57752462,169158669350.11176,107230446489.07715
2020-06-30,0.9427955455839762,1.56990039,168425183323.96924,107283993555.77538
2020-07-01,0.9696736853430318,1.5861884,170228061576.57693,107318942426.11845
2020-07-02,0.9277630777748802,1.56106575,167530480365.48853,107318016787.88258
2020-07-03,0.9194928484506605,1.5561961,167029509726.42023,107331916412.3469
2020-07-04,0.9358665276460524,1.56620843,168135124719.26672,107351691830.22896
2020-07-05,0.9222964150952061,1.55815127,167285746564.34164,107361685469.94904
2020-07-06,0.9946381452188898,1.60183713,172072688838.19153,107422087811.25677
2020-07-07,0.9694245045712413,1.58667765,170482981402.3037,107446513412.66685
2020-07-08,1.018338304112294,1.61561301,173853010956.3395,107608078098.07097
2020-07-09,0.9601514608853374,1.58050888,170120535332.4796,107636557747.45132
2020-07-10,0.9747200915132205,1.58940706,171119820222.7931,107662677818.22554
2020-07-11,0.9606515485076575,1.58104284,170243300036.21756,107677853963.9176
2020-07-12,0.9747675472750533,1.58969582,171209151295.98776,107699315266.48146
2020-07-13,0.9594581093219121,1.58057885,170250451857.34445,107713988364.03793
2020-07-14,0.9649849508877576,1.58381858,170696262854.64993,107775135997.36273
2020-07-15,0.9460585763921673,1.57234112,169531276215.83417,107820926425.83447
2020-07-16,0.9275639590710402,1.56130786,168356814754.77936,107830632937.9392
2020-07-17,0.9339762403906362,1.56536628,168803722440.9125,107836564897.07475
2020-07-18,0.9390009183563991,1.56854068,169169500525.0169,107851522553.44562
2020-07-19,0.9503532826296424,1.57544863,169968646771.39542,107885870433.86836
2020-07-20,0.9354171115702308,1.56656719,169024417398.20532,107894776858.05824
2020-07-21,0.9967519877758442,1.6036542,173113620548.55356,107949469747.62611
2020-07-22,1.0352647962781198,1.62670582,175753097015.691,108042336146.36665
2020-07-23,1.0555887827729722,1.6387837,177197885133.97803,108127683436.1838
2020-07-24,1.0373245791252164,1.62771038,176081404997.34537,108177355849.59862
2020-07-25,1.0794473137290785,1.6530963,178936500441.52332,108243240542.92741
2020-07-26,1.1428807939304606,1.69125357,183214872171.02325,108330811784.19818
2020-07-27,1.4476771193159292,1.87222939,203745302795.425,108824967647.48735
2020-07-28,1.4132406332790524,1.84950049,201875831190.2685,109151542420.1204
2020-07-29,1.4572407284726805,1.87484925,205043166412.04987,109365148377.6895
2020-07-30,1.4587730625032478,1.87475515,205414465076.5148,109568689584.08505
2020-07-31,1.511415575276506,1.90517626,209166479251.11777,109788518596.76111
2020-08-01,1.6362535514248784,1.97908671,217651287744.11752,109975619887.88127
2020-08-02,1.4371255982497355,1.8599879,204681196754.4121,110044370049.08049
2020-08-03,1.4705478076575962,1.87772343,207313812355.99893,110407000862.74097
2020-08-04,1.4586614968395035,1.87038652,206706903819.03012,110515608195.80229
2020-08-05,1.5976757079005026,1.95126913,216288798767.41125,110845190672.08902
2020-08-06,1.603224976269753,1.95155359,217183602498.0373,111287542197.61769
2020-08-07,1.5495371973140344,1.91764781,214051270852.34103,111621784634.3438
2020-08-08,1.5850350215037858,1.93742923,216719847497.1544,111859490990.10672
2020-08-09,1.5643303789425567,1.92470744,215577945675.7649,112005565726.79166
2020-08-10,1.6135817720091208,1.95320633,219092059149.64685,112170463398.83961
2020-08-11,1.477119573313806,1.87194792,210285619725.4452,112335187041.65936
2020-08-12,1.5250076155367531,1.89982911,213672365984.7056,112469255713.58658
2020-08-13,1.576181849350478,1.92924287,217336876532.05075,112653974215.31004
2020-08-14,1.5727829179244364,1.9265623,217366890107.603,112826296926.70877
2020-08-15,1.5956819623722829,1.93989709,219086138168.21063,112936989955.59122
2020-08-16,1.6021493224934806,1.94366153,219701746156.3508,113034982050.78474
2020-08-17,1.7099290748757516,2.00437877,227394137696.7252,113448685996.9711
2020-08-18,1.6176893741359681,1.95013602,221439640459.05893,113550869369.13197
2020-08-19,1.5448115817095676,1.90751141,216725667041.4704,113616970208.04211
2020-08-20,1.5779303335403105,1.92666487,219149394201.68213,113745466382.89104
2020-08-21,1.4809175923250408,1.86965642,212829910158.46448,113833701145.18927
2020-08-22,1.522563227689316,1.89433444,215750103401.7776,113892298448.51344
2020-08-23,1.5162849610005136,1.89095764,215453504048.67047,113938831569.31557
2020-08-24,1.5424986506150171,1.90603293,217418476236.22745,114068583398.62335
2020-08-25,1.4271495655802322,1.83853818,209800287564.57504,114112554118.71568
2020-08-26,1.4563276778834058,1.8556766,211908661338.8008,114194823246.03372
2020-08-27,1.4115270611115656,1.82960462,209010787351.93704,114238226700.55186
2020-08-28,1.4671849794461385,1.86186629,212961048996.42532,114380420409.47275
2020-08-29,1.4557954348316129,1.85563351,212285783092.42407,114400705715.01161
2020-08-30,1.5104627247105606,1.88762446,216141703644.11383,114504610543.19768
2020-08-31,1.5015690498715473,1.88187726,215771551563.05804,114657611391.22221
2020-09-01,1.5767777388159852,1.92471346,221178432036.76083,114914992092.77667
2020-09-02,1.4229548460531565,1.83478767,210918284052.1679,114955145764.72377
2020-09-03,1.109305110001022,1.65212902,189620855868.04953,114773636666.73534
2020-09-04,1.1659842678741124,1.68560929,193518977097.63437,114806543987.20973
2020-09-05,1.0725660076820391,1.63131545,187183394233.4417,114743837087.69614
2020-09-06,1.1062072764731146,1.65140122,189496729938.0876,114749055313.2131
2020-09-07,1.137247903919303,1.67005527,191625655656.81183,114742104108.21423
2020-09-08,1.0666143375455808,1.62894233,186843957815.11063,114702622906.9206
2020-09-09,1.097626568042276,1.64757745,188969405737.1191,114695309611.76915
2020-09-10,1.127352057223455,1.66531058,191040993379.8496,114717936506.38405
2020-09-11,1.1412023480184925,1.67381361,192018408644.76068,114719110597.24307
2020-09-12,1.1543558541876977,1.68190081,192953023670.09015,114723188503.66103
2020-09-13,1.1226081935935233,1.66341746,190847509504.39935,114732178838.85826
2020-09-14,1.2139196724678116,1.71735678,197148942307.1638,114797894417.23564
2020-09-15,1.2437975874667047,1.7348274,199316464218.54663,114891235991.86101
2020-09-16,1.2923493868149345,1.76292263,202820681601.6072,115047976666.79633
2020-09-17,1.2818979582082466,1.75667708,202240606289.0171,115126797401.49913
2020-09-18,1.2754885735272976,1.75269523,201952658938.4508,115224059198.50127
2020-09-19,1.315003667988096,1.77573693,204804828423.61197,115335118036.66321
2020-09-20,1.272265094963274,1.75066035,201992962103.4836,115381011572.85228
2020-09-21,1.1461194879192926,1.67690819,193386546243.5811,115323276132.11853
2020-09-22,1.1615174891160527,1.68568673,194587288925.38617,115435024469.45535
2020-09-23,1.0841762885359674,1.64062817,189296198403.34613,115380317042.43266
2020-09-24,1.2196350037101111,1.72053475,198660661113.4665,115464486325.23494
2020-09-25,1.2030554606098833,1.71066582,197646881316.5258,115537984687.46268
2020-09-26,1.2176382565183521,1.71935636,198737347444.74127,115588223633.13983
2020-09-27,1.2212255137457866,1.72167524,199058270210.58435,115618942287.0392
2020-09-28,1.2116958511627325,1.71621999,198485049767.5505,115652451855.8664
2020-09-29,1.238912575617294,1.73140353,200599609229.0116,115859535777.3191
2020-09-30,1.2192495912598567,1.71995233,199337235088.72717,115896953428.19598
2020-10-01,1.1739609063991405,1.69356781,196278618504.30948,115896521736.74078
2020-10-02,1.1633059859812434,1.68748627,195611944028.46317,115919132206.31013
2020-10-03,1.1587686217800557,1.68506329,195355412926.41483,115933575958.68985
2020-10-04,1.1874573683490217,1.70216949,197400118730.0376,115969719754.54549
2020-10-05,1.214864418971331,1.71835152,199390223520.62772,116035759389.10783
2020-10-06,1.1666643816332458,1.69012311,196136406784.5261,116048591741.06322
2020-10-07,1.184195976130764,1.70039927,197457351293.61536,116124109659.03047
2020-10-08,1.2455085733997933,1.73638098,201824607685.06384,116232906262.92384
2020-10-09,1.2892066567397678,1.76179817,205010561255.28888,116364385402.49413
2020-10-10,1.3489022387798757,1.79700041,209255428096.9055,116447067531.22304
2020-10-11,1.3671898734574708,1.80770338,210661427269.15652,116535394910.39539
2020-10-12,1.4103426358515185,1.83284911,213822180181.52505,116661092838.96538
2020-10-13,1.3777814909724122,1.81348383,211733795569.96,116755270748.65619
2020-10-14,1.3704520882242879,1.80880169,211413713271.8805,116880537231.18785
2020-10-15,1.3908557081974766,1.82050458,213007298065.68048,117004538415.2126
2020-10-16,1.3456979267112856,1.7940757,209988812323.3502,117045681140.07129
2020-10-17,1.3508295969247104,1.79732641,210440997243.65863,117085575593.17155
2020-10-18,1.3833041553402197,1.81665683,212798348506.64096,117137339861.0683
2020-10-19,1.4459569820817972,1.85166488,217552387640.84076,117490151695.72194
2020-10-20,1.4908409265734839,1.87699868,220964546714.08163,117722270701.90674
2020-10-21,1.728275084380144,2.013415,237997872158.0872,118206068872.08408
2020-10-22,1.7525673580542755,2.02018679,240769151101.22614,119181628299.4436
2020-10-23,1.7351596777320333,2.00849858,239963373092.9489,119474006843.9326
2020-10-24,1.7726986182890176,2.02902772,242947944356.6773,119736138625.38914
2020-10-25,1.7500521943487843,2.01568826,241619421843.6139,119869439455.68938
2020-10-26,1.7570200187957266,2.01954164,242351238993.11288,120003090895.9683
2020-10-27,1.9070621121508304,2.10370037,253381084990.52963,120445424930.22885
2020-10-28,1.7996538536973181,2.04049323,246252469508.29257,120682816236.68634
2020-10-29,1.842523940161294,2.06357066,249687307271.2864,120997701756.08449
2020-10-30,1.8721465835100897,2.0801745,252069964041.1888,121177316634.34428
2020-10-31,1.9210284896707615,2.10747626,255858690808.36392,121405254077.86275
2020-11-01,1.8975383042679992,2.09316771,254566075299.39197,121617620070.86952
2020-11-02,1.8534869147629662,2.06586073,251954997135.1448,121961269448.76135
2020-11-03,1.9310560390758782,2.09497527,259405133239.1944,123822527623.05609
2020-11-04,1.9584018955523175,2.10823433,261869847340.3332,124212875017.70886
2020-11-05,2.3284246296029965,2.30749272,289264831869.5576,125358935853.78577
2020-11-06,2.320581000244637,2.29919169,289511558679.5521,125918843539.1188
2020-11-07,2.119040820360721,2.18711473,275574713602.1555,125999203344.1042
2020-11-08,2.2740002641720607,2.26976446,287333823623.85486,126591912371.31929
2020-11-09,2.219145492222069,2.23751677,284011407032.1132,126931521068.38208
2020-11-10,2.211948533221341,2.23228692,284015391004.3896,127230683681.28484
2020-11-11,2.3111864087042555,2.28563276,291667576115.5471,127609116048.69853
2020-11-12,2.445404465134003,2.35643005,302040192101.93146,128177024436.57576
2020-11-13,2.44620389836834,2.35455292,302800641127.13446,128602181142.36925
2020-11-14,2.380314585558492,2.317866766319,298586257209.3901,128819422042.78394
2020-11-15,2.345024315400981,2.29883051,296464022985.17487,128962975606.7466
2020-11-16,2.531382102182522,2.39979607,310505840495.72095,129388427782.41609
2020-11-17,2.757394675143862,2.51738625,327939414604.2494,130269804486.3991
2020-11-18,2.7660306921797724,2.51023261,330230533165.07886,131553757946.3916
2020-11-19,2.758700141354856,2.504430386254,330505057657.63434,131968155102.92024
2020-11-20,2.951109980562444,2.596127396527,346200022367.58093,133352478322.40977
2020-11-21,2.947221121310329,2.589987418208,347013829881.6223,133982824565.88902
2020-11-22,2.880080444164201,2.55377715,342880566989.43976,134264090736.907
2020-11-23,2.838343029758307,2.52775968,340867272937.9125,134849556955.47469
2020-11-24,3.018203611346006,2.61774563,355298609040.9366,135726941903.41809
2020-11-25,2.904274220162277,2.555478063978,347861028434.87366,136123660515.15767
2020-11-26,2.479526096633516,2.326869284941,317546987940.7591,136469628954.17256
2020-11-27,2.4678411106954092,2.31953985,317338674284.2633,136811046503.15161
2020-11-28,2.623541987348757,2.40313103,329301680033.60706,137030264235.57397
2020-11-29,2.7274018410008023,2.45853128,337585701789.79,137311940887.64655
2020-11-30,3.0781411985203992,2.63721867,364945525705.5228,138382732481.38455
2020-12-01,2.8511801086170134,2.51290662,349303591166.3211,139003808731.38898
2020-12-02,2.934018350708779,2.55197705,356636727016.0429,139749190540.73895
2020-12-03,2.983509694650217,2.57495934,361396895344.4884,140350525047.31528
2020-12-04,2.7892637340427133,2.47230116,347727590891.8358,140649366071.50067
2020-12-05,2.8759758941177083,2.51909742,354829406548.3851,140855769900.469
2020-12-06,2.9272052454283215,2.54722977,359332231927.7029,141067851891.39136
2020-12-07,2.8727179459707335,2.51748691,356117524229.7686,141457547530.90994
2020-12-08,2.655907573546823,2.40341294,340517159295.926,141680671527.0186
2020-12-09,2.699594702837743,2.422360712922,344872497185.5556,142370413847.05637
2020-12-10,2.622737892164118,2.38235433,339691449525.13635,142586451245.95566
2020-12-11,2.557456152223207,2.34803699,335379162360.3685,142833849632.14252
2020-12-12,2.7317356411422447,2.43833504,349349325775.85046,143273717534.6709
2020-12-13,2.7960990363999376,2.46411643,355733532179.7954,144365553449.02896
2020-12-14,2.81726856698795,2.474236613553,358177564948.9231,144762858566.94226
2020-12-15,2.840293299284849,2.48407194,360902935454.3275,145286829114.2677
2020-12-16,3.286105752362254,2.70395115,396917110350.8976,146791524081.67493
2020-12-17,3.5910739470922453,2.838980097189,423282074598.6717,149096527664.2066
2020-12-18,3.6090189180576107,2.82221791,428124525372.75903,151697898257.88437
2020-12-19,3.7825636898342263,2.906877174893,443156630306.5704,152451102555.74615
2020-12-20,3.6802175322675437,2.850832494921,437081860159.9275,153317271687.70032
2020-12-21,3.5183754297390166,2.76690892,426120094395.11053,154005826254.34253
2020-12-22,3.6791780583027163,2.831513764707,441365046263.01465,155876002357.5892
2020-12-23,3.541567558351776,2.75180066,433034297725.00934,157363977710.87436
2020-12-24,3.6067688140215592,2.77320466,440491441936.2526,158838418343.14984
2020-12-25,3.816443092234708,2.87742129,458379042147.35565,159302026345.73392
2020-12-26,4.214184958175081,3.06732801,492013050503.56146,160404446117.11462
2020-12-27,4.167474128688244,3.033869719213,491160219103.0907,161892323850.51126
2020-12-28,4.2452439651944776,3.03336124,502494772100.1416,165656093139.81396
2020-12-29,4.238936523497331,3.00690895,506086032710.1856,168307734329.69614
2020-12-30,4.568840569539894,3.14848763,536101921073.2669,170272837017.07504
2020-12-31,4.569996872973146,3.140996404211,539441388030.4845,171742122119.99936
2021-01-01,4.607215268798321,3.145922773591,546123272590.4994,173597164296.28436
2021-01-02,5.14150420456323,3.36183826,595262299159.9148,177064526346.34326
2021-01-03,5.3563405554539125,3.43360474,618626936448.978,180168360452.86273
2021-01-04,4.9646255799505195,3.2392637,591228627330.577,182519449506.55826
2021-01-05,5.392069455293255,3.40781574,632366860903.1603,185563689221.98834
2021-01-06,5.893890514358669,3.60095708,681305813105.2504,189201314530.87198
2021-01-07,6.3442465853379195,3.742047073313,729174942657.4891,194859906455.4039
2021-01-08,6.565412619601931,3.78863874,758214680099.2676,200128524288.7179
2021-01-09,6.380190038541839,3.6883279,750723981944.456,203540466655.488
2021-01-10,5.874422295598376,3.47615243,712801739056.71,205054799353.75272
2021-01-11,5.167303717110486,3.17723254,655932811964.7596,206447845320.36792
2021-01-12,4.797567098708359,3.024579234512,627006493875.7682,207303709131.27438
2021-01-13,5.501577995705835,3.31893271605,693700965812.7666,209013265758.02628
2021-01-14,5.802416069790623,3.43968572,726267001112.6581,211143418391.33435
2021-01-15,5.266048281429283,3.21691863,682866609536.3408,212273510174.65457
2021-01-16,5.115456038124341,3.16002808,672984205338.4072,212967792785.6917
2021-01-17,5.0558027216726895,3.14208979,671017747596.7164,213557788746.93344
2021-01-18,5.1168527257332626,3.16789734,680805649185.9204,214907737251.96548
2021-01-19,5.0085567241023075,3.12779915,674436786184.2588,215626628770.0279
2021-01-20,4.825749628323455,3.05640832,660799562908.8003,216201336249.73257
2021-01-21,3.904314844186544,2.671999724485,577236765327.8912,216031745826.30154
2021-01-22,4.274665626523246,2.83570647,613799933930.6252,216453973788.9815
2021-01-23,4.064077538048488,2.75080418,596151049200.8364,216718824820.46994
2021-01-24,4.080036194478992,2.763770318383,599525276803.4537,216922973959.07275
2021-01-25,4.099101699911767,2.777191691556,603342567061.9476,217249161768.8471
2021-01-26,4.120888650317582,2.79160837,607487059172.2292,217611849033.18985
2021-01-27,3.64763747007587,2.58416695,565048354264.0007,218657836431.19525
2021-01-28,4.232119655691882,2.83537151,623751131789.6173,219989207618.72836
2021-01-29,4.3236656204718615,2.87127647,635972641065.8976,221494742046.17346
2021-01-30,4.3318498375394565,2.878188037248,639422511060.5605,222161478953.2476
2021-01-31,4.076949959093373,2.77012967,617261741250.7816,222827742663.31784
2021-02-01,4.132944299260772,2.798474060738,624964623033.4149,223323357468.8208
2021-02-02,4.486977216610677,2.95247741,662713622887.4319,224460184061.9779
2021-02-03,4.826452413427637,3.10161426,699653042694.9592,225577065374.6476
2021-02-04,4.7021985897435785,3.046232040351,691327294031.8641,226945053716.98685
2021-02-05,4.827681686405333,3.09428668,708426864829.8851,228946745435.32764
2021-02-06,5.029440466055519,3.18428793,732604037089.1453,230068402479.27747
2021-02-07,4.92627621257066,3.141200247585,726334667736.0048,231228387395.6846
2021-02-08,6.158306428971736,3.65741696,858953685019.9965,234852546049.3289
2021-02-09,6.138966178944694,3.61855022,866933160142.6617,239580248285.9176
2021-02-10,5.801496435231038,3.46683384,839594904533.2678,242179159221.9106
2021-02-11,6.232996340849633,3.64585169,892058461589.6199,244677660376.6951
2021-02-12,6.091584254255074,3.57975153,885253081022.2079,247294560419.4512
2021-02-13,5.981944407611315,3.54773666,879402263106.5962,247876983943.50278
2021-02-14,6.2058671226594315,3.65475277,909647017116.4133,248894268466.86905
2021-02-15,6.005692104696519,3.56148121,896287524856.9435,251661449831.69614
2021-02-16,6.117291690201358,3.6125173,915516034419.288,253428830477.6528
2021-02-17,6.559411901234483,3.79432537,973028220227.9847,256443010375.77722
2021-02-18,6.377373783037594,3.70969063,962361657680.0498,259418305639.1551
2021-02-19,6.9506022859201995,3.90986635,1040119985987.2585,266024434821.7321
2021-02-20,6.866421494737473,3.87796973,1040940814716.2908,268424172232.07434
2021-02-21,7.043121685864601,3.95810037,1071530978098.8726,270718495725.987
2021-02-22,6.386607995720159,3.68695731,1005448041778.174,272704009631.7725
2021-02-23,5.451447240953892,3.28933195,905007959206.9448,275134274364.41766
2021-02-24,5.553963493823022,3.32994398,923821685553.8049,277428596727.86597
2021-02-25,5.185979886668512,3.17682646,886607289246.5886,279085842557.0368
2021-02-26,4.926699936230629,3.06572143,861739395614.1508,281088616591.67474
2021-02-27,4.839917922063471,3.04478896,854379730435.3794,280603924166.67834
2021-02-28,4.735140235884025,3.00886446,845561698558.5696,281023525585.6522
2021-03-01,5.351015298141936,3.269931,925293484700.9192,282970339343.833
2021-03-02,5.103665626364653,3.17061495,900547396139.7251,284029253107.4217
2021-03-03,5.424690959951377,3.3135168,945073444270.1715,285217640746.5843
2021-03-04,5.048703382084388,3.161905493951,903765934807.9712,285829521640.3381
2021-03-05,5.058441133680898,3.17106851,909927285417.9523,286946586788.80206
2021-03-06,5.048633937617635,3.175929809802,913138122157.5786,287518357408.06476
2021-03-07,5.326236207656888,3.30549961,952640081754.0468,288198515852.81134
2021-03-08,5.4249114279043855,3.35002291,971375568436.1802,289960873263.45483
2021-03-09,5.760650527747942,3.49855563203,1020854485706.3766,291793126386.2843
2021-03-10,5.902172042176235,3.56293331,1046585269945.1644,293742593218.83417
2021-03-11,6.079336556450175,3.63177042,1078920786628.1328,297078466382.8318
2021-03-12,5.9392640546242985,3.570586382096,1069413682211.764,299506458539.7311
2021-03-13,6.433757958568482,3.78957634,1143221861398.156,301675374455.7514
2021-03-14,6.172692844901751,3.68484058,1117480223465.9624,303264198058.1864
2021-03-15,5.587703560395104,3.43735753,1046936085343.0632,304575848222.30096
2021-03-16,5.588851407747648,3.44231318,1054064969221.1396,306208329720.0575
2021-03-17,5.834700656274236,3.55383882,1094833523737.9852,308070674892.8994
2021-03-18,5.65564529407815,3.48651656,1077134892562.373,308943001998.06683
2021-03-19,5.668299681361947,3.50341884,1085335421881.5612,309793225260.3748
2021-03-20,5.631729421841852,3.49731896,1086879746950.0336,310775127856.8065
2021-03-21,5.479894321714108,3.440164039174,1072009014284.5457,311615667763.89545
2021-03-22,5.040070379647789,3.25092326,1016175922879.4512,312580716802.1097
2021-03-23,5.010259341286199,3.23614304,1018292446531.0492,314662372442.9218
2021-03-24,4.716706402561721,3.11041886,981610902742.6876,315588011430.29584
2021-03-25,4.545856926421419,3.03612207,962095893978.6096,316883139675.1481
2021-03-26,4.93346339057587,3.20883079,1023188726799.0096,318866526084.1036
2021-03-27,5.05329737792948,3.26897077,1045679651161.9392,319880391944.263
2021-03-28,4.979928619559742,3.24472988,1040008229552.0004,320522283214.52765
2021-03-29,5.177869687223326,3.33795673,1074749924159.922,321978387107.4692
2021-03-30,5.2745115291710265,3.38330063,1095587035147.4468,323821958188.6363
2021-03-31,5.245873491871567,3.375535019449,1097654385790.0288,325179380295.4539
2021-04-01,5.2028490488478445,3.35598363,1098207717359.3289,327238699123.01355
2021-04-02,5.188149712600913,3.35413045,1102228015142.824,328618111780.00665
2021-04-03,4.93879407143667,3.25187507,1069615151362.5052,328922584151.58154
2021-04-04,5.019983797796345,3.298301283114,1086843565004.3844,329516157474.3321
2021-04-05,5.052407397033777,3.32023402,1097239539433.6884,330470542987.114
2021-04-06,4.90596141208288,3.22914317,1084746506903.4188,335923943224.6725
2021-04-07,4.655013539591482,3.12214094,1050864084696.7625,336584447945.1214
2021-04-08,4.827575961368802,3.2057806,1082597392462.6053,337701648223.4016
2021-04-09,4.807060322882729,3.203576140634,1084303948234.4208,338466732374.84937
2021-04-10,4.960311080508171,3.27565104,1114243840831.5618,340159506377.56635
2021-04-11,4.960465583499348,3.28353702,1119553954624.0093,340959747919.64105
2021-04-12,4.919751745536077,3.26759859,1119103609635.15,342485032604.67804
2021-04-13,5.288526739560253,3.43453079,1185285134032.0027,345108315081.37463
2021-04-14,5.171548871153584,3.37622405,1174574736641.0183,347895968764.57837
2021-04-15,5.1683142320462725,3.37419883,1181399636375.8345,350127451255.0982
2021-04-16,4.941233617050808,3.27664917,1150423144089.1687,351097442662.48944
2021-04-17,4.760833442716549,3.19962738,1126350100665.6367,352025397615.4051
2021-04-18,4.269887332075166,2.959841879616,1053684397565.066,355993475469.63135
2021-04-19,4.181400406971619,2.92575459,1042667048311.7,356375429393.6526
2021-04-20,4.234965034246515,2.95532944,1055348665899.2487,357100176926.2139
2021-04-21,3.9409769035138695,2.82653587,1009625741734.94,357195446359.20013
2021-04-22,3.681756941197367,2.70960708,969610235958.1946,357841638042.293
2021-04-23,3.563459778807406,2.65915763,952325970164.5905,358130695006.8208
2021-04-24,3.4722662486298725,2.61911452,939756772128.2931,358807056717.8915
2021-04-25,3.313216451564673,2.54988868,914885342157.6128,358794228678.8821
2021-04-26,3.8465745243510665,2.79947785,1008313501251.2382,360179131708.87854
2021-04-27,3.9411137550150075,2.84255929,1028618591575.4897,361863548526.1909
2021-04-28,3.8955606640391407,2.82520447,1024187402746.428,362517974759.69165
2021-04-29,3.7401214334196853,2.75289848,1001416180883.3396,363767929750.66034
2021-04-30,4.167806866131269,2.9509244,1079506639631.2823,365819822300.8635
2021-05-01,4.159644619862218,2.95232813,1081840491823.9226,366436400083.9983
2021-05-02,4.000133639247994,2.88247785,1057768979625.265,366965171866.0267
2021-05-03,4.050548523451639,2.90918692,1070367974740.327,367926848351.2662
2021-05-04,3.655395251388713,2.72676307,1004629436534.239,368432977396.2499
2021-05-05,4.020621455642636,2.90068009,1072339978638.4128,369685710028.9239
2021-05-06,3.907889147827528,2.845644398322,1057165033263.2084,371502860261.31384
2021-05-07,3.9658418257645334,2.86911512,1072444644671.5032,373789339157.4693
2021-05-08,4.0931716276420955,2.93389162,1098599047838.2188,374451135259.80176
2021-05-09,4.024494403200334,2.90472472,1090293033441.2048,375351586996.9271
2021-05-10,3.7566757186145527,2.78208874,1045734857476.9222,375881201214.6393
2021-05-11,3.8133531253805915,2.81280636,1059061727701.456,376514268014.3314
2021-05-12,3.2113091161345886,2.528710162627,953611860142.777,377113943004.08813
2021-05-13,3.0358371784779576,2.4489477,923658096009.8989,377165300839.17224
2021-05-14,3.0919713093830903,2.47934018,935464104038.4888,377303651828.24115
2021-05-15,2.7803084823267534,2.33381396,880315632142.708,377200431238.6185
2021-05-16,2.6691199431455614,2.2838578,861166199739.012,377066470486.4778
2021-05-17,2.4091451748422386,2.16428882,813856084507.0173,376038575344.58704
2021-05-18,2.334830887342197,2.13179763,800735611047.6814,375615208394.6549
2021-05-19,1.8181802010904262,1.88892076,704442601059.3656,372933908068.9471
2021-05-20,2.143374993667686,2.05205637,763549093519.3398,372089726521.17737
2021-05-21,1.7747889646678585,1.87448768,695732487370.7543,371158741022.3759
2021-05-22,1.8240894868058584,1.90162942,704538961588.9666,370492249530.38776
2021-05-23,1.5317554999028067,1.75890282,650864282818.4021,370039933655.0055
2021-05-24,1.9172772743814086,1.94867935,723070720338.2714,371056798204.5232
2021-05-25,1.8808630217068814,1.93329011,716349841273.0485,370534063960.55505
2021-05-26,1.9710026581442077,1.97886373,733695914430.8075,370766265159.05035
2021-05-27,1.9009381601810458,1.94636165,720920116468.6366,370393712015.7688
2021-05-28,1.6074263323995637,1.80279078,666394144397.1613,369645857849.9948
2021-05-29,1.515048705141782,1.75819515,649291762343.003,369294479252.2053
2021-05-30,1.6097337052787137,1.80573948,667490155247.014,369649200585.1332
2021-05-31,1.7750744700254113,1.88939041,698617127163.4668,369757951276.7119
2021-06-01,1.7055940784483559,1.85490761,686449707666.8109,370072182552.96875
2021-06-02,1.8027870559579404,1.905098964141,704802337797.4121,369955761387.54767
2021-06-03,1.9504190211152364,1.9791401,733313467820.9949,370521252043.2459
2021-06-04,1.7221591698908234,1.866853639007,690727440913.3344,369995497494.2438
2021-06-05,1.5739222910199167,1.79378368,663137983379.5408,369686707919.84283
2021-06-06,1.6043518195350237,1.81038933,668996465742.4116,369531820949.4814
2021-06-07,1.4066306022187318,1.71255578,631647921036.1149,368833487593.67993
2021-06-08,1.3853636028517626,1.7042113,626999384040.2214,367911763077.86566
2021-06-09,1.7684141579965975,1.89766024,700038595389.8632,368895643505.6379
2021-06-10,1.7130784908209664,1.87120729,689820071889.26,368649735160.69403
2021-06-11,1.745986087153388,1.88860664,696576540388.2317,368830928386.5653
2021-06-12,1.5939987282971868,1.81254069,668203294293.8063,368655610315.59863
2021-06-13,1.9142733803557275,1.976225,729235864486.0723,369004472914.811
2021-06-14,2.0596913238011765,2.04984505,757936603874.6478,369753120546.67145
2021-06-15,2.035158323584764,2.03798688,754204861841.724,370073462809.3994
2021-06-16,1.8359992011420108,1.937890111061,716966667412.6796,369972819057.3914
2021-06-17,1.8114113273635402,1.927486814795,712371477843.3572,369585655463.5484
2021-06-18,1.5835252269436095,1.812458657444,669221924126.8472,369234311292.15936
2021-06-19,1.566901090908391,1.805038478086,666277887602.3289,369121154862.4862
2021-06-20,1.5698200229292147,1.807459745287,667125112359.2637,369095419191.94073
2021-06-21,1.191818315804896,1.615498500377,594347052677.048,367903190586.8984
2021-06-22,1.2594571733176885,1.651499802307,607097459293.3572,367603712967.62823
2021-06-23,1.3783152169377342,1.713698226674,629906295954.398,367571306400.2757
2021-06-24,1.4796144780040636,1.766672167447,649578904366.7177,367685027440.83954
2021-06-25,1.2048492167398812,1.630917169218,593834396795.6212,364110702863.1968
2021-06-26,1.2259755531977976,1.643033945428,597735121992.122,363799618173.08386
2021-06-27,1.479851811159046,1.776255857109,646776516888.432,364123509740.94073
2021-06-28,1.465949425957135,1.769776037417,644353080432.3312,364087357275.3131
2021-06-29,1.6166768832719722,1.849675862855,673569017034.0326,364155163918.4876
2021-06-30,1.5307828413764757,1.805586334557,657312026712.5096,364043532082.7685
2021-07-01,1.3792710000093826,1.727368166727,628082261641.4985,363606481663.71075
2021-07-02,1.4100346421753986,1.746141242195,633310097345.0289,362691219954.76245
2021-07-03,1.4869990845626422,1.787452030946,648433656983.6084,362769823053.89655
2021-07-04,1.5597821296759755,1.8265447061,662845391401.17,362895794002.4713
2021-07-05,1.4183791172123403,1.752492211228,635804056014.2148,362799932542.18036
2021-07-06,1.4381497198120026,1.763785729615,639813352297.7609,362750044721.94006
2021-07-07,1.41815949241176,1.753796589122,636232696006.573,362774508716.0245
2021-07-08,1.310863451436897,1.697989573018,615411488299.4403,362435375386.6759
2021-07-09,1.4154295316308976,1.754049012631,635976090720.0261,362576009074.0501
2021-07-10,1.3849934401902,1.738516988105,630310480192.5748,362556411300.65643
2021-07-11,1.4462674411762748,1.771750243299,642479813682.0225,362624368819.4588
2021-07-12,1.3357556858318338,1.713116506244,621441410376.5197,362754902022.99615
2021-07-13,1.2883461860296201,1.688811469688,612218213636.9441,362514244263.185
2021-07-14,1.303637282103534,1.697934967437,615184714795.5363,362313472891.21783
2021-07-15,1.1998233134530338,1.643649164372,594754222803.969,361849861695.52234
2021-07-16,1.1765524371433993,1.63221452573,590057361252.4622,361507235691.68207
2021-07-17,1.1771365881202578,1.630400402935,591815707709.5931,362987954765.11383
2021-07-18,1.1924295258566013,1.639258220118,594841083620.5983,362872106615.2588
2021-07-19,1.1135184353072154,1.597725750094,579411146950.4635,362647436155.0314
2021-07-20,1.006163975787008,1.540648215719,558481103180.4249,362497484813.42267
2021-07-21,1.2311515511906066,1.661721371109,602657114950.0177,362670376290.4706
2021-07-22,1.2472747539984703,1.670492594499,606202373832.8649,362888393417.07587
2021-07-23,1.358746696184165,1.732406654257,627483146930.4396,362203149813.8966
2021-07-24,1.4269648334255651,1.769606297066,641163936367.4471,362320103308.0038
2021-07-25,1.516640034959359,1.81848487747,659081599893.7745,362434468418.9696
2021-07-26,1.7294556167925823,1.93010945385,702746127516.1979,364096515933.0349
2021-07-27,1.8744808710695786,2.001791162085,734350141187.4904,366846529796.15283
2021-07-28,1.9410733613330744,2.033833059073,749641699745.6101,368585659674.1962
2021-07-29,1.9304426377492525,2.017407304464,752440356957.7415,372973942987.50964
2021-07-30,2.08660411057689,2.099162197424,784459439060.8488,373701203281.7202
2021-07-31,2.082971052303284,2.098153113059,784569163457.408,373933226595.4348
2021-08-01,1.9071477837776,2.006838470091,750359938437.9124,373901512065.3369
2021-08-02,1.8412401768172206,1.972933571383,737914727506.0829,374019043625.8908
2021-08-03,1.74377026470224,1.922865034712,718892321501.2462,373865200377.37305
2021-08-04,1.8807543725810032,1.995697932518,746809379233.0635,374209627150.74
2021-08-05,1.9869971283186625,2.052274774394,768776213304.4015,374597116768.3466
2021-08-06,2.155231319885649,2.140827816615,803532575810.0215,375337320252.37714
2021-08-07,2.3094139018888877,2.222890074166,835399743972.4839,375816939254.5941
2021-08-08,2.256315933458679,2.195821362505,825816854268.8342,376085627169.02423
2021-08-09,2.4626490401137056,2.303684409546,868930647608.3951,377191703866.9547
2021-08-10,2.3826888010929164,2.261488524708,854387253428.6327,377798624266.2672
2021-08-11,2.3940889307114395,2.268172978331,857951571939.967,378256676248.4215
2021-08-12,2.2700471707923136,2.20343699514,834127847703.9298,378557612286.4959
2021-08-13,2.5711248664279887,2.362590119037,896378630903.7489,379405053665.8962
2021-08-14,2.5068498565800326,2.327809478249,885282092633.6992,380306937017.72217
2021-08-15,2.4966966198377287,2.323985756424,884399444211.284,380552867747.40875
2021-08-16,2.3896246842918276,2.268193061802,863974140187.8444,380908554363.29
2021-08-17,2.2673537934958485,2.204708913004,840149375514.8033,381070430912.3819
2021-08-18,2.2836358816385993,2.213680687968,844701768564.8572,381582480777.85455
2021-08-19,2.4331179819009345,2.293129661764,876549048192.0912,382250102472.5318
2021-08-20,2.6631099930059294,2.414499299985,925342094183.73,383243885881.2171
2021-08-21,2.6400811972253604,2.403261370099,922188388144.0303,383723717951.6773
2021-08-22,2.65992460532061,2.414996575605,927746814154.6776,384160716220.58527
2021-08-23,2.6709763713844024,2.420040085444,932084698996.0748,385152586770.09357
2021-08-24,2.5130090572102035,2.33794635096,900836074831.8279,385310841055.83923
2021-08-25,2.5977655665870003,2.379019545564,921118598353.728,387184123842.6463
2021-08-26,2.4252543662592054,2.287786761638,887101213688.728,387755200162.7919
2021-08-27,2.5879423721849766,2.375147501066,922075783019.9613,388218324380.3261
2021-08-28,2.5640374532568395,2.363961726236,918434048710.2448,388514770995.3047
2021-08-29,2.5670217484085516,2.367277866365,920284316512.38,388752131546.5574
2021-08-30,2.3965882017139544,2.277961082403,886057523557.1654,388969561596.931
2021-08-31,2.3991363290569065,2.280110865221,887857550977.5144,389392272332.0994
2021-09-01,2.523870430013207,2.346384601556,915526177256.0946,390185895632.3551
2021-09-02,2.577378838889935,2.375035051723,928378409762.7802,390890403528.68726
2021-09-03,2.6142081318820987,2.395390356338,937656640132.1827,391442103643.4512
2021-09-04,2.6127337130382355,2.395772281636,938815345552.6576,391863347259.18494
2021-09-05,2.7694296581877795,2.480946695916,973248018531.0367,392288967809.40314
2021-09-06,2.840238890158936,2.51931377876,990098733766.8179,393003341669.54865
2021-09-07,2.3217085665256096,2.245742480847,881313121254.8044,392437302482.87866
2021-09-08,2.2585800412464736,2.213572688033,868818919447.7211,392496223026.5685
2021-09-09,2.2750410492686655,2.222094260363,873764452663.139,393216646228.32043
2021-09-10,2.1229576027058514,2.142454311237,842133598885.1117,393069571877.5373
2021-09-11,2.149078049282191,2.157808262825,848445725719.5256,393197922325.4718
2021-09-12,2.2407084605541585,2.208217016174,868844353747.6371,393459676917.5404
2021-09-13,2.1327613497484714,2.151863481078,846517459123.6083,393388087379.75134
2021-09-14,2.3059377217499897,2.245175277381,884781986136.4463,394081475531.1869
2021-09-15,2.398338888867852,2.293761212961,906361101242.1885,395141872711.4029
2021-09-16,2.3601615514129546,2.273981867172,899442060628.6199,395536162189.0135
2021-09-17,2.304146112232564,2.244949537952,888504590279.6621,395779314973.0297
2021-09-18,2.3861541694057733,2.290426705637,907185981599.0317,396077280869.2564
2021-09-19,2.2955385588310873,2.242941684172,888685620898.3403,396214322989.1444
2021-09-20,1.914963892299384,2.040586287582,806615435806.1354,395286119834.6762
2021-09-21,1.7125122128197185,1.933233183973,762810354584.0697,394577519622.54926
2021-09-22,1.9746629544863414,2.075944471859,820275900833.3198,395133835202.6179
2021-09-23,2.0826327190223357,2.135308888042,844486179446.7863,395486659647.2368
2021-09-24,1.9021654216456028,2.038939778388,805785377803.3861,395198223284.6748
2021-09-25,1.8940238493431245,2.035666539997,804542930367.9054,395223340640.59973
2021-09-26,1.913723398321012,2.040529522117,812036112156.6569,397953621035.6756
2021-09-27,1.856353727607842,2.010425564687,800131333256.0073,397991026034.61896
2021-09-28,1.7453132121977226,1.951689041262,776202415861.9299,397708036194.13794
2021-09-29,1.7635193776784674,1.962665363543,780569792316.1598,397709057700.5326
2021-09-30,1.9603951565981093,2.069864321133,824444822183.8048,398308630071.23145
2021-10-01,2.323112361255365,2.26565626698,905395355940.3254,399617262837.1247
2021-10-02,2.2921507174563347,2.248711046277,900071424943.3763,400261041290.09735
2021-10-03,2.3227268584966128,2.266397740964,907841574218.3805,400565866180.3268
2021-10-04,2.4088455082696005,2.31284262096,928340914897.4003,401385250550.28186
2021-10-05,2.5939151270333247,2.411845063946,971140330173.485,402654525653.73755
2021-10-06,2.9056542574904194,2.572944325306,1043925117637.0728,405731716527.8805
2021-10-07,2.755842493167761,2.490026710036,1013558008447.5764,407047042653.1781
2021-10-08,2.75842342356625,2.492000787508,1016016649274.3846,407711207142.2742
2021-10-09,2.8420314473284556,2.538238578635,1036364523575.8844,408300674451.65643
2021-10-10,2.807170420969111,2.520123658863,1030585445349.3352,408942411109.4226
2021-10-11,3.015099719929582,2.631558646637,1079394515904.9696,410173080233.0329
2021-10-12,2.9111198842260997,2.574418652958,1058848098456.308,411296001619.50903
2021-10-13,2.9970760079525305,2.620098281333,1080628058359.8536,412437986032.3689
2021-10-14,2.9879000306839543,2.613922367304,1081339414302.1724,413684594396.52985
2021-10-15,3.3117600362855577,2.783786506255,1157938398432.8284,415958047009.3561
2021-10-16,3.2566065861780404,2.755061819188,1148302435528.9846,416797339185.4503
2021-10-17,3.2899866481109603,2.775039217832,1158355075187.089,417419353118.9279
2021-10-18,3.3111109733706057,2.778276503838,1168115306326.8193,420446022817.7964
2021-10-19,3.4856272439456166,2.86843851115,1211787792745.6765,422455558323.90936
2021-10-20,3.6100741725511405,2.928317326688,1245228121159.928,425236742552.1851
2021-10-21,3.2899128073732333,2.756592260011,1175770746966.7607,426530526122.1581
2021-10-22,3.1467024980257587,2.683021944048,1145238131036.0593,426846352701.9035
2021-10-23,3.1783495884677166,2.702488997272,1154702638464.941,427273761199.59924
2021-10-24,3.1346718144862566,2.679080716831,1147509590176.153,428322141608.8971
2021-10-25,3.2957442729676196,2.761945352578,1188421618593.068,430284262316.70197
2021-10-26,3.0703185836833686,2.643400963823,1138746241356.948,430788312836.9766
2021-10-27,2.914706970441474,2.563731148388,1104286370829.1567,430734077371.3734
2021-10-28,3.0660753912057452,2.64447556709,1142080144447.0117,431873963465.56714
2021-10-29,3.1884162627444894,2.709231626512,1173567203301.5886,433173447341.0447
2021-10-30,3.1395167847142056,2.6854484387,1164426258908.2048,433605889477.3986
2021-10-31,3.098748974046322,2.660031269082,1158634265024.8484,435571671089.6798
2021-11-01,3.0599220324156993,2.639313472843,1152261825759.6611,436576343665.0345
2021-11-02,3.1960452499892997,2.705646798155,1188775936157.8303,439368485557.11896
2021-11-03,3.1757690093417548,2.692667749587,1187542227940.6553,441028132090.489
2021-11-04,3.04241912004432,2.624435938698,1158131273454.4736,441287690195.6427
2021-11-05,3.0002443904610048,2.601770640962,1150870233190.3442,442341156084.6932
2021-11-06,3.0267947929801418,2.617491647791,1159403746542.6316,442944583040.4449
2021-11-07,3.143882726934819,2.682304638596,1189437680906.6013,443438699613.6238
2021-11-08,3.4792689790515996,2.854649564891,1274356316854.726,446414275337.99066
2021-11-09,3.4275434610674846,2.82534877502,1266001867364.4868,448086933039.0989
2021-11-10,3.230458209203655,2.721054645529,1221918863231.726,449060758570.0187
2021-11-11,3.2341639799743005,2.723236415073,1225886245880.2876,450157848615.3675
2021-11-12,3.1315857472797153,2.650242500833,1209262243095.6287,456283620353.8146
2021-11-13,3.147255983592092,2.661045965713,1215340475002.5515,456715325726.0303
2021-11-14,3.187365731576403,2.684880108371,1227377584620.3755,457144280220.7893
2021-11-15,3.075942411826221,2.626068388319,1203303942753.5193,458215006168.8906
2021-11-16,2.800164515445494,2.481173720882,1138602607166.9688,458896770340.7006
2021-11-17,2.778725479449392,2.470657927214,1135484006196.6753,459587704833.3788
2021-11-18,2.5176074481319497,2.337640428663,1072108247663.8365,458628382072.0121
2021-11-19,2.6060459264364306,2.386216999692,1095186409046.4594,458963459395.27716
2021-11-20,2.732912242606449,2.455017801074,1128001356408.752,459467689364.73035
2021-11-21,2.6719944153198885,2.424879879847,1114516759935.048,459617306901.5565
2021-11-22,2.466181522051477,2.319018826324,1064553089483.9427,459053232944.82367
2021-11-23,2.5568503328473375,2.368765838495,1088365599085.1918,459465254605.6165
2021-11-24,2.51303903784151,2.346842971087,1078972757535.9036,459754986093.5732
2021-11-25,2.636770316808605,2.404923210419,1114270770425.186,463329043354.79846
2021-11-26,2.2400401565655725,2.198435955413,1015970869546.8468,462133484964.7624
2021-11-27,2.300479904422006,2.23272965194,1031792837559.9305,462121706792.1387
2021-11-28,2.4932625214341457,2.336711996385,1081182893171.7826,462694116709.4712
2021-11-29,2.536295447596596,2.35943908323,1093928555762.2988,463639245250.08044
2021-11-30,2.468508504067533,2.324578694477,1078419474710.0887,463920398682.2735
2021-12-01,2.467757902273608,2.324286205718,1080047374364.1241,464679165460.3847
2021-12-02,2.4187392697819874,2.300196624281,1068812318595.5466,464661284741.0982
2021-12-03,2.198167768605907,2.184991514137,1013876621204.3636,464018562380.92145
2021-12-04,1.8626173775563044,2.009166960477,928693162456.653,462227968469.166
2021-12-05,1.8738916472399918,2.016818310956,931905952036.2104,462067379581.8891
2021-12-06,1.963783448015551,2.067537537544,954788531821.5376,461799853440.9769
2021-12-07,1.9601510713640347,2.064377234197,955574953843.2509,462887760053.67535
2021-12-08,1.9526224397672154,2.06171865801,954233222626.9064,462833868685.0444
2021-12-09,1.7616436466077936,1.960546627964,905856172565.3256,462042656698.27216
2021-12-10,1.7236175575450745,1.941373722658,896442961101.7401,461757028355.3596
2021-12-11,1.8613433936451431,2.016910635367,932102527466.7292,462143692002.0616
2021-12-12,1.91970011514635,2.049751176277,947544868724.2344,462273118654.9565
2021-12-13,1.6700065381782416,1.915299897932,884250008347.6675,461677050838.0519
2021-12-14,1.778797551358895,1.974877505476,912783912997.8531,462197736551.6891
2021-12-15,1.8161459162161737,1.995926977652,922994595222.1997,462439059923.929
2021-12-16,1.7278938236795103,1.94871973203,900967365793.609,462338093562.1064
2021-12-17,1.629510047394199,1.896526938461,875889128104.2239,461838485044.1372
2021-12-18,1.6700383069256723,1.919525855516,886709082168.6658,461941723587.93463
2021-12-19,1.6662629917526612,1.918249189772,886214966718.6547,461991576195.57697
2021-12-20,1.6712071815149505,1.922187343668,887738205495.6809,461837504247.4585
2021-12-21,1.8252459771580205,2.007205377658,928006827611.5642,462337754741.5498
2021-12-22,1.7941520913122118,1.990870317874,920678726099.7028,462450375513.59564
2021-12-23,1.938626557665298,2.070150565572,958937905483.9762,463221333477.7481
2021-12-24,1.9404219640969635,2.071634649338,960325802399.2275,463559442156.5134
2021-12-25,1.9242437998560795,2.064057745187,956715386644.6605,463511928808.9412
2021-12-26,1.9365043360196235,2.071542317446,960688686557.3997,463755279564.7595
2021-12-27,1.9335257214550392,2.070718360007,960699193954.2045,463944886233.0833
2021-12-28,1.704233486295934,1.945824586517,901668291917.6448,463386215882.70654
2021-12-29,1.6159935482134826,1.898459995686,878962608918.0773,462987163761.89325
2021-12-30,1.6602816272713052,1.923609297095,890954276503.3245,463168002904.1383
2021-12-31,1.6043057326477856,1.893385603418,876861223766.0674,463118142539.549
2022-01-01,1.6905358176312992,1.941966039424,899704292195.3873,463295584953.816
2022-01-02,1.67380576043893,1.933497096507,895826639879.7357,463319361326.2261
2022-01-03,1.6072593633003955,1.897502355497,878857424265.7749,463165393033.5078
2022-01-04,1.5675682788411143,1.876886228678,868541933980.8007,462756836674.41327
2022-01-05,1.3954872136587415,1.782277170897,823647361549.9047,462132026936.8497
2022-01-06,1.36794465052157,1.768057798633,816383641933.4489,461740358581.4038
2022-01-07,1.2515961601471914,1.704571291459,785536046142.0577,460840828469.9497
2022-01-08,1.2723906288832019,1.71699299406,791005030825.6498,460692054983.4278
2022-01-09,1.278177226301092,1.72082066082,792682352625.3267,460642047526.0915
2022-01-10,1.2730094185520315,1.718638590786,791403311312.3584,460482684117.09467
2022-01-11,1.341680309761954,1.758039861455,809447924741.6742,460426377404.06744
2022-01-12,1.4259845933177575,1.805597050184,832062440495.9272,460823991937.2573
2022-01-13,1.3293823172811545,1.752041588022,806858094234.2053,460524510234.4419
2022-01-14,1.3631093174640005,1.771675205411,815906720814.3414,460528384843.0131
2022-01-15,1.3695398921687802,1.775752274618,817920712548.0422,460605189270.55493
2022-01-16,1.365701003063168,1.774015355513,817252077983.4711,460679258183.27686
2022-01-17,1.2971234267114824,1.73630676024,799165933857.8269,460267708539.79895
2022-01-18,1.3127792247089025,1.745911520714,803366428290.746,460141547128.46216
2022-01-19,1.2680207261720116,1.721981468557,791227795959.0669,459486823991.263
2022-01-20,1.1948936708965705,1.681574639726,771738138088.1324,458937783584.72473
2022-01-21,0.8967025095890955,1.514790775018,691030724675.9996,456188891609.6602
2022-01-22,0.7912326131207784,1.455165902925,662733218969.3214,455434818557.2343
2022-01-23,0.8832758583759237,1.508378975549,686903645043.7297,455391951345.46313
2022-01-24,0.913052454956278,1.526343091945,694298766581.2903,454877262029.3082
2022-01-25,0.9342188312475679,1.538880544803,699880378324.826,454798379697.77
2022-01-26,0.9258911145552228,1.534660000135,697509429274.1655,454504208888.48834
2022-01-27,0.9407051043421994,1.543763850705,701254263145.7666,454249698116.40594
2022-01-28,0.9959905883262767,1.576577931046,715438283447.2081,453791892781.69196
2022-01-29,1.0213643885564427,1.592485103381,721524832280.5933,453081055985.2185
2022-01-30,1.0148671656782775,1.589486377439,719574502508.9705,452708820108.5169
2022-01-31,1.0490718006259618,1.609690053329,728686388266.2095,452687389574.91425
2022-02-01,1.062649198411568,1.61452774476,734886466082.2046,455171159781.73895
2022-02-02,0.9310969039184235,1.539179072383,699953961572.8492,454757977243.77905
2022-02-03,0.9399006982579821,1.544771260316,702173027375.5972,454548220447.8351
2022-02-04,1.2250705799210677,1.709053357873,778420574646.1787,455468854181.9203
2022-02-05,1.2544194009586558,1.726159971835,786574393907.42,455678735888.6845
2022-02-06,1.3140464281521245,1.760874145144,802716166347.2819,455862316202.97754
2022-02-07,1.4202229983948054,1.821609827046,831762282836.8923,456608363924.8441
2022-02-08,1.4376623873051353,1.831529736531,837082119037.3419,457039873468.18256
2022-02-09,1.4524645662576166,1.840095004198,841624618494.103,457381068137.2523
2022-02-10,1.3942551793148925,1.806667830508,826677702003.7993,457570389002.4729
2022-02-11,1.3031093319376892,1.754236923972,802889388936.9894,457685833632.47266
2022-02-12,1.2885372475651853,1.745950590083,799453385155.5483,457890039784.885
2022-02-13,1.28919628779753,1.746704565079,799914657954.3014,457956470685.7698
2022-02-14,1.3203705429734094,1.765131690456,808496975465.7014,458037765588.37726
2022-02-15,1.4501886613636206,1.839746953131,843916967903.3898,458713610840.42426
2022-02-16,1.416871362552852,1.820760197081,835500283615.3702,458874422318.12006
2022-02-17,1.1726238338158348,1.680750155719,770019212409.19,458140199951.2456
2022-02-18,1.1328192934576289,1.658393382535,759324202407.7102,457867361510.46173
2022-02-19,1.1360385865909233,1.660632849962,760341255738.9949,457862347933.4361
2022-02-20,1.0266800765831983,1.597672365828,731091944780.325,457598166193.12537
2022-02-21,0.9249918711369307,1.53935959409,703554688344.6675,457043754458.5398
2022-02-22,1.0032427754009439,1.585255941769,724538639899.3824,457048367275.54785
2022-02-23,0.9397246740634644,1.548559725335,707612117150.8044,456948547462.5311
2022-02-24,1.0086099018761818,1.589005849792,726146059494.2439,456981363277.7349
2022-02-25,1.0819687303701948,1.632120546767,745904763136.9403,457015730005.0368
2022-02-26,1.063080545058189,1.621580052318,740867098958.1196,456879756197.71124
2022-02-27,0.9648916907294511,1.564733720961,714497979063.6003,456625922668.03253
2022-02-28,1.3478850839285994,1.785886675274,819148711995.1912,458678998693.75146
2022-03-01,1.4264682069241197,1.831088158538,841108826271.2916,459349170245.77344
2022-03-02,1.4000080423728096,1.815856076135,834508464680.0197,459567515095.2757
2022-03-03,1.2928031880934312,1.753487692697,806244025712.1389,459794516420.0572
2022-03-04,1.0561907109533104,1.617160596022,742026135335.5072,458845050492.0741
2022-03-05,1.0753231395330827,1.62862859109,747321460590.9252,458865492525.0709
2022-03-06,1.0056532962495075,1.588284555745,728670905368.0938,458778562526.7279
2022-03-07,0.9883856348565536,1.578754463552,723912662220.2532,458534039923.8145
2022-03-08,1.0300562738450498,1.603838311539,734931320621.745,458232800235.6576
2022-03-09,1.2566406836389878,1.735654059064,796910249370.7688,459141178052.79987
2022-03-10,1.0776678977363467,1.630630592506,749363333209.5948,459554320060.89844
2022-03-11,1.0327758875015447,1.605299073538,736929136350.2585,459060338660.8223
2022-03-12,1.0411891380666565,1.610487025913,739354221515.7125,459087350360.0973
2022-03-13,0.960609400756796,1.563583025151,717697507253.0143,459008249455.576
2022-03-14,1.0890503931751199,1.638923579978,752677094103.7612,459250878624.77686
2022-03-15,1.0685566478158932,1.62739184969,747163714202.8488,459117276730.35547
2022-03-16,1.1886353755088488,1.697348146346,780330370069.7833,459735011788.62744
2022-03-17,1.1798462880371783,1.69308040701,777801385657.9899,459400145697.5078
2022-03-18,1.2385557679057828,1.727490580808,794161288273.0386,459719605476.2771
2022-03-19,1.263053882024407,1.742021306446,801171332567.3827,459909031883.1401
2022-03-20,1.1994417586211037,1.705071792374,784151376119.5593,459893465850.9436
2022-03-21,1.1824580985360678,1.695351371558,779817561038.1803,459974005460.3199
2022-03-22,1.2726916622359283,1.748109505852,804900030311.0082,460440279980.4656
2022-03-23,1.2954613300986608,1.761428760821,811605189141.3652,460765264649.74774
2022-03-24,1.3797949338999462,1.810651634482,835201966315.3181,461271483928.6336
2022-03-25,1.396462680338865,1.816863848057,842318907291.7148,463611463342.4579
2022-03-26,1.407197496575294,1.823441620909,845647593448.0334,463764555854.8079
2022-03-27,1.5613713554616855,1.912928867709,888562475595.7218,464503667959.1227
2022-03-28,1.5868467576573404,1.926069685862,897089950913.7915,465761938676.8474
2022-03-29,1.5988382641899637,1.931857269809,901695013250.8093,466750327440.0591
2022-03-30,1.5724939874289061,1.916462997871,895267763638.8374,467145864351.87683
2022-03-31,1.4637011589263451,1.854211355144,865648898574.5215,466855569713.24567
2022-04-01,1.508755071949659,1.880179566094,878763543516.0741,467382775221.66205
2022-04-02,1.4861813778425152,1.867666383452,872903917445.8976,467376789120.39575
2022-04-03,1.5190107395430126,1.886983002157,882457046122.9755,467655005431.5506
2022-04-04,1.5320885443717969,1.894586551764,886730287350.8207,468033664930.85754
2022-04-05,1.4636607108911512,1.855218925189,868339514523.9437,468052315947.2847
2022-04-06,1.2995567512473023,1.760916830916,822997272031.0201,467368621607.7056
2022-04-07,1.3172864101101465,1.771822948566,828054180680.1997,467345894436.221
2022-04-08,1.224788668695953,1.718699748527,802489465551.0809,466916613119.2194
2022-04-09,1.2556770543848468,1.737109234767,811252805066.329,467013120896.30505
2022-04-10,1.226487811295351,1.720498052487,803372627468.9934,466941898776.17645
2022-04-11,1.0404642430721025,1.612532718343,751695772760.3042,466158462528.8898
2022-04-12,1.0761446646245603,1.633029961572,762233627485.6914,466760344526.6516
2022-04-13,1.14811789474844,1.6754481725,782351625651.621,466950657437.6719
2022-04-14,1.0610407566435869,1.624100214604,758883634883.5314,467264044459.5766
2022-04-15,1.102450138905886,1.648615453539,770536726947.4893,467384146674.967
2022-04-16,1.0960444925066901,1.645198704281,768902341981.3142,467361383145.112
2022-04-17,1.045100215175897,1.615563193564,754972012082.3364,467311965938.53845
2022-04-18,1.1212278273246203,1.660587322655,776190301536.566,467419141978.97656
2022-04-19,1.1662484872595698,1.68715900189,788977754146.4867,467636869591.2199
2022-04-20,1.1589252614821135,1.683056618589,787231256989.412,467739022142.5776
2022-04-21,1.090920337170535,1.642192379664,769432984435.9886,468540101613.07544
2022-04-22,1.0424392275852739,1.614479409264,755782416405.1533,468127628056.70917
2022-04-23,1.0314070751837314,1.608260125691,752864909083.6786,468123842068.27545
2022-04-24,1.0262519049772219,1.60550883035,751560334690.4332,468113485571.1715
2022-04-25,1.0920325692928388,1.644601591866,769901695374.375,468138726839.50653
2022-04-26,0.9292497675196822,1.549627067302,724263590330.6515,467379284740.8382
2022-04-27,1.0075286089093483,1.596095580203,746100751519.959,467453679324.8096
2022-04-28,1.0433718692549894,1.617507844772,756205933276.4078,467512992731.72974
2022-04-29,0.9662992012305692,1.572635096383,734582468278.2043,467102934410.9868
2022-04-30,0.9056884102415621,1.537292898922,717581783127.7089,466782734526.9731
2022-05-01,0.9562394987684473,1.567381909459,731799466487.4058,466892888115.5677
2022-05-02,0.9656335894949769,1.573983130319,733870898707.1201,466250803182.61487
2022-05-03,0.9085323395491861,1.540983434257,717509825232.0969,465618130137.8176
2022-05-04,1.0396452970425902,1.618770611892,754415354857.8029,466042161449.9482
2022-05-05,0.8271244806923048,1.493350506698,694697804870.6023,465194073162.81903
2022-05-06,0.7971270285860169,1.476077962977,685993738939.4033,464740857966.5195
2022-05-07,0.761060404747845,1.454866736249,675856548990.5393,464548767355.18866
2022-05-08,0.6634318349582342,1.397053307677,648294631562.7058,464044305253.2338
2022-05-09,0.42736635749435575,1.25746370058,579781151871.626,461071879533.5438
2022-05-10,0.46736487951929145,1.282199871846,589953144393.2335,460110125844.7876
2022-05-11,0.3273253687565981,1.198898869373,548209905804.9245,457261175074.44745
2022-05-12,0.3473142880611969,1.211574517788,552691998324.409,456176644696.582
2022-05-13,0.3679243243454899,1.224580870454,557578891036.9143,455322228600.71136
2022-05-14,0.4176328003072246,1.254528110725,572189373051.7065,456099283993.7517
2022-05-15,0.4945583098124643,1.301371234936,593741420972.2537,456242926716.7974
2022-05-16,0.40781495944271196,1.248816594441,569152162704.7391,455753202862.8313
2022-05-17,0.446487029281864,1.272635339124,579626118555.3054,455453420737.3831
2022-05-18,0.3349830846990589,1.204897921252,547906490195.5128,454732704349.085
2022-05-19,0.4381460435076486,1.268265640482,576240952956.045,454353515985.06335
2022-05-20,0.3698071521274942,1.226785298597,556579372166.2573,453689307169.54584
2022-05-21,0.38354573359336086,1.235285942059,560333845441.6517,453606591286.6099
2022-05-22,0.4455941459920009,1.273331088604,577723026488.325,453709982940.6538
2022-05-23,0.36287517361282345,1.22293867204,554065152211.9476,453060455834.39136
2022-05-24,0.40102732236092176,1.246431579256,564667107636.2924,453026958746.7805
2022-05-25,0.39722792738157353,1.244237310755,563428453326.4861,452830379266.3147
2022-05-26,0.38197514142333977,1.235100855496,558791512891.2731,452425816405.79456
2022-05-27,0.3355214779232185,1.20688817198,545091530563.07745,451650404087.40576
2022-05-28,0.365133199315545,1.225163407756,553376665776.6837,451675802814.1276
2022-05-29,0.3912072671689323,1.241234457517,560730506231.738,451752288083.7831
2022-05-30,0.5477142742972434,1.337557348648,604695051034.4972,452089064925.49396
2022-05-31,0.5526424490883646,1.340327318645,606542882732.0433,452533403068.458
2022-06-01,0.41846968114362426,1.258203816602,568353965210.3951,451718519456.83545
2022-06-02,0.4681670240285675,1.289506254729,581304153912.1453,450795916483.7948
2022-06-03,0.41233284623625566,1.255277674265,565292782986.4921,450332858279.7322
2022-06-04,0.4226881800627635,1.261962571345,567791106824.3273,449927057835.9352
2022-06-05,0.43142969060280695,1.26746929363,570162600125.2587,449843324008.5268
2022-06-06,0.528755392891463,1.32794694055,597222968139.2552,449734059323.1094
2022-06-07,0.519699473075174,1.322740859864,594230751341.6133,449242001492.802
2022-06-08,0.45603777356234143,1.283418736198,576221747994.024,448974081289.3409
2022-06-09,0.4469758529746634,1.278193263932,573123374270.208,448385537964.07605
2022-06-10,0.38058303522660536,1.237117043464,554199695710.7606,447976768761.482
2022-06-11,0.33386112959932884,1.208249128114,540698947091.3848,447506176094.1483
2022-06-12,0.23151697966597276,1.144614146671,511541120875.3391,446911408847.34576
2022-06-13,-0.059571427065611665,0.962386955567,425496087752.90454,442125784531.46136
2022-06-14,-0.06486898154898542,0.958749419408,420875585256.8529,438983927121.15686
2022-06-15,-0.02728692168913901,0.982571637347,429439638534.4194,437056823351.762
2022-06-16,-0.1713037760702968,0.89010384052,387301460756.6234,435119413180.3333
2022-06-17,-0.15457382484443516,0.900449527228,390266293444.72327,433412736243.13336
2022-06-18,-0.24789620703509066,0.839761069586,362613076008.2063,431805056391.7825
2022-06-19,-0.14677946638698566,0.905122908176,390825178945.0636,431792384674.75415
2022-06-20,-0.14003052053215764,0.909413901996,392355194662.6997,431437427777.9904
2022-06-21,-0.1293194746754127,0.916201262025,394602958805.95074,430694624818.3441
2022-06-22,-0.1730817743251941,0.887627935977,381548027644.27856,429851306137.9866
2022-06-23,-0.0979562216168347,0.936392381423,402434191804.38727,429770894966.94037
2022-06-24,-0.08268531587353109,0.946260674502,406304087725.8087,429378604304.3998
2022-06-25,-0.07150520604773462,0.953541799671,409553292964.1447,429507435442.7385
2022-06-26,-0.09855587606269492,0.93595363596,401907776246.90607,429409920326.5261
2022-06-27,-0.11806839047170185,0.92317584654,395905002794.3522,428851127635.3006
2022-06-28,-0.14981074160295885,0.902427057507,386616246554.3172,428418278616.7382
2022-06-29,-0.1606495829810298,0.895265183982,383157510545.3414,427982141381.97186
2022-06-30,-0.20632759982469034,0.865015984997,368905161486.5793,426472074371.96515
2022-07-01,-0.2032770481790667,0.866810006703,369092160644.48914,425805145060.9906
2022-07-02,-0.21003886321491766,0.862322030966,367009067592.396,425605579369.53204
2022-07-03,-0.2059752041050773,0.864908319377,367880445197.9902,425340393838.479
2022-07-04,-0.14114184692390316,0.907445950743,386024563242.2924,425396755505.07733
2022-07-05,-0.14269976663396766,0.906388103368,385410487447.10046,425215739278.76355
2022-07-06,-0.11474587802758349,0.924592307191,392440938375.94653,424447548745.2623
2022-07-07,-0.040103650149539774,0.973646516264,413277788950.33325,424463891203.68896
2022-07-08,-0.028332309583820398,0.981374953634,416397212991.7956,424299816751.88477
2022-07-09,-0.041671854543442285,0.97256585657,412050561218.7148,423673685884.795
2022-07-10,-0.09272602498098177,0.938937826789,397679652328.1112,423542050369.94275
2022-07-11,-0.14641997230672466,0.903257154365,381278236463.9223,422114825906.8761
2022-07-12,-0.188331363108442,0.875464077465,369227439023.51135,421750530407.42566
2022-07-13,-0.13235200656837695,0.91248166822,384827697730.7176,421737456360.5319
2022-07-14,-0.10386150879166664,0.931267482062,392430598967.8341,421394074770.99866
2022-07-15,-0.07918869867999624,0.947404727073,397772858736.0078,419855260765.823
2022-07-16,-0.05429524099232887,0.963942951894,404757907016.37714,419898196486.7215
2022-07-17,-0.07921157002165544,0.947388315858,397735055796.3284,419822631479.38513
2022-07-18,0.02165697916076768,1.014380417157,425974135852.66394,419935291186.4565
2022-07-19,0.09630482124027683,1.064015965884,446342169170.51056,419488225253.91614
2022-07-20,0.08961343157118676,1.059545792317,444636587982.6189,419648297607.12256
2022-07-21,0.08348785884650392,1.055572042956,442202009885.6991,418921676484.8817
2022-07-22,0.05578627749307664,1.037202359622,433696094122.61554,418140288728.87695
2022-07-23,0.041613486153153294,1.027767986307,429484614219.20026,417880903026.017
2022-07-24,0.05348250247607571,1.035693112787,432733026887.7572,417819739790.77026
2022-07-25,-0.022830320540132305,0.984744106523,410913676124.0288,417279650014.77405
2022-07-26,-0.044123181256630235,0.970493939661,404660076563.1692,416963012365.1464
2022-07-27,0.07261958697957664,1.048530886503,437481053400.6272,417232395375.29395
2022-07-28,0.1362102253817697,1.090974652069,455463751078.1736,417483348686.7917
2022-07-29,0.14391883103109882,1.096121570662,457629004159.523,417498402009.49524
2022-07-30,0.12157005212372791,1.08119685014,451394195746.5754,417494923045.8136
2022-07-31,0.10374060656880035,1.06930792552,446309554827.0595,417381695370.88306
2022-08-01,0.10191802513699215,1.068081818605,445856833816.2058,417436966016.82666
2022-08-02,0.08204256664741118,1.054827227962,440145933788.9064,417268271164.46277
2022-08-03,0.06728599564345866,1.044976588452,435930163094.0358,417167396773.7507
2022-08-04,0.05611251693885966,1.037537603272,432481698498.1701,416834722071.0718
2022-08-05,0.09852181440512114,1.065899475533,444365402286.3903,416892411044.84705
2022-08-06,0.08128142135267581,1.054367720796,439558670016.2039,416893140169.6905
2022-08-07,0.09207682325792547,1.061585802404,442589959621.64594,416913977767.3974
2022-08-08,0.13639286720804797,1.091208903728,455036199177.5948,417001911937.31256
2022-08-09,0.09606356420066237,1.064322658536,443255346045.0302,416467076492.328
2022-08-10,0.1454979657914623,1.097349862382,457362340117.1679,416788078074.1875
2022-08-11,0.14659694206328414,1.098103095757,457600857167.334,416719394504.46356
2022-08-12,0.17775884186369956,1.118913448413,466454794651.84467,416881927117.2729
2022-08-13,0.17983660385153766,1.120303000575,467047962181.5134,416894324072.8617
2022-08-14,0.17232229918013442,1.1152866103,464926257245.774,416867066233.9556
2022-08-15,0.15708113882009261,1.105125221321,460545371976.77686,416735916520.1828
2022-08-16,0.14244807744968493,1.095336349684,456453539165.3713,416724542463.1952
2022-08-17,0.1068822129637229,1.071575714816,446289696753.9324,416479853530.9889
2022-08-18,0.09925954122821443,1.066480347068,444107898934.28455,416423893937.88586
2022-08-19,-0.056288328110858404,0.962223516455,399867875573.12634,415566517274.8112
2022-08-20,-0.03950027636053578,0.97348633387,404475733709.97614,415491948512.5408
2022-08-21,-0.011525959656693535,0.99226378976,412286690747.7928,415501094570.33905
2022-08-22,-0.027956528570278277,0.981225385052,407468270214.3305,415264705155.1125
2022-08-23,-0.01147267183222233,0.992293505064,411956706082.80927,415156104499.7863
2022-08-24,-0.018398354513398874,0.987637310218,409880719562.25726,415011376465.50104
2022-08-25,-0.006630377910911497,0.995543286361,413017973174.87195,414866916218.75397
2022-08-26,-0.09733086662248577,0.934524032452,387371372434.26,414511942959.7511
2022-08-27,-0.11030617277414233,0.925756657439,383521315360.0218,414278754873.8668
2022-08-28,-0.13556840289430214,0.908751979889,376452934262.3444,414252670248.1864
2022-08-29,-0.09465321898042703,0.936300029003,387904432454.7775,414295012751.2328
2022-08-30,-0.12330869083878994,0.91691540216,379399486373.23016,413778070997.0293
2022-08-31,-0.10898552072117049,0.926540201628,383230005973.0957,413614007573.26245
2022-09-01,-0.10258648826339256,0.930819103606,384793516403.9053,413392371206.40564
2022-09-02,-0.1120996207750088,0.924346524698,381812359032.21454,413061929514.9719
2022-09-03,-0.12181838099582787,0.917781321543,379054868118.2932,413012184079.98914
2022-09-04,-0.1111522168795153,0.924996509034,382101528755.6661,413084292777.1755
2022-09-05,-0.12196469967669915,0.917682178845,378979046297.1864,412974181076.68994
2022-09-06,-0.18515963058267404,0.874858544608,360778897291.7864,412385407349.98645
2022-09-07,-0.1538735022599822,0.895970446823,369348929285.85046,412233384031.2657
2022-09-08,-0.15126523492145136,0.897686434169,369866184453.4085,412021581673.78174
2022-09-09,-0.011851186286572345,0.991990113442,409021968745.9125,412324642356.25397
2022-09-10,0.012247567703114593,1.008276774233,415780699701.9083,412367625960.8323
2022-09-11,0.013704424557619523,1.00926214108,416141773128.1593,412322781356.7352
2022-09-12,0.05689883133958885,1.038445934441,428273275469.1733,412417499327.6994
2022-09-13,-0.08944331576118428,0.939370352409,386159265218.15247,411083087972.5481
2022-09-14,-0.08233685171031233,0.944134275318,387732682893.1633,410675359458.3446
2022-09-15,-0.11805605768457222,0.919794265144,377227526664.1952,410121633673.3059
2022-09-16,-0.11452971590424749,0.922172305414,378099547048.8818,410009653108.3069
2022-09-17,-0.0882937476142982,0.939999035144,385382092113.0908,409981369878.80365
2022-09-18,-0.13541006193583235,0.907953496893,372115875618.3138,409840236192.3682
2022-09-19,-0.12543569991699,0.914684111914,374638640658.9953,409582538692.02374
2022-09-20,-0.17133226710305324,0.88338246827,361534680159.2485,409261778612.4637
2022-09-21,-0.19526537693114335,0.86699153682,354536184092.75415,408926926084.1251
2022-09-22,-0.1328578310656283,0.909510592046,371942142414.4877,408947565500.8931
2022-09-23,-0.1385249830782365,0.90563544045,370278782421.1002,408860746700.8059
2022-09-24,-0.1659012155771533,0.886975013788,362592370354.345,408796600488.0154
2022-09-25,-0.17455651513001166,0.881057004179,360088000637.69366,408700003438.7518
2022-09-26,-0.14627531731111157,0.900322536822,367923055167.1001,408656942506.19543
2022-09-27,-0.15169610805573186,0.896561719809,366129749393.5195,408370936773.3415
2022-09-28,-0.12680463533768968,0.913487552122,372820281122.77527,408128474500.53
2022-09-29,-0.12034592892570298,0.917870607279,374484430533.8365,407992616349.2525
2022-09-30,-0.12658257245430796,0.91356153704,372479848471.2685,407722778783.05597
2022-10-01,-0.13484766314544996,0.907912672634,370137989320.0386,407680166250.14056
2022-10-02,-0.15492049023025126,0.894190083633,364472504804.0564,407600700874.7436
2022-10-03,-0.11229243703283548,0.923308111571,376339494804.44653,407599034480.6009
2022-10-04,-0.06359604180034231,0.956568501176,389903360703.0178,407606313843.3607
2022-10-05,-0.07588778033727173,0.948163366006,386381543342.8885,407505243500.8794
2022-10-06,-0.08947543894888473,0.938866609583,382480025164.3247,407384841744.6694
2022-10-07,-0.11706472458819701,0.919983246052,374613717471.0005,407196238712.6192
2022-10-08,-0.1249048108878989,0.914595870208,372277378268.7386,407040300962.7347
2022-10-09,-0.12392946485020347,0.915262738221,372530287709.72656,407020052442.8813
2022-10-10,-0.14214463496108704,0.902773565181,367297283273.81213,406854273806.93353
2022-10-11,-0.14952285161766632,0.897697758664,365108428419.0329,406716430886.9458
2022-10-12,-0.13988958118679534,0.904197086018,367380563663.38525,406305847855.90845
2022-10-13,-0.12366240749164961,0.915299590894,371826387064.8481,406234626087.4806
2022-10-14,-0.13764660986823232,0.905697877908,367814957908.2474,406112200193.99194
2022-10-15,-0.144894960493138,0.900728724487,365765176790.71967,406076953967.50793
2022-10-16,-0.1314884541149658,0.909910910294,369462722255.0901,406042743388.70557
2022-10-17,-0.10984840506238135,0.924678135264,375144717145.4124,405703025559.59845
2022-10-18,-0.12552253177390787,0.91398573907,371025948757.9377,405942820437.7286
2022-10-19,-0.13913895169391385,0.904610705933,367029904902.88257,405732435505.8724
2022-10-20,-0.14547642693982107,0.900242542303,365152195991.4868,405615352344.219
2022-10-21,-0.1353958653612107,0.907143363442,367885552007.7864,405542901853.91174
2022-10-22,-0.1321467071370143,0.909318069409,368530255223.41754,405282010356.33136
2022-10-23,-0.10746552618218261,0.926261633178,375413885984.6,405300049724.13293
2022-10-24,-0.12272917232858456,0.915784798173,371133215992.5733,405262477312.3422
2022-10-25,-0.07115011241981525,0.951195313284,385607075318.5567,405392110256.77686
2022-10-26,-0.023427446604990146,0.983939477562,399099408014.4616,405613777184.0886
2022-10-27,-0.058892013173827897,0.959624512348,389197949556.16187,405573163824.1254
2022-10-28,-0.03646143262992297,0.975004031923,395444746708.6104,405582678390.23694
2022-10-29,-0.02270697783611074,0.98443454901,399288048038.69226,405601417016.74084
2022-10-30,-0.035249806371658136,0.975832100659,395712590941.6769,405512988017.5533
2022-10-31,-0.04360912111305734,0.97009674747,393319300934.3833,405443376611.8225
2022-11-01,-0.04366879882060548,0.970049689813,393205452198.7317,405345681080.0397
2022-11-02,-0.06633587274426891,0.954490976446,386777142187.55225,405218228073.45734
2022-11-03,-0.06269601837588505,0.956986021054,387754343675.19775,405182871164.7585
2022-11-04,0.0014332457898956878,1.000981821699,406184424138.86646,405786014624.5573
2022-11-05,0.010380079183134366,1.007111287598,408627855628.67584,405742503992.05566
2022-11-06,-0.012537592264852581,0.991409279364,402181988995.9385,405666960525.0645
2022-11-07,-0.034807492531823844,0.976088727485,394938271820.2412,404613085572.5003
2022-11-08,-0.17325874064266664,0.880744871078,355641163800.59314,403795895359.9141
2022-11-09,-0.35533059840528086,0.753958696179,302606639525.93427,401357051864.4052
2022-11-10,-0.23106507265911572,0.839903712816,336866889999.11127,401077986510.71045
2022-11-11,-0.2718707402315955,0.811340136624,324884177574.2261,400429071494.0773
2022-11-12,-0.27835819154391106,0.806378353685,322105315599.283,399446877668.9271
2022-11-13,-0.3085141523298673,0.785273663056,313461563543.2652,399174935172.7735
2022-11-14,-0.28499809514482094,0.801361740695,319408809507.6176,398582554278.9237
2022-11-15,-0.26688160097397323,0.81368542899,323768223563.24036,397903430524.8932
2022-11-16,-0.2771542397545332,0.806089820633,320019245464.8845,397001968358.2932
2022-11-17,-0.27011813241232635,0.81024033294,320332768078.5876,395355248381.97473
2022-11-18,-0.2555591197357999,0.818509642211,320084907697.1221,391058200404.93646
2022-11-19,-0.25250765324277713,0.820610369081,320762664379.5779,390883026178.18414
2022-11-20,-0.28247356022235637,0.799184425512,312148570627.24646,390583901115.5248
2022-11-21,-0.3122937375240682,0.777592696604,303153772188.1876,389861907798.464
2022-11-22,-0.28324574047143075,0.79805211183,310753451298.5008,389389924156.6033
2022-11-23,-0.25619309971732723,0.817451445016,318476370818.0587,389596682175.81433
2022-11-24,-0.25479164997355225,0.81837142484,318671568719.49097,389397233391.66504
2022-11-25,-0.25792563012513875,0.816011276502,317509479778.9209,389099377572.318
2022-11-26,-0.2624212890362172,0.812740435671,316103485950.16534,388935350176.3324
2022-11-27,-0.26295627896481144,0.812332752733,315875880963.40686,388850357074.3379
2022-11-28,-0.276612546777678,0.802349876662,311594845649.107,388352830495.13104
2022-11-29,-0.26000771940310896,0.814147810046,316037505324.6357,388181975588.4123
2022-11-30,-0.20867591455968207,0.850801464317,330157249897.60547,388054397817.2941
2022-12-01,-0.2229629435587238,0.840529289057,326029288146.94086,387885695824.73096
2022-12-02,-0.21422555113192795,0.84670015577,328230420398.4742,387658391417.1803
2022-12-03,-0.2260208281318561,0.838232388894,324868709629.4161,387564014387.5398
2022-12-04,-0.20994017451126423,0.84968361727,329155312451.6082,387385734832.8914
2022-12-05,-0.21618641840835542,0.84468600446,326087897703.5941,386046289368.86334
2022-12-06,-0.20821547852861844,0.850384196971,328201017682.73834,385944398839.682
2022-12-07,-0.22333568735440673,0.839503933452,323945839104.30493,385877690616.9518
2022-12-08,-0.1962270347411211,0.858945882155,331331799697.2159,385742346032.2566
2022-12-09,-0.20158607920655405,0.854978591377,329515480228.8269,385407872842.898
2022-12-10,-0.20238632087476402,0.854415449082,329302474097.54333,385412593430.22424
2022-12-11,-0.2040165750706027,0.853211507586,328744079344.8782,385301975444.5145
2022-12-12,-0.19657126019605267,0.858539391858,330704952984.2636,385194850836.80505
2022-12-13,-0.15598230743310812,0.887729303381,341866163427.8328,385101812146.7925
2022-12-14,-0.15235697747092258,0.890254354657,342552090974.3184,384780022902.89044
2022-12-15,-0.18420437632502767,0.86728278142,333610472205.63245,384661703601.9242
2022-12-16,-0.2344286384039414,0.830992951979,319429708503.90717,384395207857.2857
2022-12-17,-0.22237218433481806,0.839657772493,322681062399.0879,384300691269.76135
2022-12-18,-0.22206268992624412,0.839875774864,322729554932.29346,384258677998.6036
2022-12-19,-0.24437230744630503,0.823536056851,315972232645.3263,383677472305.85956
2022-12-20,-0.21099158054331446,0.847633081501,325176875097.1312,383629287475.7833
2022-12-21,-0.21699783615389218,0.843195618816,323243270748.1628,383355016955.68
2022-12-22,-0.2155621395424262,0.844194325117,323520845954.7279,383230301755.3334
2022-12-23,-0.21729829161333142,0.842886604017,322886162998.30566,383071888270.0305
2022-12-24,-0.21311470737151575,0.84590101132,323994138663.88385,383016611078.76196
2022-12-25,-0.21329688540992103,0.845706555551,323763179790.4042,382831583443.8152
2022-12-26,-0.20930573214021517,0.848591013908,324837072942.0877,382795796347.3143
2022-12-27,-0.22117842801414941,0.8399359586,321365396957.0633,382607023388.6797
2022-12-28,-0.23046090643932177,0.83299277844,318253243893.2231,382060027566.1894
2022-12-29,-0.22264344527274213,0.838526883526,320082752198.536,381720322254.41614
2022-12-30,-0.2247455095804072,0.836965256607,319388854075.39685,381603479420.6123
2022-12-31,-0.22665964345868428,0.835246001939,318067813339.4093,380807346100.45886
2023-01-01,-0.22074385560888468,0.839542831106,319672567829.92584,380769814219.954
2023-01-02,-0.21491836420953028,0.843780085391,321266671119.1712,380746922902.66504
2023-01-03,-0.21563291198898857,0.843211245785,320923849121.50653,380597211820.55365
2023-01-04,-0.20250350074660536,0.852695347503,324371229130.03345,380406941447.38745
2023-01-05,-0.203659946283707,0.851818124476,323934038866.73096,380285450096.5221
2023-01-06,-0.19371705095847275,0.858998530318,326515008906.59827,380111254422.8951
2023-01-07,-0.19445007140667928,0.858446501208,326237998585.17,380032999291.26636
2023-01-08,-0.18621655593204942,0.864443193289,328499715753.26697,380013074663.014
2023-01-09,-0.17751660792203064,0.870777665108,330886115501.8013,379989208222.012
2023-01-10,-0.1593627388151848,0.883951640903,335749580566.8327,379827996273.47034
2023-01-11,-0.13053367155325368,0.904886150128,343465404948.3947,379567534434.9232
2023-01-12,-0.059168427926647706,0.956915395927,363435762403.209,379799263289.2431
2023-01-13,0.009260970438074508,1.006737285894,382696914618.5445,380135830847.57117
2023-01-14,0.08793216048531671,1.063923229924,404719555363.718,380402968917.81244
2023-01-15,0.07835082007150092,1.056945343653,402142059538.9224,380475737892.978
2023-01-16,0.09895935392752943,1.071886746547,408025350489.2305,380660878403.108
2023-01-17,0.09817057143791207,1.071274656024,408005301935.65857,380859660630.78217
2023-01-18,0.06574792272352743,1.047738862359,398995131352.91315,380815435684.58417
2023-01-19,0.09129254697214342,1.066296173366,405991740732.9317,380749505506.83203
2023-01-20,0.2005134806868682,1.145445917644,436623508826.3357,381182124883.20776
2023-01-21,0.20985323356270458,1.152147571819,439387994541.3399,381364336729.5721
2023-01-22,0.20339811028254215,1.147415859687,437735066276.4035,381496440528.3816
2023-01-23,0.21797946266573803,1.157946337765,441857284818.24146,381587013497.6102
2023-01-24,0.19558315443701477,1.14168583391,435749412018.20013,381671909272.85394
2023-01-25,0.22960432694455735,1.166238508234,445371057214.8687,381886770219.3102
2023-01-26,0.22338888324840714,1.161820741319,443458477430.5372,381692684300.9228
2023-01-27,0.2285304626375668,1.165635900125,444671920357.2479,381484407188.86774
2023-01-28,0.22407134526247632,1.162375118008,443507093772.12006,381552466928.38074
2023-01-29,0.2769632549278602,1.200618353218,458299678267.7888,381719700552.1487
2023-01-30,0.20898957654426756,1.15137768201,439513744530.55255,381728559965.8995
2023-01-31,0.23149935535392108,1.167609671158,445903953177.8653,381894706932.01025
2023-02-01,0.2713970638728404,1.196241930423,457436212535.37054,382394397739.94354
2023-02-02,0.2556364523649174,1.184795889398,453185335299.5718,382500766043.20197
2023-02-03,0.2510473396962838,1.181415746292,452052047565.4157,382635874783.47864
2023-02-04,0.24425689774684392,1.176437733184,450331066544.2132,382792096718.458
2023-02-05,0.2165332222304318,1.156408398602,442673043515.76447,382799920902.44135
2023-02-06,0.20169853519048092,1.145679319019,438605028941.3012,382834028388.3813
2023-02-07,0.23772511183586412,1.171652534251,448674357936.5548,382941482069.49255
2023-02-08,0.21467514779353888,1.154986688723,442355589491.7768,382996266373.306
2023-02-09,0.13714047194852425,1.099040577212,420790203963.9413,382870489669.621
2023-02-10,0.12382256517712802,1.089446116412,416998493072.5835,382761925340.4962
2023-02-11,0.1408906930943451,1.101770368949,421730481059.5885,382775297779.9588
2023-02-12,0.13457384257368832,1.097210551986,419964034322.39526,382756102338.09875
2023-02-13,0.13658460852193746,1.09866674955,420497959396.1862,382734764266.2499
2023-02-14,0.16603474754539974,1.119923157609,428692521757.3896,382787442910.4889
2023-02-15,0.3099531975060928,1.22364317031,468884953214.8082,383187651916.54694
2023-02-16,0.2703592774949562,1.195012046683,458066234824.8328,383315160793.8089
2023-02-17,0.3298502191190611,1.237767811543,474777985910.94104,383575967546.8401
2023-02-18,0.33169757600834854,1.239058645614,475367066196.61975,383651789105.63794
2023-02-19,0.31272251036064075,1.225347760367,470190985337.3357,383720442918.5967
2023-02-20,0.34239950236141614,1.246658143379,478527590358.21405,383848285032.80835
2023-02-21,0.3145229001016573,1.226544841574,470883335720.71594,383910412208.3633
2023-02-22,0.2983002907740644,1.214898364016,466337552716.17426,383849025176.58887
2023-02-23,0.2804037848002672,1.20196788302,461466839224.232,383926097979.2365
2023-02-24,0.22963325719207853,1.165447448567,447316040888.53906,383814852774.82544
2023-02-25,0.22867709768069358,1.164771417267,447022542624.343,383785638965.308
2023-02-26,0.2552167169041839,1.183865293006,454425911741.45215,383849340314.38745
2023-02-27,0.25233610699709,1.181751158136,453714768533.1664,383934270264.49445
2023-02-28,0.2289463692956102,1.165088210397,446819268836.4395,383506815062.68726
2023-03-01,0.2618791229477338,1.188892073095,455815311827.3252,383395029828.66864
2023-03-02,0.25221057045825596,1.181929202448,453121431949.6086,383374428020.82227
2023-03-03,0.17463453765397816,1.126016843463,431523107640.1537,383229709347.0016
2023-03-04,0.17355485450021602,1.125231451633,431239053644.6866,383244756462.19086
2023-03-05,0.18037167630083534,1.130220819242,432912254426.8668,383033339199.33105
2023-03-06,0.1803430355568834,1.130223291427,432831999828.83685,382961493637.5544
2023-03-07,0.16842533128470985,1.122035533533,428219361920.7399,381645098682.7377
2023-03-08,0.13585095226519017,1.098460296734,419098099713.9698,381532314786.4828
2023-03-09,0.04285957269068514,1.031092147146,393013679640.0983,381162518527.50134
2023-03-10,0.03605740714489554,1.026171253096,390917907908.01056,380948020838.23285
2023-03-11,0.060317498346332335,1.043781214381,397599044509.8048,380921824451.1092
2023-03-12,0.1632641107370245,1.118453254664,426221507105.4308,381081198814.5844
2023-03-13,0.30711010618339646,1.222477139001,466585218228.0785,381671937529.5384
2023-03-14,0.34832881019458906,1.252017069531,478479673367.31464,382167052679.6819
2023-03-15,0.3225674295785668,1.233259096934,471562885492.7352,382371301103.78723
2023-03-16,0.36579493640776173,1.264318230866,483820966773.28314,382673408451.8326
2023-03-17,0.5298236096285104,1.381709504388,530355563505.5659,383840135586.58704
2023-03-18,0.49694429303771154,1.357927080335,521401004462.55426,383968338221.7584
2023-03-19,0.5796396332726769,1.41718434858,544602429934.9583,384284818330.5459
2023-03-20,0.5539213532368658,1.398348824456,537849646186.5744,384631957906.36444
2023-03-21,0.5760996026792323,1.413889214116,544415302326.4737,385048062387.86975
2023-03-22,0.5175414763222376,1.371700451034,528379507078.967,385200359656.2717
2023-03-23,0.5883494472258399,1.421886913625,548632503448.67126,385848198046.89777
2023-03-24,0.5234184369177625,1.375231386162,530807367185.91296,385976769092.86646
2023-03-25,0.5249387305990351,1.376280144651,531312174636.28394,386049436738.0525
2023-03-26,0.5633949722976956,1.403671575252,542169657055.9983,386251076544.4994
2023-03-27,0.4990484311033432,1.357098415255,524906913723.9932,386786181328.90735
2023-03-28,0.50755113827119,1.363066939643,527422700745.3335,386938223946.2652
2023-03-29,0.5835182893957638,1.417071461284,548815740560.0656,387288683425.1724
2023-03-30,0.5792134367156302,1.420441511641,541733941198.0574,381384194110.3269
2023-03-31,0.6120732074585132,1.443820674085,551292496354.6884,381828925329.7068
2023-04-01,0.6100708395696606,1.442211549223,550928486203.3832,382002547753.96796
2023-04-02,0.5866560031058817,1.425206305097,544524713657.5736,382067292089.6972
2023-04-03,0.5645566629030313,1.409099995135,538533843979.47015,382182844254.3394
2023-04-04,0.5824469405162073,1.4219430768,543647331979.0974,382327071209.1682
2023-04-05,0.5869318909714638,1.424960408187,545148282923.0317,382570827786.4594
2023-04-06,0.5765054617540714,1.41726242259,542445068149.4137,382741445411.4386
2023-04-07,0.5689397392594872,1.411891341659,540298652289.0736,382677219094.0785
2023-04-08,0.5706655830035108,1.413111240664,540851301862.0266,382737951760.888
2023-04-09,0.5979027699307656,1.432780320048,548492793650.62,382817090642.5102
2023-04-10,0.6892302239540322,1.498410626119,574235609982.3527,383229803615.09283
2023-04-11,0.7258209961302855,1.524007596955,585087519181.1974,383913781237.18994
2023-04-12,0.7020815117020629,1.506773205338,578654885226.6572,384035821168.49036
2023-04-13,0.7328334897700779,1.528589539867,587538152475.136,384366199788.50354
2023-04-14,0.7374865672368793,1.531450017782,589270068912.4236,384779171419.4263
2023-04-15,0.7290061022918877,1.525286478334,587038231196.8175,384870802656.0441
2023-04-16,0.7265980821594116,1.523487449103,586498169368.5076,384970791662.1344
2023-04-17,0.6678115302194253,1.481199761253,570208016248.9177,384963616093.59045
2023-04-18,0.7290663749097945,1.524898878521,587602759964.4852,385338836719.7183
2023-04-19,0.619039743499606,1.445557031038,557245599384.4084,385488491577.72174
2023-04-20,0.5810870904538235,1.418296444501,546713741184.974,385472122774.2516
2023-04-21,0.5141748011034457,1.370138666353,528175134909.0028,385490277648.23676
2023-04-22,0.5512944080137281,1.396814023725,538564949198.4576,385566682500.95435
2023-04-23,0.5354839034983793,1.385375480736,534277114846.2925,385655096596.9532
2023-04-24,0.5296192787291618,1.381178300296,532666177826.66583,385660691101.5835
2023-04-25,0.5837410397871963,1.420027669157,547833832702.5402,385790956473.2369
2023-04-26,0.5888394789616511,1.423548393886,549435199387.87,385961728977.84155
2023-04-27,0.6634742880107116,1.477024680925,570390261178.377,386175172659.3796
2023-04-28,0.6544276955048778,1.470212541775,568196114329.5779,386472090384.69354
2023-04-29,0.6451787804540885,1.463534273428,565718094832.8191,386542430268.9896
2023-04-30,0.6547714758807798,1.470402257877,568466684139.17,386606237234.6565
2023-05-01,0.5681431958363711,1.408272273073,544353449574.5647,386539918439.7258
2023-05-02,0.6077348739133723,1.436592482997,555521717581.1757,386694016679.1446
2023-05-03,0.6299815311200413,1.45181633614,562410583931.3228,387384113218.2225
2023-05-04,0.6166384473129637,1.442232154866,558773645025.0818,387436684960.7498
2023-05-05,0.6645949726756655,1.476466635695,572294716419.607,387611004938.2981
2023-05-06,0.6190452860689555,1.443843173393,559666442122.5637,387622736621.29095
2023-05-07,0.6025038541143566,1.429877064919,557024258369.1561,389560943409.2927
2023-05-08,0.5300177365436766,1.378067479397,537013903849.53534,389686217749.30505
2023-05-09,0.5243358202616065,1.374090435543,535396500180.69135,389637018300.8504
2023-05-10,0.5247455904830486,1.374436923429,535495151707.0393,389610568938.3436
2023-05-11,0.4790602718894107,1.341912915639,522741765621.6745,389549693970.0832
2023-05-12,0.46415522843960483,1.331264514159,518640829707.00287,389585108136.56287
2023-05-13,0.46891254792139403,1.334669775407,519983463986.6365,389597092530.3006
2023-05-14,0.4741048297469675,1.338338944895,521501767636.86115,389663447832.9223
2023-05-15,0.49442454063180763,1.352469393563,527597676412.83777,390099531215.94354
2023-05-16,0.4796131183961862,1.341803499909,523634254375.96967,390246600498.1222
2023-05-17,0.5054877596983971,1.360182926857,530933746512.83374,390339957978.7935
2023-05-18,0.4669421258522737,1.332798511609,520149069256.5386,390268344934.2968
2023-05-19,0.4703585843819966,1.335285312277,521070836897.92114,390231834430.4733
2023-05-20,0.48495418642899657,1.345668504663,525188703696.1737,390280891524.394
2023-05-21,0.46238745851546137,1.329584607553,518939805773.35767,390302206287.14044
2023-05-22,0.4661276141554933,1.331796174941,520546146828.68176,390860220672.8387
2023-05-23,0.4914576108516742,1.349756710174,527706821772.363,390964399580.08075
2023-05-24,0.43008609635932166,1.306148991112,510568856611.54913,390896337313.6111
2023-05-25,0.4390489991525398,1.312302574122,513373437575.88806,391200510994.47253
2023-05-26,0.4554292653468569,1.323951129649,517964772439.35925,391226504392.711
2023-05-27,0.4647269237760747,1.330559181986,520589684799.388,391256316778.29834
2023-05-28,0.5507012873795448,1.391560954233,544713631696.41895,391440727076.6331
2023-05-29,0.5272295777304333,1.374801000798,538296723420.2816,391545193164.5588
2023-05-30,0.5230047793271605,1.371662586882,537303974431.53375,391717306843.59357
2023-05-31,0.488479470482063,1.347122513076,527734362861.804,391749345541.5447
2023-06-01,0.4609916982456219,1.32755818548,520149803853.8615,391809420892.38293
2023-06-02,0.4905776181780463,1.348499664123,528512754630.3877,391926500756.0141
2023-06-03,0.4783688596144442,1.339845350422,525125397359.78687,391929857572.2881
2023-06-04,0.48382048378335046,1.343716524322,526679506782.1844,391957304423.2164
2023-06-05,0.38890768986515084,1.276417765634,500086760503.23615,391789251111.5605
2023-06-06,0.4874432246335273,1.3462357416,527805281358.1224,392060071686.1271
2023-06-07,0.42681530374625637,1.303228127244,510872747611.9035,392005618150.8843
2023-06-08,0.43942396434095665,1.312170481703,514430501556.3999,392045476353.611
2023-06-09,0.43585216847610125,1.309627647538,513468924118.93225,392072452871.78735
2023-06-10,0.3939156540454379,1.279906228962,501710449004.70013,391990004933.08466
2023-06-11,0.39711078758867097,1.282204028842,502582898459.83105,391967960757.1737
2023-06-12,0.3973451179123674,1.282415132209,502606840607.85065,391922106956.1887
2023-06-13,0.39571491285456034,1.281288526881,502128298740.5132,391893229515.46924
2023-06-14,0.34144686966160487,1.242758133707,486950552678.45825,391830509470.04675
2023-06-15,0.3737998189397024,1.265794710232,495929474633.99506,391792974504.60913
2023-06-16,0.42727183182097994,1.303742036635,510947065430.74207,391908100738.63446
2023-06-17,0.44000747474213925,1.312806147734,514508639698.38794,391915166292.0437
2023-06-18,0.4284307566386816,1.304485514887,511424654895.8779,392050849978.33777
2023-06-19,0.4585199395293105,1.326002267293,519678514144.5061,391913744767.13116
2023-06-20,0.564293660849142,1.401058308786,549343799477.71765,392092032167.9669
2023-06-21,0.6871268190049393,1.487688159529,584185860834.0365,392680318850.5506
2023-06-22,0.6756969942687856,1.479224774259,581358382042.0336,393015579618.89746
2023-06-23,0.7218599164528824,1.511461032551,594694065924.9224,393456432628.77576
2023-06-24,0.7148394345850467,1.506266238891,592987890855.0363,393680662517.9544
2023-06-25,0.7086138137146292,1.501725462895,591433552695.0343,393836002191.0257
2023-06-26,0.6930532173637579,1.490477217783,587354472876.4258,394071419454.55707
2023-06-27,0.7199802694824967,1.508993136561,595363699913.8203,394543676501.1774
2023-06-28,0.6795457360740383,1.480047953676,584453424037.3441,394888167363.5879
2023-06-29,0.7041709247498219,1.4974352167,591407318592.3457,394946847781.28186
2023-06-30,0.7046326471308014,1.497404119431,591897765637.368,395282581339.6879
2023-07-01,0.7093414640905675,1.500071404388,593810178287.0383,395854608353.99457
2023-07-02,0.7097876886200982,1.500295120753,594086124744.982,395979508649.4779
2023-07-03,0.7465145863850788,1.525922363387,604620797716.763,396233001248.32153
2023-07-04,0.7227986452996811,1.509148391226,598134575137.0653,396339139752.29004
2023-07-05,0.7014343424815132,1.494037535141,592297040619.1724,396440535587.53076
2023-07-06,0.6671207256482315,1.470491737414,582261234281.4344,395963621873.45325
2023-07-07,0.6909879466683476,1.487208780434,589095022829.2559,396107816588.70056
2023-07-08,0.6861690866330583,1.483788128844,587841663177.4305,396176281337.01965
2023-07-09,0.6789440542067654,1.478660537861,585923377405.3176,396252799342.9123
2023-07-10,0.6945244595963334,1.489525354536,590448269412.5723,396400281213.4084
2023-07-11,0.7090654559761158,1.499536522954,594778750901.7263,396641723490.7001
2023-07-12,0.6925120205489035,1.487755265888,590325510735.3842,396789394244.2443
2023-07-13,0.7647825864062171,1.538500113181,610731309494.0143,396965397832.352
2023-07-14,0.6865675598591757,1.483457241083,588918530172.9481,396990566268.70306
2023-07-15,0.6850551639576882,1.482403144167,588560314529.3848,397031210332.53864
2023-07-16,0.6820151135155796,1.480253300626,587790692134.452,397087911836.356
2023-07-17,0.6749168533720492,1.475399676867,585756083872.9222,397015190566.37646
2023-07-18,0.6530183629578346,1.45985580542,579801229885.0629,397163355265.9362
2023-07-19,0.6577607726736447,1.463037215762,581330729751.3192,397345141660.35223
2023-07-20,0.6500077182599644,1.457534391178,579266914318.2406,397429328477.1612
2023-07-21,0.6582007086023738,1.463442609814,581505118062.6237,397354234571.95325
2023-07-22,0.6446704839046522,1.453936935337,577765664913.1605,397380141374.04346
2023-07-23,0.6680137793988183,1.470319604139,584412592865.5505,397473169248.6511
2023-07-24,0.6065426260403418,1.427138509577,567175501671.5082,397421482123.4258
2023-07-25,0.6094897196231981,1.42923855151,568034510474.9121,397438559066.84015
2023-07-26,0.6191793088792579,1.436080716187,570788957155.0269,397463005192.7397
2023-07-27,0.6094037313467939,1.429632064392,567705587810.3228,397099087205.88116
2023-07-28,0.6221750750525301,1.440164978549,569959677160.0485,395759989757.768
2023-07-29,0.6250814349284193,1.442211649973,570840562162.5763,395809146440.6512
2023-07-30,0.6182446358380043,1.437384415792,568974872634.1339,395840435156.4006
2023-07-31,0.6154322803469372,1.435482408871,568164226105.1633,395800201098.96136
2023-08-01,0.6346197452162691,1.449024030947,573629784670.5057,395873203217.76434
2023-08-02,0.6103712583452408,1.432048628755,566726820626.5154,395745513976.8672
2023-08-03,0.6136588277198806,1.434367776395,567710991370.1062,395791791138.0689
2023-08-04,0.604170694469118,1.427652983063,565105804695.3821,395828546151.99225
2023-08-05,0.6038144197870614,1.427408392655,565052912292.7183,395859317627.8807
2023-08-06,0.6033230928147285,1.427044043698,564984423123.5125,395912393607.2978
2023-08-07,0.6113179513048527,1.432710437146,567273367302.8016,395944185646.3518
2023-08-08,0.6537166340024715,1.46267267691,579261915351.565,396029764208.9664
2023-08-09,0.6397807898589246,1.452750656477,575468304282.0208,396123245043.002
2023-08-10,0.6291143231624654,1.445222004734,572519595905.101,396146470251.4517
2023-08-11,0.6267085340231479,1.443460117805,571956438561.5012,396239862471.0517
2023-08-12,0.6275488736764572,1.444002195989,572297423307.2441,396327252754.1252
2023-08-13,0.6183653057728873,1.437480909277,569800385426.1592,396388141052.07684
2023-08-14,0.6266643701053422,1.443311936754,572222106279.2792,396464611500.54877
2023-08-15,0.6098314398743069,1.43140313407,567556759131.4548,396503784030.2085
2023-08-16,0.5812699530197133,1.411251226179,559543774142.6799,396487715130.39496
2023-08-17,0.4372225175820612,1.309597789983,518826863048.6306,396172677609.1807
2023-08-18,0.39506415550235624,1.279955274829,506721783913.45654,395890226696.5178
2023-08-19,0.39914570275002903,1.282875825078,507846438071.15137,395865623268.93475
2023-08-20,0.40497739817660083,1.287026193244,509478386019.2887,395857045251.8363
2023-08-21,0.40225656800035337,1.285209423972,508579521674.7416,395717236575.3067
2023-08-22,0.3922889188947679,1.278234400958,505669568328.7056,395600030753.13947
2023-08-23,0.425263010560411,1.301640510691,514919209015.0047,395592488698.4735
2023-08-24,0.4033885343379025,1.286264498958,508607674820.29224,395414531950.7101
2023-08-25,0.39797618151855935,1.282530939849,506957185572.9049,395278717901.8013
2023-08-26,0.3956694013504337,1.280910484603,506303782993.0188,395268669496.4016
2023-08-27,0.40107866038947676,1.284719699038,507883827671.5994,395326566605.8546
2023-08-28,0.4025079148358453,1.285785965076,508232408563.7208,395269836790.97815
2023-08-29,0.5114753694538284,1.3631929159,538807201879.9037,395253815945.9076
2023-08-30,0.4856362255354189,1.344866297954,531561630095.86505,395252398624.71936
2023-08-31,0.39310472966366033,1.279294333561,505412286329.01166,395071152173.52936
2023-09-01,0.3829413135494601,1.272142442172,502475261599.45935,394983490010.40735
2023-09-02,0.387555018835253,1.275429178013,503775509930.82574,394985090991.6152
2023-09-03,0.3942129356849903,1.280178738226,505636660531.69293,394973487243.17664
2023-09-04,0.3830808465490448,1.272295663234,502485734430.55206,394944154060.30914
2023-09-05,0.38227853310259324,1.271797475869,502171430649.91614,394851727714.5797
2023-09-06,0.3806237711280603,1.270666304167,501656133395.8638,394797699247.0342
2023-09-07,0.4122501014951704,1.293153415402,510558478038.27527,394816633476.97925
2023-09-08,0.3912168925288806,1.278230950625,504621236835.8533,394780956124.6465
2023-09-09,0.3906756803783544,1.277871761676,504449363829.6965,394757423208.1653
2023-09-10,0.38635553684189927,1.274805713565,503242767131.7789,394760363698.448
2023-09-11,0.3386825666868068,1.240998802155,489700142564.4573,394601623880.77313
2023-09-12,0.38904811247526844,1.276849786407,503841361451.7037,394597208548.3065
2023-09-13,0.4144747939507539,1.294929881704,511019169908.62366,394630765054.3772
2023-09-14,0.43682789436956077,1.31072461763,517460186589.9245,394789400938.82983
2023-09-15,0.4446763919268242,1.316247721823,519762749395.7533,394882164487.91504
2023-09-16,0.43653746621285794,1.31045230781,517508914919.9982,394908621882.50714
2023-09-17,0.43280125836304245,1.30778359727,516496770733.76605,394940548124.28735
2023-09-18,0.4505691820908271,1.320321096515,521632787593.76227,395080249017.1648
2023-09-19,0.4807178812726359,1.341491282124,530434922294.0389,395406909729.74097
2023-09-20,0.4751174391139604,1.337531751739,528868345382.3211,395406198540.49054
2023-09-21,0.4363588448623425,1.310046276386,517940823891.0621,395360708417.03064
2023-09-22,0.43703366617485884,1.310529519075,518148451376.85046,395373353926.8698
2023-09-23,0.436648861438567,1.310250960634,518069661036.8464,395397276248.63904
2023-09-24,0.4166574770683999,1.296058458113,512457226998.516,395396692016.9863
2023-09-25,0.4168355173191077,1.296187807462,512523325127.045,395408228789.46155
2023-09-26,0.4104108344539779,1.291644411828,510707682977.89667,395393405724.6588
2023-09-27,0.4203319175976004,1.298711354638,513493183428.7344,395386689732.8116
2023-09-28,0.46843095435941473,1.332826815107,527114436863.46533,395486068323.99927
2023-09-29,0.45979302322730603,1.326653306014,524756938047.95734,395549414205.74854
2023-09-30,0.4642036757489066,1.329742814001,526075791386.05505,395622210435.69366
2023-10-01,0.5313178998055992,1.377331393995,545063625648.5012,395738910784.2262
2023-10-02,0.5046902095443475,1.35843524556,537597189376.07947,395747380033.9014
2023-10-03,0.49565067624678544,1.351957092666,535153460226.5144,395836127588.35065
2023-10-04,0.5199043993266143,1.369035570095,542160520527.8175,396016387280.7161
2023-10-05,0.49438531251104323,1.350981968888,534950498590.6463,395971605032.5725
2023-10-06,0.5295687531949974,1.37581058469,545035568358.9752,396155963927.1009
2023-10-07,0.5312832362127143,1.376921632645,545666018320.83685,396294172002.105
2023-10-08,0.528649242837717,1.375035048808,544981306054.7192,396339938045.32935
2023-10-09,0.504281280642286,1.357643501831,538278357094.6784,396479897976.69543
2023-10-10,0.4923997474581339,1.349224905545,534959366481.3849,396493841970.17596
2023-10-11,0.4515194587318068,1.320267435058,523443617438.48944,396467869720.2695
2023-10-12,0.4456672109024018,1.316151935393,521777018609.8072,396441326095.08014
2023-10-13,0.45277925760566845,1.321220609655,523772953760.5984,396431110696.4696
2023-10-14,0.4534704790116287,1.321559699731,524178794761.6759,396636485562.00006
2023-10-15,0.4719650025402028,1.334644980263,529442998597.0687,396692009056.0253
2023-10-16,0.5665669318300359,1.401484702482,556330012853.7865,396957606364.54877
2023-10-17,0.5611476619790756,1.397569787083,554922670009.3156,397062583305.80194
2023-10-18,0.5535799508374692,1.392147247637,552896547827.5342,397153784390.2709
2023-10-19,0.578904168604437,1.410163206398,559992553526.0752,397111873991.1475
2023-10-20,0.6481054305838936,1.458847579295,579821427846.1895,397451684518.264
2023-10-21,0.6627982973195583,1.469157536053,584096126027.6635,397572153900.44604
2023-10-22,0.6667237657962898,1.471860430263,585327499000.0365,397678670453.4526
2023-10-23,0.8689795605220898,1.613500605985,643338061309.7109,398721921097.1228
2023-10-24,0.9292721421734771,1.654397557736,661457680682.435,399817853689.0629
2023-10-25,0.9691642916738084,1.681601781377,673352887607.2732,400423509932.2326
2023-10-26,0.945190152982328,1.663662918099,667387843568.6382,401155688636.2745
2023-10-27,0.9244487447603058,1.648793504518,661864606136.3345,401423589019.91223
2023-10-28,0.9370495365776453,1.65738945553,665699403187.6077,401655387010.2488
2023-10-29,0.9696001088260487,1.679987904494,675155541179.4105,401881191747.4861
2023-10-30,0.9627318603637992,1.674700476949,673641945531.777,402246225402.06726
2023-10-31,0.9710243540259261,1.679986208289,676435313127.4437,402643372778.85547
2023-11-01,1.0232370214596715,1.715331297044,692005135084.2311,403423604686.0168
2023-11-02,0.9839268104554405,1.687432786238,681313058707.277,403757153626.37427
2023-11-03,0.9703775722563135,1.677473281454,677930509621.0774,404137888284.85
2023-11-04,0.9960530633507346,1.695198047921,685445372905.6,404345305698.1949
2023-11-05,0.9963754239440942,1.69531363252,685753933111.1659,404499745626.3161
2023-11-06,0.9892764269531098,1.690062847822,684075855228.6017,404763560189.5969
2023-11-07,1.0153758152064734,1.707693280842,691934232277.7666,405186481694.5345
2023-11-08,1.0401650374501465,1.724477503,699379861493.9697,405560443831.4147
2023-11-09,1.096907740508982,1.762200964364,716554937246.1757,406624983039.2013
2023-11-10,1.1424105397877706,1.792853668717,730114337393.7738,407235877714.5808
2023-11-11,1.1148196483109551,1.773581111946,722578816039.1404,407412331565.8881
2023-11-12,1.1191541769853552,1.776498366314,724050510722.7842,407571728999.16235
2023-11-13,1.0829913997324065,1.751221714879,714110932281.1439,407778710264.8423
2023-11-14,1.0168439291507851,1.705402061503,695526681621.9908,407837364174.9977
2023-11-15,1.1695246730102498,1.810152914492,739529498353.9537,408545318151.4749
2023-11-16,1.0528346615669029,1.729237075753,706727280727.5068,408693111336.2585
2023-11-17,1.0800361023272416,1.747806543208,714761166975.2008,408947528977.2615
2023-11-18,1.0799446194250293,1.74769689693,714945979789.7671,409078931847.75885
2023-11-19,1.1386775404216642,1.78814575059,731899071791.294,409306160613.47534
2023-11-20,1.1419263442415293,1.789732455017,733371228930.5375,409765843422.4301
2023-11-21,1.0384182829845883,1.717720966087,704454241190.6842,410109822898.3278
2023-11-22,1.1306506920006212,1.780655097435,731230704479.3485,410652633141.967
2023-11-23,1.1234939832710609,1.775570834214,729479763214.5287,410842388914.01416
2023-11-24,1.1502531089771786,1.793664605571,737477876623.1957,411157066004.7813
2023-11-25,1.155102704247158,1.796938311512,739105838366.7302,411313974237.0029
2023-11-26,1.1324762586331325,1.781247130023,732933517212.2942,411472111229.6362
2023-11-27,1.114345667540406,1.768699884325,728007625505.0597,411606079672.9762
2023-11-28,1.1541444776418408,1.795694998493,739759969555.1896,411963039478.3178
2023-11-29,1.1534083672940325,1.794443185541,740151719383.5668,412468739800.4307
2023-11-30,1.143658776632919,1.787790724759,737559963657.6083,412553859600.6721
2023-12-01,1.2093122861245396,1.831958430263,756979072757.1498,413207559872.6747
2023-12-02,1.2601230340925877,1.866562636124,771849857306.7882,413514040391.14844
2023-12-03,1.2941509630556416,1.88957149278,781982500933.8688,413841182470.1008
2023-12-04,1.4215277175078553,1.974157660867,819814934315.0968,415273283672.3157
2023-12-05,1.5651839567851058,2.070210110876,862040657424.9015,416402496005.6508
2023-12-06,1.5380957703979485,2.049004981703,855795078786.4973,417663737486.48285
2023-12-07,1.5034002802280442,2.024192806038,846764339890.7688,418321978699.3317
2023-12-08,1.5633477349502234,2.063554127808,864847778236.8765,419105933099.78094
2023-12-09,1.5299050774744922,2.040603828859,855792329926.9049,419381909327.0151
2023-12-10,1.527941280955671,2.039126541822,855687879830.6742,419634516191.4768
2023-12-11,1.35370225948045,1.920421604102,806366344749.7966,419890269421.7805
2023-12-12,1.3678108966042906,1.928403638971,811439872900.6285,420783209750.4309
2023-12-13,1.4663488988418791,1.994507456072,840280084906.0906,421297038698.9404
2023-12-14,1.4708837499537035,1.997076014934,842160345950.7255,421696690387.90063
2023-12-15,1.3962440519021446,1.945584187067,821555930265.7354,422266965226.6471
2023-12-16,1.4100580110458432,1.954587603816,826001802531.8429,422596460204.2983
2023-12-17,1.3563931598658223,1.918432937883,810881174245.3148,422678926238.6863
2023-12-18,1.4359150129714553,1.970997560336,834551810875.268,423415953256.1777
2023-12-19,1.4090858899632537,1.952266717846,827472216777.7076,423852032723.6254
2023-12-20,1.4970230711307515,2.010355157868,853610950918.3718,424607038998.8374
2023-12-21,1.5130183189087203,2.02055347695,858840219309.1272,425051961804.8099
2023-12-22,1.5199825047108744,2.024349186253,861612765680.0215,425624576792.9182
2023-12-23,1.5020357955203263,2.012046953684,856944238425.8184,425906680187.944
2023-12-24,1.4540476757289185,1.978993772604,843852920767.2596,426405041010.7663
2023-12-25,1.4885872616983136,2.002168071468,854188718516.3186,426631875060.33044
2023-12-26,1.4089318230359857,1.947666354666,832047859801.0199,427202460938.8016
2023-12-27,1.4679445977631238,1.98454282113,850603955311.5321,428614563644.0325
2023-12-28,1.414181694364505,1.948191066046,835630557952.1046,428926388440.9857
2023-12-29,1.3662150412359375,1.915289168243,822508753451.7498,429443640725.16644
2023-12-30,1.3788452178845132,1.923525954915,826579160024.2511,429720824880.0456
2023-12-31,1.3784796783032904,1.923147103068,826868406538.1709,429955880763.9136
2024-01-01,1.5013067795409052,2.005011405976,862798932438.5515,430321209079.8845
2024-01-02,1.558492037509313,2.041843744783,880301238448.1906,431130560650.09814
2024-01-03,1.4093076723531759,1.941607815328,837886611759.9718,431542665385.50464
2024-01-04,1.4959857661185008,1.991280476371,866868194472.4562,435332041246.282
2024-01-05,1.4861248370427242,1.983754393826,864860632050.2275,435971627708.50885
2024-01-06,1.4693618390744514,1.972626827535,860425656118.4233,436182679921.0744
2024-01-07,1.463198414284791,1.968589392178,859012443610.0101,436359378458.1047
2024-01-08,1.6720725443269704,2.105199604079,920512392403.762,437256586320.9324
2024-01-09,1.6076308024489248,2.061111820714,902974871223.5372,438100864857.8481
2024-01-10,1.6539984098435032,2.090437479903,917398869581.0612,438854966197.6162
2024-01-11,1.6211462954851934,2.06755309096,908880379024.5656,439592280845.64294
2024-01-12,1.3805841194815809,1.910157143573,839096097616.4066,439281187121.00037
2024-01-13,1.3817201302635416,1.911017344621,839717259324.3887,439408497096.0452
2024-01-14,1.3162659975368947,1.868072683047,820960086253.5798,439469028000.8365
2024-01-15,1.3584359466940414,1.895817002527,833548710417.6099,439677832463.01935
2024-01-16,1.3939534311546065,1.915131498731,846175712864.9702,441836873042.7447
2024-01-17,1.360214651238586,1.892920670298,836757824473.3639,442045901660.33435
2024-01-18,1.2607136567317616,1.826405496575,808815882007.2329,442845733613.90967
2024-01-19,1.2824688898519871,1.840326498572,815611837232.0771,443188661286.43506
2024-01-20,1.2860310457371618,1.842828285649,816861256061.064,443264986988.9451
2024-01-21,1.2765564899468582,1.836787376079,814318181968.0931,443338294117.865
2024-01-22,1.1445507062928744,1.750703117876,775932511818.8115,443211932335.04584
2024-01-23,1.154237110057205,1.75685238167,779111859291.3501,443470303720.54065
2024-01-24,1.1754148941842362,1.769398537471,786296878249.5127,444386531127.8974
2024-01-25,1.161517905360602,1.759912897525,782730418148.3042,444755203083.6715
2024-01-26,1.2904456967479017,1.843658004535,820871113388.8333,445240446639.05554
2024-01-27,1.3072048272111716,1.854538165179,826104247111.5658,445450119400.39
2024-01-28,1.2968279909475793,1.847823938144,823356005467.9299,445581415237.4977
2024-01-29,1.3779517041733247,1.900281404617,847624931690.9917,446052321320.1835
2024-01-30,1.3561358856388013,1.884454643724,842401659509.7396,447026763055.9746
2024-01-31,1.3290627974776712,1.865776569305,835364222162.0884,447730042227.5433
2024-02-01,1.356773330664941,1.883692689819,843856959361.5793,447980163602.3038
2024-02-02,1.3644586212363357,1.888479126867,846556232629.2255,448274074404.8721
2024-02-03,1.352138695203042,1.880647419447,843203026562.8829,448357846262.7646
2024-02-04,1.3240310006484204,1.862423695961,835277882869.2004,448489720508.09406
2024-02-05,1.325659282439436,1.863325630825,836162692896.9808,448747486249.4991
2024-02-06,1.3554478839811455,1.881777313878,845693113581.4182,449411897648.2923
2024-02-07,1.4304222693006616,1.929905898886,868307228059.1835,449922055039.2621
2024-02-08,1.5000440981309155,1.974244701407,889519016233.136,450561683462.64056
2024-02-09,1.6201937024921562,2.050894304805,925768615916.4115,451397526312.032
2024-02-10,1.6591999232744084,2.075743628106,937900623195.3085,451838372762.38696
2024-02-11,1.6843244007140317,2.091679256465,945946661324.0156,452242693711.4123
2024-02-12,1.7988847380179367,2.163451148703,981112034988.7357,453493962910.5642
2024-02-13,1.771334042565653,2.144571750971,974054908900.8115,454195532725.72375
2024-02-14,1.9093547124406045,2.227481564237,1017597474063.2532,456837663844.73773
2024-02-15,1.9117309860823277,2.227672856945,1019510236754.0828,457657071852.20416
2024-02-16,1.9224584014041468,2.233361065632,1023836267564.0166,458428457144.38464
2024-02-17,1.8879179150867322,2.211108586549,1014413414440.1022,458780459996.9256
2024-02-18,1.9166981616904115,2.229209056718,1023743059920.6989,459240490179.92334
2024-02-19,1.8877775121822313,2.207720044105,1017048408416.95,460678160318.67255
2024-02-20,1.91808829994479,2.226411177484,1026974429999.0883,461268987680.7217
2024-02-21,1.8770819428893006,2.199223255693,1015951209301.8634,461959106094.35864
2024-02-22,1.8431571336056995,2.176256754311,1007119959019.4268,462776258832.69446
2024-02-23,1.805808956427536,2.151044247173,997290498112.2657,463630861811.86194
2024-02-24,1.8559214320895265,2.182874558495,1012829187887.0153,463988727132.95917
2024-02-25,1.8650069575904618,2.188723304731,1016185995310.12,464282530877.06396
2024-02-26,2.04484967770932,2.30035580813,1071322129159.3308,465720183535.5321
2024-02-27,2.2002614741062603,2.39296751458,1120426601291.386,468216385916.1443
2024-02-28,2.530817159003198,2.578804516452,1226750759834.859,475705216121.8722
2024-02-29,2.450630603028314,2.523625575021,1205865991757.463,477830785871.4058
2024-03-01,2.5113403004235075,2.552193764104,1228113241125.587,481199060352.9827
2024-03-02,2.4758800496955904,2.530515094253,1218836653884.7495,481655555682.2498
2024-03-03,2.532707392686538,2.564912446775,1237397939322.0188,482432817883.4582
2024-03-04,2.8523753206384743,2.751198902437,1337644545844.4673,486204230693.60333
2024-03-05,2.5654468692348145,2.565781926711,1256356364718.29,489658279855.75385
2024-03-06,2.678612716660581,2.612226371577,1298715391395.494,497168011749.0966
2024-03-07,2.726148270825625,2.630694305772,1317782410417.2563,500925709051.7561
2024-03-08,2.7953099766421365,2.663773784415,1342866381837.3845,504121780045.3336
2024-03-09,2.7984753361271455,2.664446669894,1346056196239.3835,505191645022.8421
2024-03-10,2.815766275780954,2.673324643842,1353579668685.426,506328205144.6296
2024-03-11,3.0119786480370605,2.776042557045,1418814650993.1611,511092543373.48474
2024-03-12,2.9491335384697144,2.732831670246,1403836996419.445,513693181948.9184
2024-03-13,3.021358117431276,2.746836537171,1436314177938.6284,522897579998.6648
2024-03-14,2.907506735780832,2.676637138189,1405397203963.9863,525060787625.0538
2024-03-15,2.764946776921755,2.593181988006,1364563991872.797,526212197286.6487
2024-03-16,2.502788448525752,2.443363523614,1286174217035.593,526394948850.3461
2024-03-17,2.67857646725547,2.541969044316,1342284214005.9248,528049000835.53546
2024-03-18,2.6391737883185984,2.51875351754,1332237494666.7705,528927298915.6683
2024-03-19,2.2647877926743885,2.30649799611,1218251084304.752,528182155960.8465
2024-03-20,2.6353442831050096,2.517432122856,1333885263897.7363,529859475370.6637
2024-03-21,2.4757123490845228,2.425056482588,1286880964052.164,530660202470.3423
2024-03-22,2.3429437482523188,2.347242779085,1248237492815.0354,531788830681.42706
2024-03-23,2.378560400414391,2.355130916016,1265499269578.2336,537337122523.5261
2024-03-24,2.561257807771368,2.459089042138,1323148747346.792,538064594113.4405
2024-03-25,2.714944149017768,2.531973278125,1377329438014.7817,543974713285.5739
2024-03-26,2.710926019812843,2.529858023857,1377958914921.447,544678358203.13055
2024-03-27,2.653557322271338,2.497305617703,1362223531385.005,545477302308.7043
2024-03-28,2.7416015222877155,2.542320039061,1392950313815.1062,547905178110.30164
2024-03-29,2.677980527236065,2.50681430136,1375119172323.9653,548552468197.55817
2024-03-30,2.6570989258400592,2.495980095994,1370190408232.7249,548958868074.25024
2024-03-31,2.751068558580655,2.54947270434,1401022109461.656,549534069173.0797
2024-04-01,2.6462134749591413,2.483865174687,1372845320592.963,552705249295.9725
2024-04-02,2.3683892663641375,2.325824861038,1289150894904.9507,554276857428.384
2024-04-03,2.4009021698406343,2.343574739079,1300942909083.0212,555110484589.9978
2024-04-04,2.5417033418465413,2.422340254314,1346404337707.1921,555827916953.1823
2024-04-05,2.5037722172662464,2.401839662162,1335976840644.8728,556230651733.9722
2024-04-06,2.576097555262359,2.442327543695,1360265973337.5532,556954769170.5615
2024-04-07,2.587870960324067,2.449775072637,1365388593961.6086,557352635845.0002
2024-04-08,2.7263014137292294,2.52594267686,1411110586059.4548,558647113802.9176
2024-04-09,2.555748940467488,2.431151797828,1359260007106.1987,559101249177.6805
2024-04-10,2.6445702434174394,2.480887886464,1388940357095.897,559856156609.9419
2024-04-11,2.6061763045679283,2.459930871341,1378511306220.9265,560386197141.1614
2024-04-12,2.4180737077835013,2.355699837214,1320543247051.6003,560573646179.5398
2024-04-13,2.256674090172205,2.266724603585,1270492985833.1172,560497284859.2786
2024-04-14,2.3217355262424553,2.303797513539,1292151526364.2095,560878948245.438
2024-04-15,2.178701843499702,2.224653591762,1247813165529.8499,560902232217.4395
2024-04-16,2.198783935458945,2.235583060627,1255585004528.3425,561636481614.8662
2024-04-17,2.044174365854469,2.150115532828,1207201304926.8154,561458808373.4319
2024-04-18,2.1758379248828015,2.223657090198,1250290039869.588,562267467129.2322
2024-04-19,2.1870800506915398,2.229521797353,1255319975339.04,563044495384.355
2024-04-20,2.2554398601603665,2.268874228093,1277895532215.4429,563228898452.2163
2024-04-21,2.2562246680714506,2.270178573833,1279109157045.1768,563439886090.3315
2024-04-22,2.374074432732885,2.336371416788,1318052855171.249,564145257770.3949
2024-04-23,2.3357782162430305,2.315430605828,1307075893683.7517,564506615051.9939
2024-04-24,2.18994550472918,2.229186378145,1263882566632.7507,566970343540.5345
2024-04-25,2.2070169712229433,2.239412644798,1270318817448.1624,567255356175.2117
2024-04-26,2.158991710078897,2.213395882136,1255815635501.8833,567370548412.686
2024-04-27,2.1346399495528763,2.200293292653,1248987882000.5325,567646088896.8885
2024-04-28,2.1033163098145913,2.182739504636,1240140042894.858,568157602068.8127
2024-04-29,2.1570023645581897,2.213049963714,1258475557385.6252,568661159042.9788
2024-04-30,1.9536875670765448,2.099491659604,1194069248252.2043,568742077535.7719
2024-05-01,1.8006878470817185,2.01516295818,1144969805261.1355,568177278474.401
2024-05-02,1.8625563316535927,2.050901531028,1165247264400.3933,568163437771.8375
2024-05-03,2.09294913884161,2.180678249434,1240373492062.4695,568801698455.245
2024-05-04,2.1451690554989056,2.210725676775,1258076134304.8257,569078356270.8257
2024-05-05,2.154124151039144,2.216655067084,1261776217571.7017,569225332487.8204
2024-05-06,2.099622611001001,2.186202853853,1245266971187.337,569602664726.495
2024-05-07,2.0467287200162088,2.157205469069,1228922316589.07,569682551898.7047
2024-05-08,1.963590102643239,2.110540935051,1202993674653.4016,569993054706.7698
2024-05-09,2.0776445127890137,2.175223560734,1240822352263.6616,570434402542.4967
2024-05-10,1.9480348377657637,2.102988744981,1199451802640.4268,570355787924.7059
2024-05-11,1.9426257909906703,2.100448702876,1198436760485.3406,570562260741.9088
2024-05-12,1.9759626677306779,2.119745795365,1210038071267.0505,570841123455.8876
2024-05-13,2.0613510210862067,2.168233271084,1238739810860.9,571312979733.7704
2024-05-14,1.977932367910408,2.121406641577,1212540748352.6196,571573938059.9127
2024-05-15,2.2562561053109964,2.275705533512,1305663490423.4849,573740086841.776
2024-05-16,2.190958939219099,2.238813737175,1285751959588.0232,574300549544.7881
2024-05-17,2.2884965354228597,2.293532882786,1319020493592.986,575104243541.8434
2024-05-18,2.2866936468884793,2.293351817746,1319464124823.7952,575343091545.6393
2024-05-19,2.240167944158019,2.267741433359,1305348788162.1487,575616236031.2189
2024-05-20,2.531527165068401,2.430732575262,1402758099414.36,577092730681.4744
2024-05-21,2.465498449313171,2.392177115696,1383383873548.006,578294919916.7106
2024-05-22,2.391837116393624,2.350508549105,1360911099802.7354,578985811526.1599
2024-05-23,2.3083195707577424,2.30342600975,1335015492496.5051,579578196497.5726
2024-05-24,2.355132420458808,2.329942400919,1351802183524.9346,580186953545.179
2024-05-25,2.392186315844668,2.351755247843,1365112585433.804,580465414794.2766
2024-05-26,2.3382396012028996,2.321857258415,1348641220725.702,580845879236.4965
2024-05-27,2.3873484398900593,2.349289009693,1366456821776.78,581646964736.5122
2024-05-28,2.2941749088261862,2.276025405912,1346682624470.3232,591681718917.6803
2024-05-29,2.2455626107097837,2.249666771523,1331764329620.136,591982931195.8704
2024-05-30,2.289339630283928,2.274593932765,1347381651646.683,592361402287.2222
2024-05-31,2.226687766946603,2.240434640049,1327752245108.245,592631546296.3945
2024-06-01,2.2438236953120625,2.250811711614,1334414955080.0835,592859432974.6083
2024-06-02,2.246191786940765,2.252890611825,1336240533927.6711,593122687321.7881
2024-06-03,2.3016700387529605,2.282844084426,1356529467104.4695,594227821496.428
2024-06-04,2.39835712543669,2.336035028633,1390471342294.432,595227094307.7885
2024-06-05,2.424467057351874,2.350051564625,1401009939445.891,596161361110.1556
2024-06-06,2.3990887114567356,2.333807126267,1395147734909.9626,597799072257.3319
2024-06-07,2.3088512852537635,2.283767499815,1366594140735.1128,598394600521.207
2024-06-08,2.3038765740536253,2.281753656488,1366078592262.9685,598696791118.8063
2024-06-09,2.3203770847107466,2.291783692164,1372693139520.2039,598962783535.6697
2024-06-10,2.306208075592955,2.284430208974,1369213276623.9949,599367523352.3313
2024-06-11,2.1764277494468396,2.210797104332,1327892843551.052,600639851096.729
2024-06-12,2.2224360073136986,2.236528862009,1344590981955.8423,601195452826.8599
2024-06-13,2.1357527540660097,2.189193919128,1316427135683.067,601329614604.1857
2024-06-14,2.086124812132548,2.162288948988,1300658337179.108,601519208516.4406
2024-06-15,2.096442629779431,2.168574282271,1305076332518.8728,601813063628.2173
2024-06-16,2.118548590725069,2.181700780897,1313344170121.058,601981803197.1737
2024-06-17,2.1074931964047985,2.17600767278,1310638614936.662,602313416138.938
2024-06-18,2.0253115152269334,2.131170120016,1283627261670.329,602311026048.3064
2024-06-19,2.009045893751595,2.122527340691,1279053591186.5366,602608770528.3146
2024-06-20,2.008146042874875,2.122824344632,1279454884177.93,602713496956.6823
2024-06-21,1.9578098124570102,2.094841851078,1263481239279.2856,603139200522.0354
2024-06-22,1.9610465042144025,2.094393635978,1266904515441.6245,604902771703.6724
2024-06-23,1.9061786160032794,2.064629768046,1248923864108.922,604914199842.679
2024-06-24,1.7265389134923088,1.965852605759,1188106947758.8867,604372344232.8822
2024-06-25,1.8112460642396901,2.013824808421,1217325575193.919,604484347448.4753
2024-06-26,1.755053468224804,1.983142815892,1198712185856.7195,604450761816.4401
2024-06-27,1.7953817732538422,2.00449611147,1214027045201.079,605651983186.3235
2024-06-28,1.7205523178864757,1.963323618484,1189077674566.551,605645275884.1201
2024-06-29,1.7531150071004817,1.982090071071,1200662758639.697,605755901895.4836
2024-06-30,1.859834116521532,2.04224535277,1237638479045.0432,606018506721.7178
2024-07-01,1.8613281457585054,2.04314593286,1239088312485.8093,606460993587.1448
2024-07-02,1.8133287289531599,2.017079157971,1223207576249.1216,606425172465.4962
2024-07-03,1.7056042783169254,1.956495892684,1187497690834.3545,606951282277.0598
2024-07-04,1.5440634421434725,1.867131113244,1132341877598.4685,606460826219.7021
2024-07-05,1.5006270745114783,1.84216706331,1118612820894.606,607226588279.5049
2024-07-06,1.5882984605590487,1.891715119434,1148978860522.4868,607374148844.4944
2024-07-07,1.4634666395256242,1.82212870475,1106667719773.1875,607348820579.0736
2024-07-08,1.4974510253222315,1.84231499501,1118121839034.7312,606911327358.9037
2024-07-09,1.56970000743569,1.882826099963,1143582599028.2349,607375582402.8081
2024-07-10,1.5531151272988646,1.873671456415,1138490509268.5652,607625475304.4604
2024-07-11,1.5284929776172036,1.860391707754,1130344087896.4204,607583920733.0449
2024-07-12,1.5588140207642562,1.877696697499,1141247236802.8015,607791044380.5365
2024-07-13,1.641632492248117,1.924461076714,1170269292685.8416,608102344519.2593
2024-07-14,1.7367553509969846,1.978252221421,1203557535228.1936,608394380754.7782
2024-07-15,1.9454621055503676,2.094337235781,1276962300259.14,609721432844.0985
2024-07-16,1.9623275878054833,2.10249498714,1284568316160.6465,610973307436.0525
2024-07-17,1.9075365726167222,2.0722141993,1266501997732.3315,611182955005.4042
2024-07-18,1.8919337670086038,2.063284607936,1262245674295.565,611765177445.9987
2024-07-19,2.0443062893718604,2.146794861585,1316950533921.2432,613449639500.6859
2024-07-20,2.066226353915219,2.159544550027,1325462534018.3325,613769479310.7004
2024-07-21,2.1130784875064244,2.186185421436,1342684327868.0134,614167634045.4547
2024-07-22,2.079779499052954,2.167482354881,1332434998137.292,614738567599.7561
2024-07-23,1.9805675377169885,2.109594621683,1300531918961.3372,616484278824.9972
2024-07-24,1.9463913023600492,2.091076478928,1289452069316.2412,616645102324.1793
2024-07-25,1.9642731743093982,2.101052278672,1296759680321.8955,617195342298.4463
2024-07-26,2.084772846117359,2.167988897972,1340008042854.506,618088055758.9518
2024-07-27,2.090840158980491,2.17149524018,1343299057385.0393,618605573030.7244
2024-07-28,2.0936121345059235,2.173689504641,1345171498943.8967,618842523769.7695
2024-07-29,2.016267942366339,2.130351323441,1319487462592.1409,619375521808.708
2024-07-30,1.975003481585225,2.10753663783,1306095087232.0293,619725922571.308
2024-07-31,1.8887570320770832,2.060104597961,1276596836711.3477,619675737811.9861
2024-08-01,1.9130231726734324,2.073446664875,1286244065719.2227,620341042530.1512
2024-08-02,1.705083455616672,1.958129492294,1213817797251.566,619886377294.459
2024-08-03,1.657498309743528,1.931910948089,1197690043760.8433,619950958373.9197
2024-08-04,1.5222467986697892,1.85658107668,1150707429146.879,619799180116.9342
2024-08-05,1.3017424469537793,1.734614783702,1072529021264.8894,618309627787.1604
2024-08-06,1.3985103765575924,1.790105908673,1106180699377.314,617941482689.883
2024-08-07,1.3462216434465866,1.76102665944,1088088938095.4432,617871928436.0247
2024-08-08,1.7249391075101745,1.974027468759,1221911146638.464,618993993739.4264
2024-08-09,1.6556160859117173,1.934847151042,1198490907345.185,619424075281.4739
2024-08-10,1.6607197341929492,1.937094140148,1201488224323.9707,620252882615.2833
2024-08-11,1.5454443037928454,1.872742222889,1161341917394.8513,620129083010.3132
2024-08-12,1.5756299603017199,1.890144044639,1172382636726.98,620261000769.8615
2024-08-13,1.6388782585690311,1.926417221684,1194954421029.1013,620298867544.6526
2024-08-14,1.543523580293375,1.87350048326,1161508436746.0671,619966980059.1537
2024-08-15,1.4757964632658658,1.835793831991,1137919278895.1729,619851346630.2743
2024-08-16,1.546926594260657,1.876508258409,1163274113459.3052,619914198749.9637
2024-08-17,1.5732840639780499,1.891903199321,1172923422382.6035,619970103546.2931
2024-08-18,1.537404412184296,1.871999609436,1160683488749.228,620023360527.7948
2024-08-19,1.5708180210239853,1.891279440638,1172914231316.018,620169714804.4658
2024-08-20,1.5540623776870477,1.882426600371,1167251872460.36,620078292683.6622
2024-08-21,1.664633913085322,1.945233846186,1206957302716.6252,620469001751.6886
2024-08-22,1.6217511281777517,1.921170694846,1192406173923.517,620666439022.015
2024-08-23,1.825436775358757,2.035903975825,1265733883467.168,621706081670.3108
2024-08-24,1.818412806770036,2.032046751517,1264114353900.488,622089207818.0675
2024-08-25,1.8431528877906296,2.046583028581,1273515741882.9749,622264390986.3594
2024-08-26,1.7568546629288024,1.998001382993,1243636765954.651,622440392954.9272
2024-08-27,1.5668522322257972,1.891971799295,1175828958505.758,621483342903.8973
2024-08-28,1.5392205647540924,1.875827072948,1167027678458.6707,622140332277.325
2024-08-29,1.5516113041094746,1.883349152914,1171771866967.5942,622174526244.6836
2024-08-30,1.539664050112728,1.876982694923,1167910930786.7915,622227862806.5365
2024-08-31,1.528211907595391,1.87073697854,1164323996819.61,622387866480.4586
2024-09-01,1.4381591968562515,1.820019010688,1132538921721.956,622267632959.414
2024-09-02,1.5377527808749434,1.877143284457,1168312845795.648,622388741162.9342
2024-09-03,1.45320635744926,1.829729699885,1138297029175.8743,622112123581.651
2024-09-04,1.4740280569981836,1.841861370616,1146137641743.4744,622271393508.9236
2024-09-05,1.3676725789202595,1.781930708989,1108236739981.0042,621930322200.7863
2024-09-06,1.2419770339636196,1.710811543806,1063349406183.8052,621546779967.4756
2024-09-07,1.2542618788515836,1.718206634267,1067869086202.0573,621502131876.9487
2024-09-08,1.2977734737116253,1.743469313486,1083556715258.8136,621494572274.5665
2024-09-09,1.4216839200283935,1.814072811646,1128547518526.8225,622107068295.0339
2024-09-10,1.4502555549236762,1.830850569033,1139015466135.6826,622123665033.6112
2024-09-11,1.435438442180865,1.822802476165,1133991945926.9812,622114552045.59
2024-09-12,1.473745408500103,1.844923692611,1148151626487.3196,622330143564.0493
2024-09-13,1.6033289007435605,1.918166417135,1195824511492.5513,623420627537.9648
2024-09-14,1.5728292876247485,1.901061522523,1185386846216.0225,623539444763.9087
2024-09-15,1.5234186209145646,1.873189573393,1168085465734.0293,623581020482.7368
2024-09-16,1.4724061416315133,1.844209085413,1150280600030.6746,623725698527.8738
2024-09-17,1.5813535622079962,1.906555569386,1190031170202.8845,624178591650.5598
2024-09-18,1.6376459366008145,1.938486988135,1211156711137.1653,624794862462.5062
2024-09-19,1.727508876884589,1.989407371018,1244536027989.0344,625581289242.0282
2024-09-20,1.7323646127848904,1.991251479392,1247712645343.231,626597222026.5228
2024-09-21,1.7423200214222945,1.997224680189,1251962918584.1355,626851315729.6157
2024-09-22,1.7519043514542592,2.00309504051,1256024783427.4387,627042031469.2843
2024-09-23,1.735634662678534,1.993210662996,1251392097859.85,627827314539.2867
2024-09-24,1.7883358361463113,2.02322807255,1271313129462.337,628358783031.3279
2024-09-25,1.7149012079987929,1.980828516174,1245988223233.761,629023771144.2108
2024-09-26,1.8210539811427502,2.040909822528,1285496061106.9304,629864213948.7739
2024-09-27,1.8569280692484393,2.061133588941,1299551877858.9436,630503468980.2163
2024-09-28,1.8544707099854365,2.059734897491,1299634003244.5647,630971492898.2716
2024-09-29,1.8442892802088433,2.054377793402,1296647099791.2417,631162926291.1887
2024-09-30,1.7141503137674015,1.980655974681,1250084222714.1135,631146568962.0577
2024-10-01,1.5825829616150555,1.906306811115,1202652137478.4417,630880680101.5465
2024-10-02,1.5724838243324772,1.901135632078,1199279596723.505,630822744305.0211
2024-10-03,1.5759693540182584,1.903667765594,1200873514750.2053,630820953348.1793
2024-10-04,1.6441106473531382,1.942653036999,1226346035907.7808,631273836630.2577
2024-10-05,1.6415965287356298,1.941600018448,1225939409986.7307,631406777059.4038
2024-10-06,1.6814323283544068,1.964736190677,1240978188262.51,631625861095.8346
2024-10-07,1.6595282693632674,1.952455630153,1233629090802.9285,631834635190.2797
2024-10-08,1.627732810600734,1.926780183281,1227926230938.8872,637294405243.4275
2024-10-09,1.5447887118499062,1.880158282942,1198084020487.346,637225084375.6781
2024-10-10,1.5231817178049618,1.868650690361,1190322842678.6824,636995907698.9005
2024-10-11,1.6384369164651864,1.931911669891,1234653841758.9736,639084002131.7506
2024-10-12,1.6768894120790632,1.953970337674,1249315889028.0068,639373006304.276
2024-10-13,1.6511324252551252,1.939547429605,1240577394495.5432,639622097175.6251
2024-10-14,1.8281632346615628,2.039522213226,1306437310355.3203,640560471410.0526
2024-10-15,1.8680048698294287,2.060181206339,1323158084525.4727,642253254448.7976
2024-10-16,1.9037524521669615,2.079852586869,1337598426066.1377,643121745507.816
2024-10-17,1.8830007655520253,2.067823405287,1331205778724.287,643771501628.5564
2024-10-18,1.9364795542971613,2.097751626956,1352044329417.828,644520691603.3948
2024-10-19,1.9319997003863807,2.095293659588,1351436024579.4995,644986452564.9517
2024-10-20,1.9616179350907954,2.110307256847,1364411911597.1309,646546566700.2881
2024-10-21,1.870755575014536,2.056928495458,1333370812454.5571,648233915470.9731
2024-10-22,1.8671820246822304,2.0548573040083666,1333109112878.5735,648759945655.6451
2024-10-23,1.8230328715115918,2.030149964645596,1317749059876.3137,649089516944.3079
2024-10-24,1.9000454676120224,2.0735534317639304,1347116211228.2568,649665540608.8533
2024-10-25,1.7974145186889294,2.015882390039284,1310184157590.396,649930851156.8793
2024-10-26,1.8365151490944651,2.038385405545456,1325277793277.3464,650160558288.8837
2024-10-27,1.8869239446183028,2.0672450714484363,1344626789947.3325,650443824256.0211
2024-10-28,1.9828776458451798,2.12079659111609,1381489809812.0127,651401372295.2045
2024-10-29,2.126670847038663,2.199387577615285,1437215455136.4832,653461658947.2615
2024-10-30,2.1101407122158093,2.1895048875101897,1432735109920.4976,654364883172.1687
2024-10-31,1.9958049858254021,2.1253164193551783,1391573641948.6345,654760688467.6675
2024-11-01,1.9453328772190364,2.096717117505966,1374134861457.608,655374466104.4854
2024-11-02,1.930080707762605,2.088469515716,1369381390768.1792,655686559206.8303
2024-11-03,1.9015870160781523,2.072996077959187,1359542591577.401,655834618324.911
2024-11-04,1.8472148660146384,2.0421715913323313,1340516077446.8154,656416964733.238
2024-11-05,1.9381415662078336,2.0934035678438234,1375333854518.3318,656984575570.8282
2024-11-06,2.254044140633167,2.265383861200003,1497164174352.868,660887631449.7097
2024-11-07,2.2621559815916643,2.268079148113374,1502665235112.8457,662527688402.2268
2024-11-08,2.283970358008891,2.2784564278185018,1513284018479.047,664170707854.1477
2024-11-09,2.295868449050798,2.285490807522989,1519089160917.0645,664666493479.9938
2024-11-10,2.4799470617221897,2.386299165227104,1590532816418.8228,666526996948.2019
2024-11-11,2.908992813334755,2.6147362044216913,1757729564966.6409,672239731868.249
2024-11-12,2.8503717911730937,2.574402718870185,1741722501527.2258,676554017271.8613
2024-11-13,2.955929476844934,2.6237625094988872,1787666712260.7617,681337089690.4036
2024-11-14,2.773960199266424,2.5169171310403327,1725089533526.0042,685397827465.6036
2024-11-15,2.9673566885121514,2.6166281818489865,1802971685081.548,689043899163.2029
2024-11-16,2.9300402434270056,2.5963251574245816,1791712543259.2979,690095590737.4032
2024-11-17,2.88018127826637,2.570045957525609,1775241125510.354,690742949678.426
2024-11-18,2.915191323620246,2.586767436063493,1792194846112.7312,692831841443.0284
2024-11-19,2.9851090220604988,2.616096692148944,1825214331192.41,697686112546.9799
2024-11-20,3.069048229724625,2.6545840511759584,1862965160745.666,701791740186.3347
2024-11-21,3.2635477438844487,2.7357035205093947,1949777589238.2932,712715239287.0554
2024-11-22,3.2643964263055434,2.7268624607806946,1957593180961.8809,717892159621.9512
2024-11-23,3.187186905378912,2.682475835762373,1933272806307.216,720704649239.7462
2024-11-24,3.1915932749152445,2.684190145202477,1938718690784.532,722273231741.6687
2024-11-25,2.941602309618554,2.5509368688261986,1847012865185.4243,724052754012.4183
2024-11-26,2.856174193881144,2.504171774475637,1818015620103.3584,725994773455.2048
2024-11-27,3.0571254611576926,2.606953545179931,1899452843747.8716,728610161565.7184
2024-11-28,3.034414153032315,2.593738763868712,1894525715473.941,730422717146.79
2024-11-29,3.109105132289478,2.6309948422566616,1927431540403.9873,732586590230.9362
2024-11-30,3.0541975599122706,2.6035102735918114,1908971954209.812,733230044672.0297
2024-12-01,3.098374803729346,2.627590012401485,1928927963341.32,734105379544.4965
2024-12-02,2.9981004382363046,2.572610271286454,1894468683534.5496,736399409066.8097
2024-12-03,3.00123836786561,2.5714581344527,1900144891598.9807,738936740264.4496
2024-12-04,3.135969683457457,2.637537468218781,1957769580344.108,742271760660.9988
2024-12-05,3.0134783951637747,2.5624396365200885,1918815845330.0728,748823823196.8318
2024-12-06,3.1446697310565908,2.619701356628037,1978302063761.216,755163201620.6605
2024-12-07,3.1380265080660075,2.6172416537051104,1978833208148.32,756075850064.1221
2024-12-08,3.1718608756916513,2.635830347444721,1995134647453.3623,756928324081.072
2024-12-09,2.9800143040816445,2.528321562198401,1927714706540.8667,762448390807.0219
2024-12-10,2.9396388132497497,2.5042559556430377,1916781784711.18,765409694001.9027
2024-12-11,3.150972535018432,2.607825988676539,2005399870980.495,768992977172.6171
2024-12-12,3.0810825162993325,2.5725090268010704,1981310308332.672,770185949860.9584
2024-12-13,3.1306448522315162,2.5964143923269845,2005097135868.2256,772256209098.8864
2024-12-14,3.1268268461014013,2.5956011229498386,2006672700085.4917,773105190294.0142
2024-12-15,3.2762437872747645,2.671579602981782,2069758175682.208,774731987537.3079
2024-12-16,3.3245126004686063,2.6904870242055368,2095627894157.28,778902806556.4039
2024-12-17,3.320265329372938,2.6825053486643022,2100824937855.9956,783157781550.0192
2024-12-18,3.028722978882006,2.5337669288940026,1989090947935.3596,785033116208.3658
2024-12-19,2.8742943192020243,2.449250681750823,1934241071545.3303,789727685270.1157
2024-12-20,2.8590331879229147,2.438923701718572,1932711114045.7793,792444270677.2281
2024-12-21,2.8277553406838414,2.4247953422211608,1922372144875.56,792797689521.5531
2024-12-22,2.720758555303806,2.3683246829858304,1883930144105.8357,795469539138.8221
2024-12-23,2.688544932889567,2.3466031181287983,1877074081164.9585,799911185092.8391
2024-12-24,2.86615978556265,2.432547289582645,1953087683978.236,802898135769.9852
2024-12-25,2.8897208834125805,2.4457574461003446,1964968046631.85,803419018416.9355
2024-12-26,2.706383651743011,2.3548963638187823,1893583393961.5796,804104767859.4563
2024-12-27,2.6302335134528847,2.316536046291274,1865743053845.5872,805402124794.3035
2024-12-28,2.6696124632827334,2.3373921900161463,1883678618362.4536,805888984488.0681
2024-12-29,2.582208452303943,2.2939806186069815,1850733848828.8896,806778328385.6804
2024-12-30,2.5272655129904122,2.264447243535571,1832275661275.792,809149193696.8192
2024-12-31,2.561923837739409,2.2808124449322915,1849474353083.6064,810884015120.5463
2025-01-01,2.607059273842272,2.3030404933089104,1870627825779.7744,812242698821.2162
2025-01-02,2.71688648969158,2.3578841474857937,1918121414156.2888,813492646024.0115
2025-01-03,2.7723988518040725,2.3862905574570155,1943302993109.42,814361430981.954
2025-01-04,2.772300474231324,2.3875160097101222,1945514693256.9517,814869799969.7034
2025-01-05,2.776180885429776,2.3909658600988406,1949222053431.9248,815244619741.8082
2025-01-06,2.949487041213559,2.477062799747396,2023829824177.7495,817028064199.3147
2025-01-07,2.690058006484468,2.346702783421937,1920785694384.26,818504033810.1063
2025-01-08,2.5918731748193653,2.2986659046669535,1882482074934.7837,818945489691.5656
2025-01-09,2.4590008255359934,2.233820238836667,1829182366534.0864,818858355176.6418
2025-01-10,2.5700056859759006,2.290082536703305,1877019861807.2344,819629787016.019
2025-01-11,2.558430624986983,2.285501707170164,1874037679375.3152,819967744279.5216
2025-01-12,2.5422555523348747,2.278657758123868,1869082071182.4756,820255724897.1796
2025-01-13,2.5388772932898807,2.2779845089607442,1869554727226.954,820705636878.9255
2025-01-14,2.6379142145455994,2.3280580564665416,1913058643137.184,821740092702.3136
2025-01-15,2.8017051746205714,2.4095410827754344,1984476850035.5469,823591207562.9453
2025-01-16,2.7832267412975336,2.3989108291075403,1980660186323.2664,825649775010.6558
2025-01-17,2.9791052066916857,2.495913169030756,2066270034307.7468,827861345477.073
2025-01-18,2.976009069519094,2.4946785705686336,2068324662803.7656,829094652595.7909
2025-01-19,2.8064302172046065,2.410672870086662,2000148081999.3276,829705310421.245
2025-01-20,2.8757055010854486,2.445056132753733,2032578651970.364,831301426884.2908
2025-01-21,3.0259970059079833,2.5188589005093247,2099964341470.9812,833696695375.1792
2025-01-22,2.911057802131088,2.459018475131256,2056488045408.3835,836304430489.7357
2025-01-23,2.9144007794608657,2.455447281433525,2064328780521.9456,840713948994.5641
2025-01-24,2.932368337298973,2.4651832101972833,2074905969601.072,841684285783.7823
2025-01-25,2.933207102820241,2.4670204525538764,2077919319246.3328,842278918723.7003
2025-01-26,2.8324587728932236,2.418361700134125,2037685117515.953,842589062423.1027
2025-01-27,2.78208594378514,2.3934124984483267,2019387256103.3848,843727212677.5363
2025-01-28,2.740196146736454,2.373287118165897,2004189620164.2607,844478362867.9202
2025-01-29,2.8640280524353723,2.436318963363576,2059342337478.6729,845267950726.5953
2025-01-30,2.9063309226360845,2.457756213004062,2080567196550.592,846531151276.2122
2025-01-31,2.7738400263571683,2.3926271926371023,2026616849789.96,847025753124.6505
2025-02-01,2.692375749571716,2.353296238999732,1993920956096.3496,847288549164.4967
2025-02-02,2.5405982855932883,2.2785882985362735,1930841758541.5393,847385093560.7277
2025-02-03,2.726367620529021,2.371727104993572,2013289499842.96,848870637605.8457
2025-02-04,2.546373044734499,2.280750094282139,1939319258389.1665,850298883359.057
2025-02-05,2.479764006337767,2.246535583279113,1913818765841.2043,851897819952.5044
2025-02-06,2.4732777364471143,2.243314171452448,1913505112568.9353,852981333118.4121
2025-02-07,2.4620926510485783,2.2387599646519223,1910441627490.0967,853348129167.1786
2025-02-08,2.468309119415256,2.2429885869544703,1914834861591.3328,853697995936.4374
2025-02-09,2.4484506355697087,2.232532160927027,1909058965339.104,855109278491.3766
2025-02-10,2.4932178658891826,2.2560105134383015,1930221128141.7024,855590484460.963
2025-02-11,2.4164422042110956,2.2178405166069126,1899157386552.5637,856309266753.8132
2025-02-12,2.5014419427320216,2.261466528982128,1937857410916.4807,856902981353.7406
2025-02-13,2.441858797869079,2.2326518009087044,1913685805334.97,857135807991.2357
2025-02-14,2.4778287350111516,2.25166232416674,1931169458434.916,857663885791.3888
2025-02-15,2.4814437122686055,2.254483790385446,1934566256851.844,858097212808.5667
2025-02-16,2.414324061368888,2.221961475316798,1906837582148.7031,858177607186.8365
2025-02-17,2.3932246997096875,2.212551004856131,1899111947271.7964,858335895129.0184
2025-02-18,2.373854893878111,2.2037234329299973,1892284519009.4756,858676043796.2749
2025-02-19,2.4247589956906603,2.2304732158403096,1916190866477.272,859096111474.8761
2025-02-20,2.4995142478523147,2.269163375900631,1950814347183.5208,859706430970.0674
2025-02-21,2.3896848911936934,2.2145337837142764,1904394119450.7417,859952615514.6931
2025-02-22,2.41077236081058,2.2259723481715947,1915474255560.6936,860511253490.6631
2025-02-23,2.3841714368578217,2.213616967746432,1905320016311.215,860727056248.996
2025-02-24,2.19083623535098,2.1164194813823665,1821643280725.7832,860719387980.6632
2025-02-25,2.0487728237878158,2.045057192561317,1760217123608.3984,860717798021.0066
2025-02-26,1.8335847821029059,1.937156888282904,1665439114292.4233,859733728520.393
2025-02-27,1.8601813198444035,1.951252300853544,1678120562077.0845,860022336087.9664
2025-02-28,1.8418836240203047,1.9428821960052791,1670593691979.4983,859853312472.7645
2025-03-01,1.9123055220846226,1.979772195615528,1702372786377.574,859883167441.0356
2025-03-02,2.2888366742183197,2.1723352788786894,1870648329293.3423,861123210344.8271
2025-03-03,1.9281086042142563,1.9890487557357124,1711798740468.5623,860611755007.1815
2025-03-04,1.9712640492084748,2.011926611190173,1731824260629.478,860779041838.4108
2025-03-05,2.1148679452490753,2.085499742580572,1797223681143.754,861771231349.9934
2025-03-06,2.093344510082998,2.074588033844596,1789391307662.1536,862528501307.356
2025-03-07,1.9276950219995204,1.990605455895191,1716672116469.4514,862386924232.2811
2025-03-08,1.9088281712147455,1.9817025600012967,1709126347862.4343,862453519695.3654
2025-03-09,1.6613279322204058,1.8553174468191107,1599613333429.7493,862177702350.7439
2025-03-10,1.5877126154871217,1.8183074680565463,1567086259002.0354,861837883048.997
2025-03-11,1.7519480389388526,1.9029557814450992,1641328790899.5469,862515465100.8898
2025-03-12,1.7885516929591447,1.921883426993698,1658883454607.8372,863155085947.5083
2025-03-13,1.675376255300945,1.864334615532672,1608939764835.8203,863010186814.6233
2025-03-14,1.8062443952770457,1.932035459333313,1668398039427.7195,863544212590.9186
2025-03-15,1.8155637554017696,1.9374873260847636,1673333414190.8909,863661605246.3838
2025-03-16,1.7314942506142101,1.894746119450727,1636458050090.93,863681964191.238
2025-03-17,1.7976241626553224,1.929602895545638,1666684786731.2976,863744965650.0466
2025-03-18,1.7370310426512303,1.8989060236861497,1640274370270.4656,863799656123.2507
2025-03-19,1.915386309503205,1.9911932421344407,1721523623549.8943,864568835973.2094
2025-03-20,1.7959275604759153,1.9298268037808353,1669001917236.0315,864845443107.2225
2025-03-21,1.7916795503119594,1.9281651540140552,1667937663818.345,865038796259.7662
2025-03-22,1.7792044909751619,1.9223588315764384,1663052904959.7424,865110549415.974
2025-03-23,1.863033361972677,1.966380986053732,1701578513423.3577,865335113333.3535
2025-03-24,1.9291449469812922,2.0008793939408274,1732605979469.871,865922246346.6031
2025-03-25,1.9314265941830622,2.0026741040033817,1734636202172.6843,866160000124.3912
2025-03-26,1.9032456218488216,1.9885114032158293,1723046786084.8425,866500832380.6058
2025-03-27,1.9177638655527685,1.9967090941768977,1730521029666.2207,866686606833.7273
2025-03-28,1.786559632093148,1.928282346209128,1672972784327.986,867597417783.2084
2025-03-29,1.705974885058846,1.8872433668233977,1637055024373.4478,867431860221.0449
2025-03-30,1.6928158502647395,1.8812161854306808,1631519827648.8333,867268653270.3402
2025-03-31,1.7026287659149884,1.887088049301776,1636419456087.1692,867166456113.5054
2025-04-01,1.82235828892426,1.950076686214192,1691331138973.1042,867315193771.4783
2025-04-02,1.7032169397830261,1.8882773504046595,1638367660664.3127,867652021729.334
2025-04-03,1.7157057725546658,1.8941542618128036,1645870317318.1455,868920948256.3276
2025-04-04,1.7505985458114537,1.9126673444102584,1662637424311.7046,869276839577.3251
2025-04-05,1.7284564815877888,1.9016833447333796,1653312332259.2837,869394127491.3368
2025-04-06,1.4939942055768423,1.780124063587888,1547104104705.474,869099034360.1356
2025-04-07,1.5564202587288618,1.8128169226747144,1576370002657.1194,869569333196.2445
2025-04-08,1.4227742595444346,1.7439655745926916,1515465474440.1921,868976714058.2081
2025-04-09,1.697535343815733,1.887230963523962,1641918231600.7288,870014462106.3396
2025-04-10,1.5581450665137875,1.8147281216378452,1579198604258.992,870212229275.2697
2025-04-11,1.7218010900408944,1.9005276237422863,1654683660675.4377,870644362125.7329
2025-04-12,1.8028779996848856,1.9432833469455524,1692622392211.0483,871011628268.985
2025-04-13,1.7269539384280024,1.9039218772421993,1658915898888.8325,871315109468.5387
2025-04-14,1.7690752558784728,1.9262023235820704,1679204714073.2632,871769644089.3722
2025-04-15,1.7297393105796703,1.907137055165662,1661025030688.434,870952103934.7382
2025-04-16,1.7485156584260484,1.9172708051026968,1670596611909.0215,871340974609.7592
2025-04-17,1.7857724602232945,1.9396573992306128,1686301597345.8896,869381158762.7694
2025-04-18,1.7622114952239645,1.9277993169752448,1676295756003.2063,869538515364.4247
2025-04-19,1.7906841587730558,1.943457271715672,1690030384115.3113,869599969452.0492
2025-04-20,1.7880475590018152,1.9426378432392224,1689606952070.2014,869748809820.8215
2025-04-21,1.8829958312100872,1.9927995689339313,1734490932069.791,870379018095.47
2025-04-22,2.142351391348931,2.1282639230663345,1856340531375.4473,872232297534.2698
2025-04-23,2.1429113201434737,2.1261098636422497,1860347455519.507,875000623125.1552
2025-04-24,2.144418464399971,2.126194044694234,1863449313964.0083,876424858123.4218
2025-04-25,2.17542919926724,2.1396892285629945,1881789547566.0957,879468626773.3828
2025-04-26,2.1689661740085127,2.1368454882429617,1880301938025.9343,879942863614.3588
2025-04-27,2.128365320661633,2.1163030783471615,1862835334857.3276,880230886547.7847
2025-04-28,2.177317385051779,2.1414599497479094,1887760823772.7727,881529829215.3435
2025-04-29,2.1309182593663483,2.1164915940420426,1868677522267.0776,882912801320.5602
2025-04-30,2.1329354484435106,2.117664419217392,1871375202601.8772,883697712262.3925
2025-05-01,2.2212459173220065,2.1635056908519745,1914607731457.7063,884956179941.3369
2025-05-02,2.234609537574466,2.1700257371132774,1923202218396.0427,886257792017.9062
2025-05-03,2.193004801485655,2.1488276411481815,1905408123209.2988,886719849801.9988
2025-05-04,2.1238855248639643,2.1136160468529854,1874352427037.668,886798919713.1793
2025-05-05,2.13814574775056,2.1198315170018898,1883856515330.3591,888682190174.5881
2025-05-06,2.210188231196142,2.1566030190508583,1920127894786.8728,890348329212.6427
2025-05-07,2.225119671482255,2.164177587122982,1929298928069.2737,891469784896.0022
2025-05-08,2.4701737035531495,2.2908345636251917,2047172109216.88,893635944612.8132
2025-05-09,2.4576845848721844,2.2831068959043845,2044660177958.4976,895560423222.5695
2025-05-10,2.523049908757685,2.317993015404475,2077323776439.7463,896173440832.0754
2025-05-11,2.493115164856866,2.30314847924649,2065321653739.3252,896738387624.5038
2025-05-12,2.44278040795218,2.276547512358493,2044391264704.0288,898022665288.4784
2025-05-13,2.4861056326618804,2.2970209363653464,2068779473948.4773,900635880673.3285
2025-05-14,2.456726448711201,2.281735209781493,2057444005066.128,901701475371.0865
2025-05-15,2.4551769939070223,2.2793299047250057,2060343191624.3508,903924959416.0548
2025-05-16,2.443327858118051,2.272925986368772,2057407136238.007,905179996434.8695
2025-05-17,2.4240504882846823,2.263971398372875,2049979253875.9912,905479307445.8977
2025-05-18,2.538211513433817,2.324070467635384,2106167418322.2625,906240773527.48
2025-05-19,2.513454295470724,2.3094629533855167,2098270093600.1555,908553259329.9379
2025-05-20,2.560058286779415,2.3328187609635207,2123699654870.788,910357757065.3794
2025-05-21,2.6686385952085208,2.387132485847717,2179606908108.4888,913064909899.4052
2025-05-22,2.7337606147497637,2.419114869272548,2214868273238.022,915569699219.8038
2025-05-23,2.5530467531815457,2.325244185229265,2131768550759.8008,916793412193.6583
2025-05-24,2.5748041664022097,2.33752306327879,2144242874092.1272,917314103880.7322
2025-05-25,2.611725012424715,2.357588378582445,2164114864279.171,917935838138.2908
2025-05-26,2.622466320735348,2.3615409622706878,2173249806239.626,920267673083.2505
2025-05-27,2.6009330164760587,2.3483230152239982,2167224726480.992,922881866093.821
2025-05-28,2.5461392828759286,2.3195657659140596,2144012560051.728,924316349015.8029
2025-05-29,2.4504849346331476,2.269515917375292,2101094699806.1648,925789805535.3112
2025-05-30,2.3736930421177265,2.2301710388100866,2066336686466.584,926537315079.243
2025-05-31,2.40063766448706,2.2453195179282552,2080849592954.8127,926749879622.8351
2025-06-01,2.440082194273392,2.266824485425617,2101584910256.2336,927105262788.637
2025-06-02,2.437526535563084,2.2631740322455194,2104600694548.8584,929933210863.4507
2025-06-03,2.413063494886221,2.249049850630191,2096386510265.2192,932120961959.9161
2025-06-04,2.378443392217332,2.2306295386760513,2082493313911.7288,933589947503.23
2025-06-05,2.2480274956718946,2.164421975716304,2020653959614.7,933576715763.0966
2025-06-06,2.3570487823377175,2.221377259248508,2075390350486.3376,934280902465.1862
2025-06-07,2.404940853011381,2.246857184421021,2100563796500.3064,934889770059.6791
2025-06-08,2.4028987644166517,2.2465926766265145,2101458848887.0884,935398245863.8834
2025-06-09,2.5799995697129314,2.3383291419548384,2190361714625.06,936720872748.4456
2025-06-10,2.5685929280364075,2.331994320703792,2187954364717.5596,938233144606.1321
2025-06-11,2.5052506917097626,2.299464902547621,2159611107259.7517,939179852176.5117
2025-06-12,2.393221204570559,2.2419620475504862,2107048260324.6492,939823340286.5848
2025-06-13,2.388879624717477,2.2394272436628913,2107609876004.3635,941137910136.8248
2025-06-14,2.363073307031432,2.227143824699812,2096573162440.2551,941373044339.8033
2025-06-15,2.361498352347878,2.227219971359887,2097526247642.7568,941768785578.0396
2025-06-16,2.4247220230124036,2.2587719122318566,2131989041082.9204,943870883792.0408
2025-06-17,2.31564454163064,2.203207202646305,2080031247224.1309,944092432489.225
2025-06-18,2.3194729166979555,2.20581725377894,2083754349621.352,944663183702.7871
2025-06-19,2.3115887579589574,2.202308074044105,2081735354703.7273,945251656313.9281
2025-06-20,2.2504174420406535,2.1712340906871987,2053259566502.6687,945664760566.1023
2025-06-21,2.1777449226714083,2.1341088047568837,2018973708893.9512,946050034746.9169
2025-06-22,2.148933857390628,2.119915228385861,2006104828133.744,946313702204.6045
2025-06-23,2.3290914508760743,2.2134869832042123,2097553036699.808,947623840851.9666
2025-06-24,2.342753510333593,2.220349702793955,2106879290466.0903,948895251867.271
2025-06-25,2.3910706361027656,2.2450664068043222,2133590293279.7937,950346184332.6024
2025-06-26,2.372515817602154,2.234143825279254,2127832022275.34,952414969080.7728
2025-06-27,2.3686128626043748,2.2307257878946083,2129424160829.714,954588041428.2097
2025-06-28,2.37602021752023,2.2355962704995864,2134775105838.6936,954901890832.7476
2025-06-29,2.4122688263036505,2.2551487868683586,2154782355944.3953,955494541420.7732
2025-06-30,2.3565111270935866,2.224449219216365,2130813507683.6455,957906114141.0521
2025-07-01,2.289651889922815,2.190371437932748,2099304201259.4517,958423838488.6698
2025-07-02,2.418575314375625,2.2572933277993874,2166189082105.556,959640050067.1093
2025-07-03,2.4406818471690364,2.268221095554169,2180261348919.5588,961220823310.8246
2025-07-04,2.3582083923144097,2.215345083660493,2149474927394.7644,970266412780.7625
2025-07-05,2.3614925848253425,2.218074557692169,2152777523697.9248,970561389035.4598
2025-07-06,2.3950996038715995,2.2363339967768048,2171431748655.0771,970978284900.5245
2025-07-07,2.3523985565033403,2.2137003448829926,2152974456003.6628,972568153128.9008
2025-07-08,2.374217715458277,2.2241472452865456,2167088930706.0295,974345981498.5563
2025-07-09,2.4634064023700004,2.268230580456622,2216077592572.9414,977007193037.1464
2025-07-10,2.632562990086212,2.354601798397052,2304791065533.212,978845368716.8038
2025-07-11,2.6912898000468246,2.38212290459618,2339549198318.03,982127829678.3065
2025-07-12,2.675103096482898,2.37341147249211,2334904957865.9663,983775879120.652
2025-07-13,2.72909275015378,2.4017092198498973,2365138434871.7783,984773017201.3062
2025-07-14,2.7562376274737437,2.4125084332311304,2384514902802.1846,988396504632.5441
2025-07-15,2.6637970383760226,2.364195114922196,2341603724126.479,990444362796.8243
2025-07-16,2.6870289540921863,2.3688751245334454,2361929035400.302,997067768975.5758
2025-07-17,2.7057740380197264,2.374985804949236,2377326986317.6006,1000985766467.9452
2025-07-18,2.6385477763457033,2.340384009446915,2346681095678.7046,1002690620943.5594
2025-07-19,2.6305451353342666,2.336414214135971,2345738980388.479,1003991058689.8892
2025-07-20,2.602657779116248,2.3233701383205516,2333800285213.4375,1004489231707.3617
2025-07-21,2.6007379556345636,2.3218439654227243,2336377120095.0483,1006259315823.4377
2025-07-22,2.693809899875419,2.3670956161477066,2388869390105.647,1009198518982.2521
2025-07-23,2.631187382530696,2.334400354595592,2360720381637.463,1011274855656.2101
2025-07-24,2.614348190531375,2.3257901969225423,2355332989715.154,1012702260432.4768
2025-07-25,2.5735755293953804,2.304027155259395,2338341954061.0576,1014893400333.1221
2025-07-26,2.587003887823665,2.3118305041157874,2347611467186.5117,1015477329764.0216
2025-07-27,2.638402144594389,2.338853962335245,2376613162340.8374,1016144317094.4677
2025-07-28,2.5781430588461633,2.3084821087206895,2348500100757.2607,1017335196961.4131
2025-07-29,2.5654590436978406,2.3014237166265827,2345531346596.1094,1019165366920.8639
2025-07-30,2.5541227721565773,2.2955727612124828,2342821207080.475,1020582421374.8888
2025-07-31,2.477626527919438,2.2576734658479,2305380250657.825,1021130949861.2583
2025-08-01,2.3758373949707803,2.2070884136924738,2254366450229.6616,1021420998018.8748
2025-08-02,2.3445473062809525,2.192314956363128,2239761344385.4526,1021642140370.6676
2025-08-03,2.4060313510348794,2.2240971442941064,2274006858315.076,1022440437976.8269
2025-08-04,2.4374516696589468,2.2406311051894656,2292700894182.6006,1023238894110.0289
2025-08-05,2.391677600234189,2.2178999959543493,2271085409335.2217,1023980077315.4279
2025-08-06,2.4232706740122505,2.2349723954934775,2289513376946.048,1024403425099.3636
2025-08-07,2.5088664578915787,2.2781308995532936,2337542919612.134,1026079282832.4702
2025-08-08,2.4769957073744817,2.2621480824612368,2323576464429.9355,1027154889834.5612
2025-08-09,2.4646521900333824,2.2569920501462186,2319060106526.333,1027500343377.8569
2025-08-10,2.561831765773927,2.307419605120224,2372404472102.317,1028163437130.3293
2025-08-11,2.539612634563574,2.296376996154095,2363558608736.02,1029255480565.4467
2025-08-12,2.5871756040117324,2.3206476200119286,2391721499773.6064,1030626743650.685
2025-08-13,2.704201049374518,2.379739102823155,2457237741182.5483,1032566023001.1997
2025-08-14,2.5127837685368988,2.282416006210002,2359113701739.5273,1033603731887.9846
2025-08-15,2.463128405971264,2.2576928997517896,2335293822741.0723,1034371779703.8801
2025-08-16,2.459477197398786,2.2532741501991906,2338359865805.9937,1037760924741.129
2025-08-17,2.46118566782204,2.2553050008051305,2341193300487.992,1038082786874.5913
2025-08-18,2.409074546163225,2.2296562377042366,2315587399840.938,1038540094514.83
2025-08-19,2.2764939010590877,2.1624059611427886,2247412798253.2153,1039311229546.1405
2025-08-20,2.3247818030943668,2.187593393945847,2275160487370.771,1040028962268.4294
2025-08-21,2.249557257077804,2.1500922222394157,2236783852817.808,1040319959154.1703
2025-08-22,2.4096224161829483,2.2309603181709265,2325511927795.841,1042381573914.5165
2025-08-23,2.349542560087992,2.201272176719621,2295292829364.366,1042711961582.5321
2025-08-24,2.280956529125522,2.167328504514984,2260221423070.1265,1042860562375.1212
2025-08-25,2.1507018316106765,2.101608862718138,2192043056874.992,1043030934899.9841
2025-08-26,2.2146273954311098,2.1348985660008872,2228050864513.084,1043633126180.1775
2025-08-27,2.187721894928802,2.1218251202374474,2215299879192.93,1044053941139.6083
2025-08-28,2.2288524561819805,2.142789122023943,2239825028488.768,1045284860496.758
2025-08-29,2.0704908103468904,2.0585239707912053,2160073624922.7144,1049331295419.6389
2025-08-30,2.078004288242137,2.063022252855391,2165560101759.112,1049702735276.7526
2025-08-31,2.0599280247794867,2.054653984489101,2157047700591.8171,1049835016930.1995
2025-09-01,2.08204792804464,2.066472278033613,2170562178247.028,1050370818578.0569
2025-09-02,2.158431434403736,2.106133166120609,2213408214876.661,1050934599236.9739
2025-09-03,2.1790503077368064,2.117352868701102,2226197825443.4536,1051406148852.7998
2025-09-04,2.1427101255284953,2.0988399671512,2208718286409.0063,1052351928197.2444
2025-09-05,2.1296558587213994,2.0909910896315393,2204995555466.3296,1054521736797.4912
2025-09-06,2.109802500994698,2.081547548704114,2195731190133.2996,1054855168454.005
2025-09-07,2.1460943315590963,2.1007955085878978,2216979188518.479,1055304611731.9039
2025-09-08,2.1721419946291283,2.114485395928852,2233059460443.798,1056077031670.7997
2025-09-09,2.146298715907861,2.1019000165432096,2220650635482.848,1056496797185.8795
2025-09-10,2.231874324028697,2.145924375428194,2269399173047.3105,1057539212021.15
2025-09-11,2.282638023481516,2.171828406012249,2299632025705.393,1058846094534.6082
2025-09-12,2.304456608006868,2.1834524058125826,2313686238824.68,1059645830916.855
2025-09-13,2.2940701858893435,2.178678922337634,2310081098621.0854,1060312777131.2269
2025-09-14,2.270269558058862,2.1673601179200923,2298787740172.204,1060639494639.3295
2025-09-15,2.2668368017057348,2.1656665085615017,2299344522409.3853,1061726038297.8708
2025-09-16,2.31224604088039,2.1888797241350617,2326853447391.8335,1063033944595.2391
2025-09-17,2.299036928837839,2.1818070259413114,2322455565668.094,1064464243654.226
2025-09-18,2.311073748703578,2.188425256780357,2331252233409.7495,1065264726856.3888
2025-09-19,2.2543314440865796,2.1584515968726663,2303380117357.975,1067144670140.0636
2025-09-20,2.256169760140547,2.1600824520314994,2306240531509.2837,1067663194680.5209
2025-09-21,2.237417379564238,2.151199242305393,2297685720787.1865,1068095263144.8527
2025-09-22,2.1415476325787233,2.1030843290113816,2246071879030.526,1067989451514.9375
2025-09-23,2.113139849350137,2.0884207525288683,2232666827933.7944,1069069451273.2928
2025-09-24,2.154946292757714,2.1098438050041244,2258070460054.1226,1070254800236.1285
2025-09-25,2.001713225632795,2.0312424703115273,2175262082033.5327,1070902225523.0403
2025-09-26,2.0168180043621886,2.0392977420667635,2185325262398.9807,1071606768016.2402
2025-09-27,2.0137240105798977,2.0384097258593883,2184892732482.258,1071861414692.3347
2025-09-28,2.1018843131538287,2.0843982136269275,2235271817040.964,1072382331949.6666
2025-09-29,2.1760671951776462,2.122720877587773,2278587184195.728,1073427603343.2522
2025-09-30,2.1578505905856895,2.1128072133352527,2271283160078.364,1075007291599.0015
2025-10-01,2.30664300459911,2.186155026712077,2359453334064.128,1079270822624.4537
2025-10-02,2.377870335466478,2.221772196583208,2402657193347.1167,1081414735967.1194
2025-10-03,2.4343812100539557,2.249202943238196,2438366592566.05,1084102526139.9994
2025-10-04,2.4307977224598205,2.247639041410611,2439047951286.792,1085159986256.5359
2025-10-05,2.4671611750714884,2.266766621760195,2461906048933.3916,1086087127496.9042
2025-10-06,2.5075913915592367,2.287145426879909,2487877501840.4595,1087765330792.4482
2025-10-07,2.3818731869450245,2.219347428097428,2423418149849.9497,1091950777588.4664
2025-10-08,2.440094866645575,2.248606081441407,2459404708298.7583,1093746356285.8572
2025-10-09,2.370671214842944,2.2125534313089372,2423831591781.397,1095490647811.1439
2025-10-10,2.090254659329153,2.070562788244427,2267440411130.1865,1095084111432.6636
2025-10-11,1.9886064023482828,2.0194789962614186,2211386055650.5806,1095028004621.2078
2025-10-12,2.13514019310371,2.0951257451651712,2295412681254.4014,1095596618270.4896
2025-10-13,2.138553465982728,2.09746317757528,2299042274620.2715,1096106143459.4631
2025-10-14,2.0616355395183517,2.056829337301677,2259130837540.7417,1098355997053.4362
2025-10-15,1.966625967097151,2.005891025806165,2210057728189.6875,1101783546442.3938
2025-10-16,1.869929162689183,1.9578568178170297,2155730124531.7383,1101066280697.346
2025-10-17,1.813904891493355,1.92928303157762,2125692786495.2764,1101804531374.045
2025-10-18,1.8302536622518824,1.9381495183779995,2136079787337.2744,1102123322830.593
2025-10-19,1.8833720731125263,1.965929731213064,2167282843823.2815,1102421317208.5117
2025-10-20,1.9492402029259308,2.000241242040893,2205884225808.899,1102809090946.5417
2025-10-21,1.878455935226134,1.9642552693241937,2167259172744.412,1103349043574.19
2025-10-22,1.8373119372465017,1.9422693938130509,2146719730211.525,1105263634926.0999
2025-10-23,1.9183173796831723,1.9838505829202957,2194487262066.2368,1106175677220.5479
2025-10-24,1.9495722523176535,2.0002399703642184,2213770533718.3887,1106752472962.1763
2025-10-25,1.9678542000828736,2.010123020095332,2225582464720.749,1107187193257.0566
2025-10-26,2.0673056014410816,2.061141989497095,2284309527542.6543,1108273733290.9368
2025-10-27,2.0470313369281006,2.0506486983041583,2275003395344.211,1109406695171.9175
2025-10-28,2.0028636451538797,2.0269852854220023,2252984353654.214,1111495169628.3086
2025-10-29,1.9018815688828008,1.9748570714184717,2197702746667.2085,1112841419500.1335
2025-10-30,1.8208356147241929,1.9325248327320044,2154151737669.5393,1114682565100.1968
2025-10-31,1.8725672206801092,1.9596274069163768,2184801299729.3164,1114906482741.6697
2025-11-01,1.8854213480238637,1.9663440701835695,2193843993697.2568,1115696905217.8386
2025-11-02,1.8968206823238563,1.97277646963442,2201553067373.5864,1115966811881.9165
2025-11-03,1.7586988234270577,1.9020882532144816,2123952747606.4512,1116642586913.1067
2025-11-04,1.580107761428407,1.8116855886218344,2021361084102.212,1115735035260.66
2025-11-05,1.6677227310803788,1.857055734420492,2072586206255.736,1116060314098.4897
2025-11-06,1.5742052603687986,1.8097201631689652,2019291779031.2812,1115803327015.6748
2025-11-07,1.6427922434850126,1.8428465053331913,2062955975009.2607,1119439936554.1697
2025-11-08,1.6031087376226807,1.8227583856026048,2041184690228.7856,1119832834868.001
2025-11-09,1.6830218418405398,1.8641651761462623,2088114606816.7805,1120133898828.366
2025-11-10,1.728667246604955,1.8875443600732529,2116024994695.191,1121046498008.1692
2025-11-11,1.6195018512182453,1.8318881974218433,2054077570641.4849,1121289810989.7458
2025-11-12,1.5733185961318386,1.8085099031300793,2028344694814.6987,1121555757756.228
2025-11-13,1.5162647230334148,1.7800126434105843,1995541058582.6365,1121082519256.206
2025-11-14,1.3273311441323308,1.6842606972655323,1885228171827.7969,1119320883571.3757
2025-11-15,1.3622102982741973,1.7025099652616345,1905978900419.696,1119511156650.8765
2025-11-16,1.314889529305631,1.6785525812642024,1878914593268.8345,1119365943159.0337
2025-11-17,1.2373059929329369,1.6392867114437717,1833647459773.58,1118564218798.9365
2025-11-18,1.2671400508031505,1.654516965238705,1852139344559.262,1119444154077.9517
2025-11-19,1.2157513773180213,1.628739580213074,1821934169118.56,1118616009122.9636
2025-11-20,1.0650968775396503,1.5515619978194948,1734002173123.256,1117584843892.9
2025-11-21,1.0018000072968385,1.5202473672522108,1694872634959.5803,1114866351009.0454
2025-11-22,0.9816414661776418,1.5063202250156789,1691457951396.948,1122907283130.5457
2025-11-23,1.0499978251331292,1.5408129016405956,1733345556623.2832,1124955245882.0188
2025-11-24,1.1012483479177868,1.5674035927405892,1763416908269.0105,1125056058590.3047
2025-11-25,1.068401078702509,1.5507097680723907,1744631418276.294,1125053478217.8857
2025-11-26,1.1688856615677796,1.6019179596137352,1804832328647.0903,1126669638613.8796
2025-11-27,1.199309881303733,1.6180110246025807,1822570878701.4705,1126426736893.9185
2025-11-28,1.1875155455668738,1.6124043653578792,1815707797825.4543,1126087126055.66
2025-11-29,1.1819421237077716,1.609812435967487,1812792296530.67,1126089136863.4465
2025-11-30,1.1737174655928622,1.605936798624271,1808162595802.9397,1125923882777.8938
2025-12-01,1.0334015128147376,1.533958697259218,1726317990661.397,1125400568963.0852
2025-12-02,1.2056698953053029,1.6233866164835693,1826602868895.496,1125180440905.7622
2025-12-03,1.2754398851333808,1.6594397707736588,1868172884023.0813,1125785290268.2378
2025-12-04,1.2269016139261337,1.6346860768202705,1840201008281.7024,1125721344529.4597
2025-12-05,1.1282778196969676,1.5845510954223283,1781843133868.4385,1124509735922.101
2025-12-06,1.124045207490122,1.5825974776524672,1779687642907.6233,1124535877276.5823
2025-12-07,1.1542698244554082,1.5985004613781386,1797661174713.309,1124592215108.568
2025-12-08,1.1749290612771333,1.6096177386431436,1809784214638.723,1124356529621.942
2025-12-09,1.2467828698128465,1.6469894512126808,1852449129111.15,1124748630142.8274
2025-12-10,1.219865929456854,1.6325770870501284,1838403661519.9917,1126074643643.1785
2025-12-11,1.2369092813089229,1.6416453987249755,1848845102345.1628,1126214652555.9746
2025-12-12,1.159285757777462,1.6020026597826391,1803133614920.046,1125549701125.1506
2025-12-13,1.1557710334640048,1.6004071227927794,1801450466366.0388,1125620125473.0923
2025-12-14,1.0823588197207434,1.5625992937931457,1758590278128.858,1125426259383.4612
2025-12-15,1.0247140945876252,1.5334507834438562,1723816451955.622,1124142013925.115
2025-12-16,1.0720430988619376,1.5583000660090016,1751801294180.2544,1124174562006.4263
2025-12-17,1.015041338485586,1.529104503632707,1718043516230.173,1123561870459.8687
2025-12-18,0.9938858704382749,1.5183951212093736,1705597646267.562,1123289730349.69
2025-12-19,1.0865660141652214,1.5669393446155329,1760216458448.1536,1123346902033.431
2025-12-20,1.0913347383436862,1.5699331395911071,1762740177172.656,1122812260420.0623
2025-12-21,1.0988827275300195,1.5740329131051052,1767589418993.3655,1122968525166.6245
2025-12-22,1.0965115893514497,1.5730377244463174,1766450526025.6116,1122954967051.011
2025-12-23,1.0586054204621684,1.5534926720508595,1744358815963.042,1122862596873.5396
2025-12-24,1.0676703940987968,1.5586263806194096,1749587093886.608,1122518594347.9983
2025-12-25,1.0538305497543288,1.5515779428765888,1741750562100.1096,1122567235565.972
2025-12-26,1.058653661020621,1.5547999122682277,1743859786142.6816,1121597558877.2983
2025-12-27,1.070390899877201,1.561130488616242,1751097507772.871,1121685548095.9907
2025-12-28,1.0721429867888923,1.5623713813655935,1752183001305.312,1121489437276.951
2025-12-29,1.0514123007253144,1.55184373281198,1739961546064.017,1121222136787.6794
2025-12-30,1.0952766693647367,1.575194732866138,1765853811641.8127,1121038418169.8994
2025-12-31,1.0651566460830646,1.5599368640000817,1747687897836.068,1120358097926.184
2026-01-01,1.1040967187581747,1.5805666838787138,1771039175878.2832,1120508988290.2944
2026-01-02,1.1460628321358999,1.6028335346054856,1796161433804.1494,1120616330407.7917
2026-01-03,1.1677362291191784,1.6144428345714437,1809344989019.2932,1120724097672.7346
2026-01-04,1.1927998650293143,1.6278233718322608,1824597050829.0288,1120881468101.3467
2026-01-05,1.2787230644449121,1.6729656061920013,1876338549946.975,1121564330433.4812
2026-01-06,1.264790903570408,1.6656981847227377,1868901153485.2168,1121992669876.3276
2026-01-07,1.1841569750023433,1.6234736025512655,1821701767682.828,1122101255493.1904
2026-01-08,1.180126540258405,1.6216948371778772,1819501586202.215,1121975321428.8867
2026-01-09,1.1615647218593899,1.6124074298017157,1808410412088.4424,1121559215533.2788
2026-01-10,1.1565696864595942,1.6100132123879032,1805790474483.829,1121599786007.6921
2026-01-11,1.1669464376680891,1.61585640170226,1812038313400.7888,1121410486409.471
2026-01-12,1.1808852443667432,1.6235117369511671,1820546852328.6196,1121363529990.5312
2026-01-13,1.318445359543035,1.6956457102183624,1903750053001.0747,1122728669986.0862
2026-01-14,1.3749357716780173,1.725258285011508,1938534838165.8552,1123620071850.8213
2026-01-15,1.3233943579311809,1.698251329285832,1908655476071.2117,1123894586835.8962
2026-01-16,1.3202942333187422,1.6967501163466352,1907555425812.8315,1124240633570.7776
2026-01-17,1.3063633622272393,1.6895599397740113,1899965633236.0608,1124532837521.1077
2026-01-18,1.277153466550546,1.6743922801666509,1883113182009.9023,1124654720590.6118
2026-01-19,1.2183948204494444,1.6436868798008475,1848493706242.704,1124602093597.4565
2026-01-20,1.0754922056355818,1.5689223614895769,1762830971003.2908,1123593502313.022
2026-01-21,1.1211173565879584,1.5933664347912715,1790095954678.73,1123467844929.9893
2026-01-22,1.1142202739616411,1.5900557424434003,1786072008022.8867,1123276348336.2368
2026-01-23,1.1228221230902962,1.597227656500748,1786991652933.4917,1118808358758.6282
2026-01-24,1.113871618764136,1.5927055312322624,1781929439365.0884,1118806586919.0679
2026-01-25,1.0220481529344518,1.5441681672754624,1727225660175.7205,1118547640587.1296
2026-01-26,1.0851376137734747,1.5779781705662028,1765058635213.3357,1118557067605.0642
2026-01-27,1.115422102731021,1.594258404220792,1783533524074.6565,1118722987034.4478
2026-01-28,1.1124469222655011,1.5929682871962685,1781913902166.2068,1118612289076.0715
2026-01-29,0.9573995808330359,1.5108463744510503,1688885620362.0884,1117840734122.1086
2026-01-30,0.9414265753717034,1.502794123367734,1678861815455.3127,1117160221316.9521
2026-01-31,0.7652102079513606,1.409206961565977,1572696333598.1348,1116015160647.8586
2026-02-01,0.706168106984554,1.3779375282101733,1536929030863.132,1115383679882.4077
2026-02-02,0.7677308696092563,1.411272421681785,1573038715100.2737,1114624427525.9875
2026-02-03,0.6700723437633994,1.3597906397012431,1512483032783.9028,1112291104692.5632
2026-02-04,0.5870941756082302,1.315930750700471,1460765456261.426,1110062558750.8
2026-02-05,0.276719269061195,1.1497951473288677,1268930112062.0479,1103614078568.645
2026-02-06,0.5161627399784205,1.2794885803917828,1411913758763.4766,1103498523082.6716
2026-02-07,0.468949516455014,1.2542864998384384,1382342675702.2588,1102094837088.9067
2026-02-08,0.5140491627274609,1.278752679408799,1409487469971.3481,1102236181137.85
2026-02-09,0.5063836365539407,1.274890122985872,1403957309313.7195,1101237890231.3276
2026-02-10,0.45645332623309,1.2481033012418763,1372902520801.7815,1099991098041.1064
2026-02-11,0.4011338147133693,1.2182387788490885,1338975460058.4707,1099107566846.1697
2026-02-12,0.37753410080206445,1.205655751536307,1323658033255.9888,1097873942515.778
2026-02-13,0.46667318208937053,1.2543817127922632,1376445661511.0212,1097310051218.0162
2026-02-14,0.4978898634357448,1.271428434942344,1395216132521.9568,1097361120907.4668
2026-02-15,0.45910094976286847,1.2503520156434709,1371908475474.9832,1097217790118.8534
2026-02-16,0.46370078791335595,1.2529918805039757,1374294450427.176,1096810339963.584
2026-02-17,0.4219556565940442,1.230359595565078,1348813644678.0337,1096275958297.0151
2026-02-18,0.38698866093325385,1.21146371466258,1327048320483.3745,1095409053050.3322
2026-02-19,0.40583943449744286,1.221844787848528,1338109780371.2932,1095155287872.1112
2026-02-20,0.44219618935938254,1.2419474106076231,1359029636304.5437,1094273094574.6229
2026-02-21,0.443638570322446,1.2427727388908913,1359921772015.4436,1094264244345.3512
2026-02-22,0.42804433821098414,1.234286313377275,1350546919039.245,1094192574609.254
2026-02-23,0.3343237034436531,1.1831842972470235,1293393807330.4714,1093146528685.2422
2026-02-24,0.3177355425717895,1.1743319937937022,1282107185703.1086,1091775743553.777
2026-02-25,0.44849382594888737,1.2461229941727416,1360413320036.062,1091716729727.1437
2026-02-26,0.43140772506540115,1.2368113915864163,1350060432211.2349,1091565327903.0344
2026-02-27,0.3773949091478884,1.2073254705520615,1316994842741.9297,1090836625967.744
2026-02-28,0.41417061657070037,1.2275612619982268,1339049943507.6392,1090821277080.6492
2026-03-01,0.37343986184989364,1.2052481747995247,1314443104307.3923,1090599539406.9197
2026-03-02,0.47982499372229903,1.263760682233652,1378243428525.1035,1090588944489.9546
2026-03-03,0.46358022096435647,1.2548907532524818,1368444569419.4512,1090489005415.5356
2026-03-04,0.6046109658020556,1.3324599332646212,1453188795466.4492,1090605998115.1056
2026-03-05,0.5491320066933206,1.3020998734899651,1419628612459.7888,1090260924958.7101
2026-03-06,0.4589553671286074,1.252787494903745,1364449969372.4175,1089131217323.6945
2026-03-07,0.42889083758175806,1.236301300128931,1346255811100.9575,1088938279819.458
2026-03-08,0.3919607017570019,1.2160004257646573,1324027346015.6562,1088837896732.6992
2026-03-09,0.4695811428050538,1.258828872642114,1370572775964.7288,1088768144543.8086
2026-03-10,0.5149746979864387,1.2838921987216931,1397868664486.2625,1088774171132.1636
2026-03-11,0.5302323901342461,1.2926305604960422,1406034417657.6719,1087731066112.2783
2026-03-12,0.5385804803634296,1.297352966463531,1410853709874.8342,1087486402193.7655
2026-03-13,0.5515273828060336,1.30454126489792,1418719155332.7737,1087523402675.7966
2026-03-14,0.5586275689797047,1.3085611269402389,1422872048261.8135,1087356195265.3016
2026-03-15,0.6106525621408868,1.3372863065162932,1454422288833.392,1087592299230.4055
2026-03-16,0.6766957867080373,1.3736647820354706,1494692667729.386,1088105837229.5012
2026-03-17,0.6554762601698958,1.3620392217241302,1481961368873.2727,1088046030713.6675
2026-03-18,0.5623069954199521,1.3108271207032423,1425341989865.8489,1087360771953.7958
2026-03-19,0.5195135740097913,1.2873233530441244,1399265405056.8447,1086957213778.5055
2026-03-20,0.5384801998876569,1.2979134579553593,1410527534715.3772,1086765474284.7201
2026-03-21,0.5118308964354338,1.2832286394689276,1394491267456.11,1086705225058.9023
2026-03-22,0.4549071666534724,1.2516621596693465,1360734697384.814,1087142154832.1644
2026-03-23,0.5447921040634981,1.3014094083299217,1414946007675.064,1087241262141.2058
2026-03-24,0.5422499406653994,1.3002777489726736,1412649050098.1938,1086420998293.8667
2026-03-25,0.5648761112851753,1.31291879231233,1426112970560.1992,1086215673742.098
2026-03-26,0.48062669923499796,1.2664072256679189,1374964415213.678,1085720601829.7192
2026-03-27,0.3989782961328689,1.221391534843414,1324801425739.3977,1084665635830.8896
2026-03-28,0.4040296229325241,1.2242821302425808,1327576595348.7966,1084371455365.2343
2026-03-29,0.3914489102025567,1.2173465160210977,1319916662240.1953,1084257148535.1177
2026-03-30,0.41531249294550737,1.2307677885365405,1333640616117.639,1083584270354.8657
2026-03-31,0.46696561528676345,1.2594615926249517,1364956778916.2126,1083762130507.997
2026-04-01,0.4638698560802628,1.2578004357870882,1363029290305.2297,1083661009746.9818
2026-04-02,0.42465211109623413,1.2361570581529682,1338877338009.6384,1083096463494.8185
2026-04-03,0.4244133335156093,1.2360952901456137,1338573239437.8928,1082904570634.0383
2026-04-04,0.4378213762333235,1.2435879583030514,1346670701697.7043,1082891397191.8121
2026-04-05,0.491140983202222,1.2731860065048008,1379257017077.334,1083311480043.4568
2026-04-06,0.48544198178951226,1.270093812424762,1375704527882.7625,1083151901398.8241
2026-04-07,0.594564540293922,1.330703341528385,1442060623269.7576,1083683025559.6056
2026-04-08,0.5624442439106233,1.3129220338742065,1422639794430.0034,1083567613098.882
2026-04-09,0.5855958861740453,1.325828946125455,1436753818394.9255,1083664542544.2192
2026-04-10,0.6234204871872926,1.3468426562660187,1459925921077.7124,1083961748824.6216
2026-04-11,0.6286732140632985,1.3497406830177825,1463437238442.9136,1084235851268.0566
2026-04-12,0.5480538145010398,1.3049673347970956,1414761571255.0276,1084135620509.6149
2026-04-13,0.6778613960555682,1.3770482398402828,1493802476369.446,1084785872528.8411
2026-04-14,0.6627503568644447,1.3687529040183417,1484648684480.5735,1084672536673.3386
2026-04-15,0.6821629634702348,1.3796263886883915,1496456364036.2837,1084682328712.8933
2026-04-16,0.6928994009493687,1.3856258612153995,1503173059357.58,1084833288286.8353
2026-04-17,0.758978459580293,1.4223235153878984,1543615604845.24,1085277426791.5149
2026-04-18,0.7151039016329143,1.3980047368399022,1517180750333.2896,1085247217232.4515
2026-04-19,0.6528123995214645,1.3634656752952106,1479446701514.392,1085063400069.877
2026-04-20,0.7159910752044343,1.3987305546501194,1517691004761.6135,1085048867858.078
2026-04-21,0.7254376465941579,1.4040391749892125,1523594519498.5874,1085151003361.6359
2026-04-22,0.798931770981198,1.4451816880881303,1567874544724.6377,1084897876611.5015
2026-04-23,0.7958356171797195,1.4435180102987248,1566221325283.5027,1085002967825.3792
2026-04-24,0.7724922459582875,1.4313054086958685,1550453479308.5884,1083244337573.8246
2026-04-25,0.7782219682922479,1.4345741475645932,1554099937821.2412,1083317959172.4562
2026-04-26,0.808019101675959,1.4512399107371685,1572436652794.8867,1083512547554.0122
2026-04-27,0.7653726899496114,1.4274966444382788,1546793319768.878,1083570546939.9142
2026-04-28,0.7336429816246072,1.4098968122284417,1527590404144.0068,1083476741627.3125
2026-04-29,0.7177809596652197,1.4012950588480768,1517599040135.2427,1082997496175.2684
2026-04-30,0.7346883507373227,1.4109087161770764,1527735856798.6956,1082802763412.0568
2026-05-01,0.7942690095318052,1.4441109410626063,1564476874719.7117,1083349506076.4083
2026-05-02,0.8130762983288926,1.4546787719928145,1576121764068.9802,1083484405227.002
2026-05-03,0.8104460826613548,1.4532128991393036,1574890307386.7893,1083729925821.2969
2026-05-04,0.8472653168159807,1.4734139625232838,1598494701633.0889,1084891783498.2363
2026-05-05,0.8829643694424073,1.49326488273632,1620773025572.6155,1085388831084.4385
2026-05-06,0.8963616878094447,1.5007289347155643,1629376956264.482,1085723689717.0244
2026-05-07,0.8508090059616452,1.4754077327071486,1601864780211.2744,1085709898830.5398
2026-05-08,0.8567633364162532,1.4788069377076725,1605720454154.296,1085821558724.4637
2026-05-09,0.8723203090897854,1.4875564619691928,1615455141384.5083,1085979041928.9404
2026-05-10,0.9242266777221835,1.5165762999799848,1647399835510.1553,1086262415898.1628
2026-05-11,0.9057652900701163,1.5062797314103844,1636586267659.3313,1086508855912.7966
2026-05-12,0.8663252830260034,1.4843434176790684,1612803060535.8352,1086543074417.1233
2026-05-13,0.8255851005166901,1.4616979219598496,1588129352111.7424,1086496278233.996
2026-05-14,0.8873117035986605,1.496291810555883,1625900414724.604,1086619871374.268
2026-05-15,0.8178799157139861,1.4576482075977495,1583625954865.0425,1086425343653.3279
2026-05-16,0.7881569546022873,1.4411207320741923,1565657646957.8728,1086416711738.2563
2026-05-17,0.7661037888792761,1.4288785719516937,1552335390540.52,1086401196723.2441
2026-05-18,0.7491658748368504,1.419569255459985,1541917315110.889,1086186749382.128
2026-05-19,0.7442007100571439,1.4170368263075273,1538577143495.5376,1085770754105.7465
2026-05-20,0.7639884901097904,1.4282474320399443,1550647126229.1887,1085699222308.0162
2026-05-21,0.7701683868343243,1.4318398636638516,1554428208011.9185,1085615959898.1849
2026-05-22,0.7043035583652186,1.3951977957217805,1513842315397.03,1085037777467.1519
2026-05-23,0.7387148744909257,1.4145646606056597,1534962749402.782,1085113174498.2041
2026-05-24,0.7494817680859831,1.4206921481906591,1541627798460.404,1085124458823.6544
2026-05-25,0.7588294299934105,1.425980680386381,1547549230891.9795,1085252592954.2457
2026-05-26,0.7123188707900117,1.4000760710265765,1518962391243.4812,1084914186219.7058
2026-05-27,0.6620740787616368,1.3720698989749525,1487995661586.5725,1084489691595.3232
2026-05-28,0.6385891417677557,1.359302863594602,1472640865932.4536,1083379506784.9231
2026-05-29,0.6339798775226367,1.3570300412340588,1469113880052.4087,1082594957674.2036
2026-05-30,0.6475801312576442,1.3648020345772152,1477333118477.007,1082452312532.3824
2026-05-31,0.6431976772925947,1.3623994613070085,1474722993333.1416,1082445373193.5392
2026-06-01,0.5698739987179414,1.321374781897173,1429252208777.4937,1081640294909.6962
2026-06-02,0.41734152332008934,1.23601499491039,1333334574845.5205,1078736569002.6973
2026-06-03,0.3451870907039009,1.1956320534404263,1287106568324.686,1076507245369.545
2026-06-04,0.3276216695225806,1.1858932878748485,1275245535217.7324,1075345942384.9219
2026-06-05,0.24070019298245107,1.1367970410942183,1220532716918.295,1073659301350.2897
2026-06-06,0.23682402200237868,1.1346458274405713,1217830685900.8335,1073313501401.4927
2026-06-07,0.31483762306058094,1.178976675309288,1265680824489.3381,1073541869823.0857
2026-06-08,0.3138850185196865,1.1785132598364798,1264731188110.3975,1073158216553.1854
2026-06-09,0.26666772409748873,1.1517566167396358,1235312840780.629,1072546771450.3104
2026-06-10,0.26131426254738743,1.148835844703938,1231221031281.3015,1071711887261.4866
2026-06-11,0.3291020001426748,1.1875449707608752,1272136317475.4224,1071232120717.3724
2026-06-12,0.32943929218843304,1.1877855212466688,1272171858771.6943,1071045096960.313
2026-06-13,0.3604714332682415,1.205481911068106,1291194670976.3716,1071102485339.0961
2026-06-14,0.3993459944491971,1.2276315476665296,1315110636985.601,1071258423983.4426
2026-06-15,0.41975544511861096,1.2393546167038156,1327312830793.6953,1070970981916.2275
2026-06-16,0.40099454192823597,1.2287326760856152,1315631970870.5012,1070722701915.7021
2026-06-17,0.36085256147996214,1.2059072762898515,1290856056678.525,1070443874134.3618
2026-06-18,0.3104047785817035,1.1772253837760067,1259509328523.998,1069896509098.4207
2026-06-19,0.3263264048027118,1.186374409712872,1269001391949.4155,1069646632260.5029
2026-06-20,0.35622911435144444,1.2034610271445665,1287338856151.9697,1069697171005.5447
2026-06-21,0.327208884076572,1.186796520860484,1270224412296.2715,1070296710488.5834
2026-06-22,0.3457500093224464,1.197421605598321,1281444016484.4536,1070169446161.0695
2026-06-23,0.3031320297595656,1.1731976651833003,1254811480199.2996,1069565272279.3716
2026-06-24,0.24893419616448137,1.1423253250449799,1221058486497.9429,1068923589214.7124
2026-06-25,0.2167551454422298,1.12407957629493,1200145302830.9937,1067669343114.2866
2026-06-26,0.2217104909778382,1.1270469384410169,1202140865082.822,1066628925629.0234
2026-06-27,0.22162726684059203,1.127011418515148,1202053146049.6602,1066584709171.2527
2026-06-28,0.2074908121943433,1.1189318202539256,1193277756338.61,1066443669523.8615
2026-06-29,0.23057961203741426,1.1322838457186375,1206509590693.4893,1065554008613.222
2026-06-30,0.1788977667803011,1.1027805682008869,1173446848343.18,1064080091887.7092
2026-07-01,0.2298805742159547,1.1321108720363224,1204361709793.5176,1063819577694.9283
2026-07-02,0.2751911933426847,1.1581855624958048,1231908341575.8325,1063653685097.8875
2026-07-03,0.3119375858039223,1.1792987088316838,1254524011767.2737,1063788166960.7819
2026-07-04,0.329085837376267,1.1891572189350943,1265097436323.0315,1063860535998.7157
2026-07-05,0.3463218212934445,1.1990647636450065,1275739924003.0469,1063945803998.9078
2026-07-06,0.36079737685436397,1.2073954618124445,1284650033900.0369,1063984481084.287
2026-07-07,0.3413712052340051,1.196288648174336,1272546981565.5403,1063745763622.8369
2026-07-08,0.3010651780836979,1.1731707452338487,1247624924474.5913,1063464060575.3441
2026-07-09,0.33316221964529197,1.1916595724436172,1267208913265.61,1063398425665.3698
2026-07-10,0.36440008305960925,1.2097400850398004,1285869945086.505,1062930757596.7443
2026-07-11,0.35700245451102935,1.2054984500945254,1281367147363.528,1062935541114.1787
2026-07-12,0.3523603320006741,1.2028364345302107,1278579373662.1953,1062970273395.1249
2026-07-13,0.30224993943208783,1.174318418220534,1246003008738.0476,1061043571662.734
2026-07-14,0.39457932804125584,1.2276267731645216,1302349402108.099,1060867545883.6409
2026-07-15,0.38920506732343113,1.2245682153726964,1298980442301.2866,1060766093709.1552
2026-07-16,0.35758984664269616,1.2064208959075768,1279250334168.872,1060368183698.0339
2026-07-17,0.3622135604727636,1.2091270996686685,1281998993789.7827,1060268183668.2703
2026-07-18,0.3903788331274013,1.225397192666522,1299317093110.1172,1060323216738.1925
2026-07-19,0.3862052502909,1.2229930312358035,1296850949302.7231,1060391119311.8477
2026-07-20,0.40315225553576756,1.2327473883123754,1307489179295.059,1060630257010.7285
2026-07-21,0.44248080514074917,1.2553791423473124,1332013403971.4944,1061044714731.2731
2026-07-22,0.42891830572005696,1.2476042702123693,1323613920578.0469,1060924487179.5277
2026-07-23,0.40000261372399837,1.230958318826041,1305812050750.5315,1060809314807.5706
2026-07-24,0.36800986119966084,1.2125716215451372,1285897036312.139,1060470996899.6023
2026-07-25,0.3748047902609616,1.2164163415587756,1290563096381.0725,1060955079514.3722
2026-07-26,0.40735396555439735,1.2352156606776297,1310603172319.879,1061031861918.6647
2026-07-27,0.3552242078475169,1.2052013444237608,1278320455504.5225,1060669622896.6803
2026-07-28,0.35567429375668486,1.205490199335648,1278550511268.8916,1060606309344.9517
2026-07-29,0.3614663288500732,1.2088544364298526,1282113962604.0825,1060602438115.3694
2026-07-30,0.3916097110033105,1.2262799635545538,1300661544884.788,1060656280409.7592
2026-07-31,0.3285827894967005,1.189970381191086,1261520784545.8691,1060127885942.1405
2026-08-01,0.32611981500125453,1.1887286460199475,1259079071351.0227,1059181231618.0144
2026-08-02,0.3488452423518902,1.201895276659115,1273028382171.4187,1059184112704.0875
2026-08-03,0.35020674424866627,1.2028012046866425,1273346363617.1675,1058650721877.9379
2026-08-04,0.37330989998931213,1.2162144313735614,1287448909177.3933,1058570656593.3291
2026-08-05,0.3885148547827345,1.2251059832401532,1296483828380.648,1058262587985.8289
2026-08-06,0.3754922011426875,1.2175780136267051,1288522357554.1013,1058266774804.9094
2026-08-07,0.39720123576380556,1.2302038699452365,1301736162817.6545,1058146697974.2166
2026-08-08,0.39825576740136726,1.2308097221233911,1302523472123.2698,1058265504984.9283
2026-08-09,0.3969956220033561,1.2301135746614489,1301709029077.309,1058202312282.8838
2026-08-10,0.3660174825062382,1.2122143561693552,1282528117378.0562,1058004395716.6908
2026-08-11,0.35462008814548635,1.2056671434624349,1275322853481.5354,1057773582366.2435
2026-08-12,0.3491068111902817,1.2025578842369824,1271577034025.6008,1057393619628.057
2026-08-13,0.3505408965859939,1.2034349432766869,1272320647119.4993,1057240903820.9011
2026-08-14,0.33542303260811906,1.1947029600977743,1262911020666.6528,1057092066268.3353
2026-08-15,0.33902979667363686,1.1968106310165283,1265141916548.0747,1057094484090.1925
2026-08-16,0.3324143463779721,1.1930314938000863,1260837825457.5718,1056835324138.4319
2026-08-17,0.3851677741308021,1.2236699946656513,1293299170683.4204,1056901923166.6249
2026-08-18,0.3941149536484752,1.2289337251062162,1298588902729.292,1056679360489.5621
2026-08-19,0.5429826338310566,1.3153366802811952,1390378100868.326,1057051112245.3364
2026-08-20,0.6653995988417915,1.3860716250273328,1466744889247.8845,1058202810564.6855
2026-08-21,0.8350362342976791,1.4837222213757244,1572928699609.4885,1060123436144.9752
2026-08-22,0.7904428332365346,1.457789242610116,1546085345087.5605,1060568496389.3365
2026-08-23,0.8085911589697838,1.46827076853139,1557618536265.2544,1060852377946.0874
